result_id,algorithm_id,realization_id,support_fingerprint,metric,value
053b86b3-84f8-4a3a-b471-46a8a88856c6,linear_interpolation,test_r002,c20ecea7d5d435f8addbc5bb3795c002671eef03e467fabff9fc33b059b0ddba,rmse,5.479757321275347
183a4efd-d24a-4ad0-9062-adf68bb86e04,cubic_spline,test_r000,c20ecea7d5d435f8addbc5bb3795c002671eef03e467fabff9fc33b059b0ddba,rmse,5.418991345662302
1c9456c0-91e9-4afa-83c6-211e37c861a4,linear_interpolation,test_r004,c20ecea7d5d435f8addbc5bb3795c002671eef03e467fabff9fc33b059b0ddba,rmse,5.505549379446353
1e59b2e0-03b5-439b-aec1-9c5d9f46dfd2,galpi,test_r002,c20ecea7d5d435f8addbc5bb3795c002671eef03e467fabff9fc33b059b0ddba,rmse,5.567448313629283
201811be-a5d2-478c-88bf-30a53aea1fc7,linear_interpolation,test_r003,c20ecea7d5d435f8addbc5bb3795c002671eef03e467fabff9fc33b059b0ddba,rmse,4.9899821695309505
479931a4-4809-498b-8927-f67f3057067b,linear_interpolation,test_r000,c20ecea7d5d435f8addbc5bb3795c002671eef03e467fabff9fc33b059b0ddba,rmse,5.426245989785275
5b4a6d68-40b6-44ce-9d5d-623310da21e6,galpi,test_r001,c20ecea7d5d435f8addbc5bb3795c002671eef03e467fabff9fc33b059b0ddba,rmse,5.684939160195898
6c5fee21-20eb-45ae-9fe5-bf867a0b9d66,cubic_spline,test_r003,c20ecea7d5d435f8addbc5bb3795c002671eef03e467fabff9fc33b059b0ddba,rmse,5.015738197660587
8445f54e-0de9-4abd-aa78-70503971f420,cubic_spline,test_r004,c20ecea7d5d435f8addbc5bb3795c002671eef03e467fabff9fc33b059b0ddba,rmse,5.505324864358653
8b5e5d6e-3955-43fb-b1ae-bd95a688ac54,nearest_interpolation,test_r004,c20ecea7d5d435f8addbc5bb3795c002671eef03e467fabff9fc33b059b0ddba,rmse,8.634752554331081
8da462eb-2438-4a81-ad68-33354f3365eb,linear_interpolation,test_r001,c20ecea7d5d435f8addbc5bb3795c002671eef03e467fabff9fc33b059b0ddba,rmse,5.592763952605308
a0b8fc28-4737-4ed4-ad7f-4e12046856c5,galpi,test_r004,c20ecea7d5d435f8addbc5bb3795c002671eef03e467fabff9fc33b059b0ddba,rmse,5.572211217669336
b3f32ab1-5865-4856-8fb0-d003b8b92aaa,galpi,test_r000,c20ecea7d5d435f8addbc5bb3795c002671eef03e467fabff9fc33b059b0ddba,rmse,5.524673953646131
b59ce845-c597-489f-9c31-564e93a4ccdc,galpi,test_r003,c20ecea7d5d435f8addbc5bb3795c002671eef03e467fabff9fc33b059b0ddba,rmse,5.0743073624138075
c052a790-e71d-469a-a186-44e5c6b25911,nearest_interpolation,test_r001,c20ecea7d5d435f8addbc5bb3795c002671eef03e467fabff9fc33b059b0ddba,rmse,8.759284721573687
c40ab25d-7c1b-48c8-8acb-1a4fc8220b95,cubic_spline,test_r001,c20ecea7d5d435f8addbc5bb3795c002671eef03e467fabff9fc33b059b0ddba,rmse,5.595928551578186
c6f9a7de-534c-424e-8db2-053968348360,nearest_interpolation,test_r002,c20ecea7d5d435f8addbc5bb3795c002671eef03e467fabff9fc33b059b0ddba,rmse,8.57916557929411
cdd836cb-13a1-4c86-8604-6ae150b9776f,nearest_interpolation,test_r000,c20ecea7d5d435f8addbc5bb3795c002671eef03e467fabff9fc33b059b0ddba,rmse,8.50152002722115
d12808c7-b996-4318-b3d9-d0ef53ada6e5,cubic_spline,test_r002,c20ecea7d5d435f8addbc5bb3795c002671eef03e467fabff9fc33b059b0ddba,rmse,5.455149780411323
f76e84d9-4ab4-47af-ada1-da2d3bb67f35,nearest_interpolation,test_r003,c20ecea7d5d435f8addbc5bb3795c002671eef03e467fabff9fc33b059b0ddba,rmse,8.146069569848594
0d8ed865-d3d5-438e-a2be-2ba2d8381334,galpi,test_r000,c20ecea7d5d435f8addbc5bb3795c002671eef03e467fabff9fc33b059b0ddba,rmse,8.756906628994324
20f9426c-228d-4922-9437-605fe8fdd05a,linear_interpolation,test_r004,c20ecea7d5d435f8addbc5bb3795c002671eef03e467fabff9fc33b059b0ddba,rmse,7.349397107699493
21198986-26ae-4d68-9a63-6fb0328eb48c,galpi,test_r004,c20ecea7d5d435f8addbc5bb3795c002671eef03e467fabff9fc33b059b0ddba,rmse,9.049911589982878
2a53a964-52dd-47aa-a8eb-662304317574,cubic_spline,test_r003,c20ecea7d5d435f8addbc5bb3795c002671eef03e467fabff9fc33b059b0ddba,rmse,6.873928688091774
2be843ab-1436-494a-a800-c694730949b8,nearest_interpolation,test_r000,c20ecea7d5d435f8addbc5bb3795c002671eef03e467fabff9fc33b059b0ddba,rmse,9.779701764965441
30a4fe5a-2f68-430e-b1fb-0867e12e907f,linear_interpolation,test_r000,c20ecea7d5d435f8addbc5bb3795c002671eef03e467fabff9fc33b059b0ddba,rmse,7.071215131570706
37d7d919-e820-4793-957f-717ae55fec79,cubic_spline,test_r000,c20ecea7d5d435f8addbc5bb3795c002671eef03e467fabff9fc33b059b0ddba,rmse,7.328277086495759
56f59117-d08d-422c-929d-f21714e45812,galpi,test_r001,c20ecea7d5d435f8addbc5bb3795c002671eef03e467fabff9fc33b059b0ddba,rmse,9.054995009896352
6932f7d1-9458-41a4-94e1-467a5eb592b8,nearest_interpolation,test_r003,c20ecea7d5d435f8addbc5bb3795c002671eef03e467fabff9fc33b059b0ddba,rmse,9.377699524952007
7041b0bb-f2db-494f-b39d-b20f7471e4f4,cubic_spline,test_r004,c20ecea7d5d435f8addbc5bb3795c002671eef03e467fabff9fc33b059b0ddba,rmse,7.724371824940569
80d57c3f-d9b0-4eca-a275-7c6d0f10d47c,linear_interpolation,test_r001,c20ecea7d5d435f8addbc5bb3795c002671eef03e467fabff9fc33b059b0ddba,rmse,7.358596415640425
84bbcbc6-e1d6-4939-837b-e36671cd0cb0,nearest_interpolation,test_r001,c20ecea7d5d435f8addbc5bb3795c002671eef03e467fabff9fc33b059b0ddba,rmse,10.065604381831974
8b7550e4-ce1e-4f8e-b625-cb94b467e619,cubic_spline,test_r002,c20ecea7d5d435f8addbc5bb3795c002671eef03e467fabff9fc33b059b0ddba,rmse,7.547068564156662
8e9c657a-4ce3-4326-8db6-a5ff4813c640,linear_interpolation,test_r003,c20ecea7d5d435f8addbc5bb3795c002671eef03e467fabff9fc33b059b0ddba,rmse,6.614649722071506
9cdcbd14-b29e-429d-8f84-5a21cbc7f42a,nearest_interpolation,test_r002,c20ecea7d5d435f8addbc5bb3795c002671eef03e467fabff9fc33b059b0ddba,rmse,10.005361686228017
cd269b7a-3b9f-47b0-bb6f-fc7168538107,galpi,test_r003,c20ecea7d5d435f8addbc5bb3795c002671eef03e467fabff9fc33b059b0ddba,rmse,8.31700780426697
e055f9f5-c517-4f9f-82af-f9f8740646b5,nearest_interpolation,test_r004,c20ecea7d5d435f8addbc5bb3795c002671eef03e467fabff9fc33b059b0ddba,rmse,10.047796686687763
eec4f7dd-9f1c-4242-add3-fadfc9da3dd3,galpi,test_r002,c20ecea7d5d435f8addbc5bb3795c002671eef03e467fabff9fc33b059b0ddba,rmse,9.118838794779588
f20d2739-1d8c-4035-8fa3-43845eb49197,linear_interpolation,test_r002,c20ecea7d5d435f8addbc5bb3795c002671eef03e467fabff9fc33b059b0ddba,rmse,7.321000814554135
ff882842-bdfd-4db6-a4a3-9ddefc0dce3b,cubic_spline,test_r001,c20ecea7d5d435f8addbc5bb3795c002671eef03e467fabff9fc33b059b0ddba,rmse,7.70798434911234
14412a67-1a61-4a1b-972c-ebf358f97a81,linear_interpolation,test_r002,c20ecea7d5d435f8addbc5bb3795c002671eef03e467fabff9fc33b059b0ddba,rmse,13.610425148158644
1645d8a0-5d19-4336-8dc0-17b8508521de,cubic_spline,test_r004,c20ecea7d5d435f8addbc5bb3795c002671eef03e467fabff9fc33b059b0ddba,rmse,20.234414055884123
1ae0982d-9003-4c1d-958a-5a0efa18512c,cubic_spline,test_r001,c20ecea7d5d435f8addbc5bb3795c002671eef03e467fabff9fc33b059b0ddba,rmse,19.14342246404325
1d70e95d-5329-444b-9d47-1f17eb9047b7,linear_interpolation,test_r000,c20ecea7d5d435f8addbc5bb3795c002671eef03e467fabff9fc33b059b0ddba,rmse,13.201443375022274
2585abe6-d296-443c-94fa-2001ae4a6a92,nearest_interpolation,test_r004,c20ecea7d5d435f8addbc5bb3795c002671eef03e467fabff9fc33b059b0ddba,rmse,15.774431342794315
48f00cbb-a9b0-4521-978d-5aa702bc767e,galpi,test_r000,c20ecea7d5d435f8addbc5bb3795c002671eef03e467fabff9fc33b059b0ddba,rmse,16.57515541354786
57a279a3-a53d-42a3-be7d-4d28bed207bc,galpi,test_r002,c20ecea7d5d435f8addbc5bb3795c002671eef03e467fabff9fc33b059b0ddba,rmse,16.638593648466465
5ce14ad7-cac7-43dc-9ae1-d82bfbd99cf1,nearest_interpolation,test_r002,c20ecea7d5d435f8addbc5bb3795c002671eef03e467fabff9fc33b059b0ddba,rmse,15.744906255203963
66eb3ed7-3ebc-4ff7-9a83-7bef1eb47b06,nearest_interpolation,test_r003,c20ecea7d5d435f8addbc5bb3795c002671eef03e467fabff9fc33b059b0ddba,rmse,14.752976495094554
6d962858-afa7-416c-b259-d71d739dad5e,galpi,test_r004,c20ecea7d5d435f8addbc5bb3795c002671eef03e467fabff9fc33b059b0ddba,rmse,16.847676363734003
a30d1e42-171a-4f24-acab-c880baceafea,linear_interpolation,test_r001,c20ecea7d5d435f8addbc5bb3795c002671eef03e467fabff9fc33b059b0ddba,rmse,13.577178465369581
a7401793-bcc3-485f-9f9b-6d463c5fbf7d,nearest_interpolation,test_r001,c20ecea7d5d435f8addbc5bb3795c002671eef03e467fabff9fc33b059b0ddba,rmse,15.71285196961505
a966b12e-09f1-41e0-b9f7-4fe161463319,linear_interpolation,test_r003,c20ecea7d5d435f8addbc5bb3795c002671eef03e467fabff9fc33b059b0ddba,rmse,12.581578796463189
bdbccfc2-5c7f-4bac-bc14-41ca2a86522b,galpi,test_r001,c20ecea7d5d435f8addbc5bb3795c002671eef03e467fabff9fc33b059b0ddba,rmse,16.86144516025021
ca02ddd3-fd6c-4e7d-8b31-231d5f0fe234,galpi,test_r003,c20ecea7d5d435f8addbc5bb3795c002671eef03e467fabff9fc33b059b0ddba,rmse,16.61888757024233
d7d7d2e9-ca5f-484d-8124-4581102619ae,cubic_spline,test_r003,c20ecea7d5d435f8addbc5bb3795c002671eef03e467fabff9fc33b059b0ddba,rmse,15.167418864290406
ef9a3869-2001-451e-a5eb-0a97a63f770b,linear_interpolation,test_r004,c20ecea7d5d435f8addbc5bb3795c002671eef03e467fabff9fc33b059b0ddba,rmse,13.58204811994886
fa45c730-e884-40ec-8d4b-df1273b756c0,nearest_interpolation,test_r000,c20ecea7d5d435f8addbc5bb3795c002671eef03e467fabff9fc33b059b0ddba,rmse,15.405349489247762
fa6109bc-e616-4865-a599-dce60d09f0b3,cubic_spline,test_r000,c20ecea7d5d435f8addbc5bb3795c002671eef03e467fabff9fc33b059b0ddba,rmse,21.599955166032544
fd07004e-f17f-44c2-8482-5334218bd1b0,cubic_spline,test_r002,c20ecea7d5d435f8addbc5bb3795c002671eef03e467fabff9fc33b059b0ddba,rmse,21.56172110592971
1b21aa3f-e81d-44e0-b67b-c7b1373a0aff,nearest_interpolation,test_r004,c20ecea7d5d435f8addbc5bb3795c002671eef03e467fabff9fc33b059b0ddba,rmse,8.335421651797558
2750c84e-21ee-4a1c-9ebb-ef24e602966c,nearest_interpolation,test_r002,c20ecea7d5d435f8addbc5bb3795c002671eef03e467fabff9fc33b059b0ddba,rmse,8.230774353713592
36abeebc-c268-489e-ac84-c34ca75044de,galpi,test_r003,c20ecea7d5d435f8addbc5bb3795c002671eef03e467fabff9fc33b059b0ddba,rmse,5.1525280797536865
3c9e1e40-b76a-476c-b857-7dca45b0e64c,nearest_interpolation,test_r000,c20ecea7d5d435f8addbc5bb3795c002671eef03e467fabff9fc33b059b0ddba,rmse,8.272878947159146
3da3faa7-abfb-4f95-934e-82701ed1f34e,linear_interpolation,test_r000,c20ecea7d5d435f8addbc5bb3795c002671eef03e467fabff9fc33b059b0ddba,rmse,5.131866737467684
4a8646ea-cb45-4c4e-a28f-19545199e87e,galpi,test_r004,c20ecea7d5d435f8addbc5bb3795c002671eef03e467fabff9fc33b059b0ddba,rmse,5.138520299087991
4d80067b-81ce-45f4-b1b8-15ec2054b372,nearest_interpolation,test_r003,c20ecea7d5d435f8addbc5bb3795c002671eef03e467fabff9fc33b059b0ddba,rmse,8.30011265035341
4e96c0b7-d511-4c10-b46a-93d73c432d77,cubic_spline,test_r001,c20ecea7d5d435f8addbc5bb3795c002671eef03e467fabff9fc33b059b0ddba,rmse,5.140805447239156
513a71f9-8e48-4830-aa2c-1a3a879d33bd,cubic_spline,test_r000,c20ecea7d5d435f8addbc5bb3795c002671eef03e467fabff9fc33b059b0ddba,rmse,5.137450472085017
558970c2-0d4a-449d-b493-5dfd52471f24,linear_interpolation,test_r001,c20ecea7d5d435f8addbc5bb3795c002671eef03e467fabff9fc33b059b0ddba,rmse,5.120063731154612
55aef4ac-e4ef-4dd2-80b0-02065978ce54,linear_interpolation,test_r004,c20ecea7d5d435f8addbc5bb3795c002671eef03e467fabff9fc33b059b0ddba,rmse,5.0927927726401965
61c015d8-c543-4775-9ca4-cdaef953e73c,galpi,test_r001,c20ecea7d5d435f8addbc5bb3795c002671eef03e467fabff9fc33b059b0ddba,rmse,5.16474981948693
8473b9a9-265a-42b2-887b-408963b4e078,cubic_spline,test_r003,c20ecea7d5d435f8addbc5bb3795c002671eef03e467fabff9fc33b059b0ddba,rmse,5.112013453384293
8c5e6cf6-eae0-4826-a7cc-82f780771a3d,galpi,test_r002,c20ecea7d5d435f8addbc5bb3795c002671eef03e467fabff9fc33b059b0ddba,rmse,5.098514895375956
94070071-bee9-45ba-be14-8067d7149161,cubic_spline,test_r002,c20ecea7d5d435f8addbc5bb3795c002671eef03e467fabff9fc33b059b0ddba,rmse,5.062539840802675
a904fafa-8a4b-4276-8e2e-dc09b30d5410,linear_interpolation,test_r003,c20ecea7d5d435f8addbc5bb3795c002671eef03e467fabff9fc33b059b0ddba,rmse,5.132182031496855
c8ef0b6c-7192-4170-aef4-cdd768a152bb,nearest_interpolation,test_r001,c20ecea7d5d435f8addbc5bb3795c002671eef03e467fabff9fc33b059b0ddba,rmse,8.323246095329486
d66dc3eb-29f3-4544-8132-41bfdec0473a,cubic_spline,test_r004,c20ecea7d5d435f8addbc5bb3795c002671eef03e467fabff9fc33b059b0ddba,rmse,5.089150820842678
dc4c2818-4577-4b87-a0c4-479674872ce7,linear_interpolation,test_r002,c20ecea7d5d435f8addbc5bb3795c002671eef03e467fabff9fc33b059b0ddba,rmse,5.0633141350753785
e0946bc5-c668-4aa9-a589-86df77ad3f7f,galpi,test_r000,c20ecea7d5d435f8addbc5bb3795c002671eef03e467fabff9fc33b059b0ddba,rmse,5.156917724357648
02b366bc-4f74-45c4-965a-bee49c8022f9,cubic_spline,test_r004,c20ecea7d5d435f8addbc5bb3795c002671eef03e467fabff9fc33b059b0ddba,rmse,6.217030320178309
11330615-b10e-4af8-afb1-68ea3caf9421,linear_interpolation,test_r001,c20ecea7d5d435f8addbc5bb3795c002671eef03e467fabff9fc33b059b0ddba,rmse,6.107492074958325
303b2204-a123-42d5-97e0-0513c1377e01,galpi,test_r000,c20ecea7d5d435f8addbc5bb3795c002671eef03e467fabff9fc33b059b0ddba,rmse,6.751642132785487
3de97c72-c110-431e-b60c-bb8459bbe3f2,cubic_spline,test_r001,c20ecea7d5d435f8addbc5bb3795c002671eef03e467fabff9fc33b059b0ddba,rmse,6.275086353731454
4248a413-76ee-479e-a0bd-9fa7a2ff8156,galpi,test_r001,c20ecea7d5d435f8addbc5bb3795c002671eef03e467fabff9fc33b059b0ddba,rmse,6.753154259551143
512e8d19-094e-49c1-81cc-4c6cc12a2723,nearest_interpolation,test_r001,c20ecea7d5d435f8addbc5bb3795c002671eef03e467fabff9fc33b059b0ddba,rmse,8.92711857489886
5a17ddb1-05ab-4e07-ab29-abc6d14ccd8b,linear_interpolation,test_r000,c20ecea7d5d435f8addbc5bb3795c002671eef03e467fabff9fc33b059b0ddba,rmse,6.0705706836407485
5acb88a8-451e-4907-8d60-eeeee968771f,linear_interpolation,test_r004,c20ecea7d5d435f8addbc5bb3795c002671eef03e467fabff9fc33b059b0ddba,rmse,6.0626295701877915
71b191ef-b4bd-430c-a14f-d09bae34629b,cubic_spline,test_r000,c20ecea7d5d435f8addbc5bb3795c002671eef03e467fabff9fc33b059b0ddba,rmse,6.231144390089355
78661be9-4f3b-46ad-ae54-0bf00b53c83f,nearest_interpolation,test_r004,c20ecea7d5d435f8addbc5bb3795c002671eef03e467fabff9fc33b059b0ddba,rmse,8.895147800215122
8795f4b1-d279-47fe-baac-a9efdde53c42,cubic_spline,test_r003,c20ecea7d5d435f8addbc5bb3795c002671eef03e467fabff9fc33b059b0ddba,rmse,6.310484489852954
912ea1ae-88bd-46e5-933d-b460e9a50e2d,nearest_interpolation,test_r003,c20ecea7d5d435f8addbc5bb3795c002671eef03e467fabff9fc33b059b0ddba,rmse,8.901858287872708
9495eaf6-410e-40b5-8807-e22afe9e71e4,galpi,test_r003,c20ecea7d5d435f8addbc5bb3795c002671eef03e467fabff9fc33b059b0ddba,rmse,6.766385664667906
b02f796a-52f1-41aa-9d84-7a1a637cb1f6,linear_interpolation,test_r002,c20ecea7d5d435f8addbc5bb3795c002671eef03e467fabff9fc33b059b0ddba,rmse,6.025571032128089
d0ecddb2-420b-40ae-aeb1-1c55d994c8ee,nearest_interpolation,test_r000,c20ecea7d5d435f8addbc5bb3795c002671eef03e467fabff9fc33b059b0ddba,rmse,8.887710869004787
d1cf312f-06a5-4633-acf4-c99a41232055,nearest_interpolation,test_r002,c20ecea7d5d435f8addbc5bb3795c002671eef03e467fabff9fc33b059b0ddba,rmse,8.859514626628101
e4137989-ae7e-4239-a2ec-9a8867959c66,cubic_spline,test_r002,c20ecea7d5d435f8addbc5bb3795c002671eef03e467fabff9fc33b059b0ddba,rmse,6.23651285184462
ed3f4189-f8c3-4602-8ea2-35db2f8edcc2,linear_interpolation,test_r003,c20ecea7d5d435f8addbc5bb3795c002671eef03e467fabff9fc33b059b0ddba,rmse,6.091462576451751
ef1d81f1-df2f-463e-83bf-841cbe427677,galpi,test_r004,c20ecea7d5d435f8addbc5bb3795c002671eef03e467fabff9fc33b059b0ddba,rmse,6.703309100221705
f87a271e-7476-4ba2-b0a7-e414734fab08,galpi,test_r002,c20ecea7d5d435f8addbc5bb3795c002671eef03e467fabff9fc33b059b0ddba,rmse,6.638042910919129
04caba06-9ca5-4d5a-92fc-539c9fd4f3a7,linear_interpolation,test_r002,c20ecea7d5d435f8addbc5bb3795c002671eef03e467fabff9fc33b059b0ddba,rmse,7.6731751641330135
28851d5f-7493-4715-8bc8-301c6b9029fc,nearest_interpolation,test_r001,c20ecea7d5d435f8addbc5bb3795c002671eef03e467fabff9fc33b059b0ddba,rmse,10.289893442981445
32aaa15c-ed59-4823-b528-95d148110310,cubic_spline,test_r001,c20ecea7d5d435f8addbc5bb3795c002671eef03e467fabff9fc33b059b0ddba,rmse,8.151773381904706
4b27e003-5fc0-4cfb-8b62-5bb8887849d5,nearest_interpolation,test_r000,c20ecea7d5d435f8addbc5bb3795c002671eef03e467fabff9fc33b059b0ddba,rmse,10.303299915469182
4c1c79dd-7197-4a05-a28f-a8a4324f4cc6,cubic_spline,test_r004,c20ecea7d5d435f8addbc5bb3795c002671eef03e467fabff9fc33b059b0ddba,rmse,8.207512427354942
4de3a9c2-1cf2-4441-a23b-7958ce52d42e,cubic_spline,test_r000,c20ecea7d5d435f8addbc5bb3795c002671eef03e467fabff9fc33b059b0ddba,rmse,8.144005359415257
5e9c983e-7fc0-4844-8ad2-b31d38be6886,galpi,test_r002,c20ecea7d5d435f8addbc5bb3795c002671eef03e467fabff9fc33b059b0ddba,rmse,9.852846385934042
7267b1cc-1c78-4086-9535-5ac2f7fac59b,linear_interpolation,test_r003,c20ecea7d5d435f8addbc5bb3795c002671eef03e467fabff9fc33b059b0ddba,rmse,7.678660913591534
83599796-721e-4390-850c-59a3afc1d99f,nearest_interpolation,test_r004,c20ecea7d5d435f8addbc5bb3795c002671eef03e467fabff9fc33b059b0ddba,rmse,10.3163573966789
99c64b61-3ff7-4b91-8098-3fd53d3856c8,linear_interpolation,test_r000,c20ecea7d5d435f8addbc5bb3795c002671eef03e467fabff9fc33b059b0ddba,rmse,7.714484357463601
b19e2694-4a8e-4577-b903-fb3165071ca7,cubic_spline,test_r003,c20ecea7d5d435f8addbc5bb3795c002671eef03e467fabff9fc33b059b0ddba,rmse,8.083086453215962
b4135935-d223-4e67-b2cd-9f8559bf04c8,galpi,test_r003,c20ecea7d5d435f8addbc5bb3795c002671eef03e467fabff9fc33b059b0ddba,rmse,9.899669615610653
daafba40-1a7b-4515-8c8a-66a32d476309,galpi,test_r000,c20ecea7d5d435f8addbc5bb3795c002671eef03e467fabff9fc33b059b0ddba,rmse,9.917664833457344
e398a0d4-1d8e-42bf-b621-04c528023125,galpi,test_r001,c20ecea7d5d435f8addbc5bb3795c002671eef03e467fabff9fc33b059b0ddba,rmse,9.922347951099939
e4191486-feb6-48ff-9874-37ecf2ed29ae,linear_interpolation,test_r004,c20ecea7d5d435f8addbc5bb3795c002671eef03e467fabff9fc33b059b0ddba,rmse,7.716884971027518
e536bb36-a135-4cd1-a7d4-d5e1038a0dc4,cubic_spline,test_r002,c20ecea7d5d435f8addbc5bb3795c002671eef03e467fabff9fc33b059b0ddba,rmse,8.126222793862096
e8aea730-8884-4369-9fe3-ce8ab0976d24,nearest_interpolation,test_r002,c20ecea7d5d435f8addbc5bb3795c002671eef03e467fabff9fc33b059b0ddba,rmse,10.260866387305006
e9babc31-c033-469b-a6b2-a325df71c3fa,galpi,test_r004,c20ecea7d5d435f8addbc5bb3795c002671eef03e467fabff9fc33b059b0ddba,rmse,9.9295224805823
ee6335f0-b528-403c-aa72-ec235afe319f,linear_interpolation,test_r001,c20ecea7d5d435f8addbc5bb3795c002671eef03e467fabff9fc33b059b0ddba,rmse,7.682217562530135
f3687e9c-6e14-4020-9256-4bc73333eef7,nearest_interpolation,test_r003,c20ecea7d5d435f8addbc5bb3795c002671eef03e467fabff9fc33b059b0ddba,rmse,10.27898967201447
0a66fdd4-473c-42f4-a763-1e8b8064976a,linear_interpolation,test_r004,c20ecea7d5d435f8addbc5bb3795c002671eef03e467fabff9fc33b059b0ddba,rmse,7.020329573608551
1404206d-6336-4d44-9f0c-ecc5ec939824,cubic_spline,test_r001,c20ecea7d5d435f8addbc5bb3795c002671eef03e467fabff9fc33b059b0ddba,rmse,6.88781999501766
14826e0f-d3cb-49df-9642-1b1f3687f4bf,nearest_interpolation,test_r002,c20ecea7d5d435f8addbc5bb3795c002671eef03e467fabff9fc33b059b0ddba,rmse,12.132134734102015
21ed4636-a7dd-43f8-99c3-cb90fe43f057,linear_interpolation,test_r001,c20ecea7d5d435f8addbc5bb3795c002671eef03e467fabff9fc33b059b0ddba,rmse,7.2305093880210105
2bb3f902-ce1d-49ab-a0fa-6098ceeba71a,galpi,test_r000,c20ecea7d5d435f8addbc5bb3795c002671eef03e467fabff9fc33b059b0ddba,rmse,7.034262156308
35e6823b-71df-46b9-baae-b41183e25651,cubic_spline,test_r004,c20ecea7d5d435f8addbc5bb3795c002671eef03e467fabff9fc33b059b0ddba,rmse,6.748448796227179
3c9decbf-fb29-4dc9-a536-8e078f56588d,cubic_spline,test_r003,c20ecea7d5d435f8addbc5bb3795c002671eef03e467fabff9fc33b059b0ddba,rmse,6.900130129639496
588ce991-e5c8-4709-8555-3ac2b2ced38f,galpi,test_r001,c20ecea7d5d435f8addbc5bb3795c002671eef03e467fabff9fc33b059b0ddba,rmse,7.246917214433515
5ff95554-1f00-437f-959b-103ec0de12e1,nearest_interpolation,test_r001,c20ecea7d5d435f8addbc5bb3795c002671eef03e467fabff9fc33b059b0ddba,rmse,12.300386844203107
6dab8c35-666c-49e8-9cdd-a9e2783b2910,galpi,test_r003,c20ecea7d5d435f8addbc5bb3795c002671eef03e467fabff9fc33b059b0ddba,rmse,7.146959277238611
72a5b5ee-a713-4d60-9262-b6ed746d70d4,linear_interpolation,test_r003,c20ecea7d5d435f8addbc5bb3795c002671eef03e467fabff9fc33b059b0ddba,rmse,7.129716491914957
74f7b253-7836-4f9a-8259-42fffb6b31a2,linear_interpolation,test_r002,c20ecea7d5d435f8addbc5bb3795c002671eef03e467fabff9fc33b059b0ddba,rmse,6.971126509395578
853ba258-04d8-4976-9596-5d3122b20557,nearest_interpolation,test_r004,c20ecea7d5d435f8addbc5bb3795c002671eef03e467fabff9fc33b059b0ddba,rmse,12.051227401389637
9b0ea683-5e74-4668-a87e-4df8f60498f8,nearest_interpolation,test_r000,c20ecea7d5d435f8addbc5bb3795c002671eef03e467fabff9fc33b059b0ddba,rmse,11.956799895256097
9d8c9ebd-e2b5-43ad-8d44-03ca668a7fd4,linear_interpolation,test_r000,c20ecea7d5d435f8addbc5bb3795c002671eef03e467fabff9fc33b059b0ddba,rmse,7.003368877379082
a8b95529-10cb-4ec2-8b56-9d0cbd06ded8,galpi,test_r004,c20ecea7d5d435f8addbc5bb3795c002671eef03e467fabff9fc33b059b0ddba,rmse,7.032369315244101
ac9e2ded-42dc-4b59-9f79-3fbfc8c0121c,galpi,test_r002,c20ecea7d5d435f8addbc5bb3795c002671eef03e467fabff9fc33b059b0ddba,rmse,7.0480098311469295
b9cf5c23-da2e-40f0-8131-97898689a0a8,cubic_spline,test_r000,c20ecea7d5d435f8addbc5bb3795c002671eef03e467fabff9fc33b059b0ddba,rmse,6.776432902136117
d4a999d9-7434-4fdd-b568-fa901d572699,cubic_spline,test_r002,c20ecea7d5d435f8addbc5bb3795c002671eef03e467fabff9fc33b059b0ddba,rmse,6.719904325810337
e938faae-10be-4b2c-aa2d-dd1280a41f05,nearest_interpolation,test_r003,c20ecea7d5d435f8addbc5bb3795c002671eef03e467fabff9fc33b059b0ddba,rmse,12.153708635943811
08a4ef99-1abc-4980-9057-d7df04119ee8,cubic_spline,test_r003,c20ecea7d5d435f8addbc5bb3795c002671eef03e467fabff9fc33b059b0ddba,rmse,7.700502994611531
0abb4b06-101a-414c-9950-ef5528e13921,nearest_interpolation,test_r001,c20ecea7d5d435f8addbc5bb3795c002671eef03e467fabff9fc33b059b0ddba,rmse,12.77498192004517
13e495f2-cdf9-47f8-8fea-b730b625b443,cubic_spline,test_r004,c20ecea7d5d435f8addbc5bb3795c002671eef03e467fabff9fc33b059b0ddba,rmse,7.733965870581038
13fe5215-cfb6-4a3f-a5f8-084a7a247f8d,nearest_interpolation,test_r002,c20ecea7d5d435f8addbc5bb3795c002671eef03e467fabff9fc33b059b0ddba,rmse,12.828403832984131
26f0a3a9-f134-4f98-af7f-5420d5887e2b,linear_interpolation,test_r002,c20ecea7d5d435f8addbc5bb3795c002671eef03e467fabff9fc33b059b0ddba,rmse,8.08264329450849
2b7f0667-52ce-4531-b85d-07e2886362c4,galpi,test_r001,c20ecea7d5d435f8addbc5bb3795c002671eef03e467fabff9fc33b059b0ddba,rmse,8.901035729019888
30d045fe-c104-4b72-be83-3984bc7fa98a,linear_interpolation,test_r001,c20ecea7d5d435f8addbc5bb3795c002671eef03e467fabff9fc33b059b0ddba,rmse,8.180247053792604
35ed62d3-978e-4b6b-8091-766b83b90a90,galpi,test_r004,c20ecea7d5d435f8addbc5bb3795c002671eef03e467fabff9fc33b059b0ddba,rmse,8.822980427380262
44c46f85-e4c2-4467-a91a-da8e9219ebf7,linear_interpolation,test_r004,c20ecea7d5d435f8addbc5bb3795c002671eef03e467fabff9fc33b059b0ddba,rmse,8.17457121287975
51e58331-b383-48e2-b6c5-dffdc3563898,galpi,test_r002,c20ecea7d5d435f8addbc5bb3795c002671eef03e467fabff9fc33b059b0ddba,rmse,8.958176178812494
5f0a949c-1c22-4ea2-859b-d2c845900856,nearest_interpolation,test_r004,c20ecea7d5d435f8addbc5bb3795c002671eef03e467fabff9fc33b059b0ddba,rmse,12.686243141103654
64986cfc-ce66-4c29-a0b5-4201fd8a8f91,nearest_interpolation,test_r000,c20ecea7d5d435f8addbc5bb3795c002671eef03e467fabff9fc33b059b0ddba,rmse,12.563443884508837
676a566d-54df-42fe-8191-04241bad720f,nearest_interpolation,test_r003,c20ecea7d5d435f8addbc5bb3795c002671eef03e467fabff9fc33b059b0ddba,rmse,12.780641082965678
9936f231-b654-4b55-a108-edf6ff1290a3,linear_interpolation,test_r000,c20ecea7d5d435f8addbc5bb3795c002671eef03e467fabff9fc33b059b0ddba,rmse,7.944566936189566
9ee3aa54-71ef-44fc-a68c-43ee5a16ede1,cubic_spline,test_r002,c20ecea7d5d435f8addbc5bb3795c002671eef03e467fabff9fc33b059b0ddba,rmse,7.677179093166317
adc01e53-c182-4866-9d6b-c2aed86e852c,galpi,test_r003,c20ecea7d5d435f8addbc5bb3795c002671eef03e467fabff9fc33b059b0ddba,rmse,9.160615167574749
c04ae8f1-40c2-4df9-b92b-c8a2508567f7,cubic_spline,test_r000,c20ecea7d5d435f8addbc5bb3795c002671eef03e467fabff9fc33b059b0ddba,rmse,7.58178186689146
e8c20864-7ad8-404a-8c4b-507e8dae39c6,linear_interpolation,test_r003,c20ecea7d5d435f8addbc5bb3795c002671eef03e467fabff9fc33b059b0ddba,rmse,8.236527998799925
eddad33b-fe0f-46ba-8820-bb1c16c11778,cubic_spline,test_r001,c20ecea7d5d435f8addbc5bb3795c002671eef03e467fabff9fc33b059b0ddba,rmse,7.710878942571515
f186acb0-f320-4c00-bc1c-bd14efbf7792,galpi,test_r000,c20ecea7d5d435f8addbc5bb3795c002671eef03e467fabff9fc33b059b0ddba,rmse,8.649718451165587
03518c43-306c-4646-9c0c-7c2ee01f2f4b,nearest_interpolation,test_r004,c20ecea7d5d435f8addbc5bb3795c002671eef03e467fabff9fc33b059b0ddba,rmse,14.31994535284222
0c58a1a8-426f-4440-8142-d322912d80d6,cubic_spline,test_r004,c20ecea7d5d435f8addbc5bb3795c002671eef03e467fabff9fc33b059b0ddba,rmse,9.116496359384715
0e3df4ca-663e-44e7-aa77-c44231593065,nearest_interpolation,test_r002,c20ecea7d5d435f8addbc5bb3795c002671eef03e467fabff9fc33b059b0ddba,rmse,14.309026521055248
10d64ea6-f3c7-4f58-97a4-f4b7fefcdca3,galpi,test_r004,c20ecea7d5d435f8addbc5bb3795c002671eef03e467fabff9fc33b059b0ddba,rmse,13.931557318129945
125ff961-78d5-4e4c-b85b-4ca848c3f860,cubic_spline,test_r000,c20ecea7d5d435f8addbc5bb3795c002671eef03e467fabff9fc33b059b0ddba,rmse,9.245488598932885
1f87350f-763c-43a6-89de-d6a619ad4826,nearest_interpolation,test_r003,c20ecea7d5d435f8addbc5bb3795c002671eef03e467fabff9fc33b059b0ddba,rmse,14.21556457396177
31f03d14-a610-460c-939b-ee639bb27671,nearest_interpolation,test_r001,c20ecea7d5d435f8addbc5bb3795c002671eef03e467fabff9fc33b059b0ddba,rmse,14.091244799017261
59014a8a-0189-4e22-b62b-0f474f3c2f93,galpi,test_r002,c20ecea7d5d435f8addbc5bb3795c002671eef03e467fabff9fc33b059b0ddba,rmse,13.695530796517465
635ef5d8-0635-499e-90c0-c0880b4b16a6,galpi,test_r001,c20ecea7d5d435f8addbc5bb3795c002671eef03e467fabff9fc33b059b0ddba,rmse,13.554312173492118
666a918b-9f45-4f0c-97e9-219714c14299,linear_interpolation,test_r001,c20ecea7d5d435f8addbc5bb3795c002671eef03e467fabff9fc33b059b0ddba,rmse,10.06109693461057
67434a29-7bbe-43b4-8ee0-6edf4e716059,galpi,test_r000,c20ecea7d5d435f8addbc5bb3795c002671eef03e467fabff9fc33b059b0ddba,rmse,13.638818032558587
6ec30bcf-22a5-43c3-a38f-951106e95b0a,cubic_spline,test_r002,c20ecea7d5d435f8addbc5bb3795c002671eef03e467fabff9fc33b059b0ddba,rmse,9.240560949594192
7c6498a4-d45a-4471-95af-7a6cc9352ac0,linear_interpolation,test_r000,c20ecea7d5d435f8addbc5bb3795c002671eef03e467fabff9fc33b059b0ddba,rmse,10.223265288778606
928d9490-46e6-40cd-a1e3-ed25bf772043,galpi,test_r003,c20ecea7d5d435f8addbc5bb3795c002671eef03e467fabff9fc33b059b0ddba,rmse,13.531276402176998
97b1a2f2-d797-4989-9fcb-daeb98793074,linear_interpolation,test_r004,c20ecea7d5d435f8addbc5bb3795c002671eef03e467fabff9fc33b059b0ddba,rmse,10.291483607718401
9c6c56f0-afd5-44d9-affe-a691f5764c0b,linear_interpolation,test_r002,c20ecea7d5d435f8addbc5bb3795c002671eef03e467fabff9fc33b059b0ddba,rmse,10.225160372597708
c56c6129-0754-429a-9495-5053a84560fa,cubic_spline,test_r003,c20ecea7d5d435f8addbc5bb3795c002671eef03e467fabff9fc33b059b0ddba,rmse,9.151352467031808
c905e887-58ec-4408-a9e4-a69fac11be2f,cubic_spline,test_r001,c20ecea7d5d435f8addbc5bb3795c002671eef03e467fabff9fc33b059b0ddba,rmse,9.05837534260285
f0a05708-cbe3-4ed7-baa8-3a6a85be5299,linear_interpolation,test_r003,c20ecea7d5d435f8addbc5bb3795c002671eef03e467fabff9fc33b059b0ddba,rmse,10.255851817971287
fd8d920b-4bdf-4a7f-82f8-536ab380b741,nearest_interpolation,test_r000,c20ecea7d5d435f8addbc5bb3795c002671eef03e467fabff9fc33b059b0ddba,rmse,14.23176141004713
