algorithm_id,masking_rate,mae,rmse,runtime_s,mae_NO,rmse_NO,mae_NO2,rmse_NO2,mae_O3,rmse_O3,mae_SO2,rmse_SO2,test_mae,test_rmse,result_id,algorithm_name,family,masking_id,masking_name,mre,best_checkpoint_path,training_history_path,prediction_artifact_path,checkpoint_source_explanation,mre_NO,mre_NO2,mre_O3,mre_SO2
8a14caf0-0c41-4987-a269-feef8d60c750,0.000000,2.243068,3.330350,0.019597,2.838773,4.228581,2.738632,3.706740,2.105953,2.753414,1.584274,2.423918,,,311f36e5-6290-4664-a17e-d4f16d75382c,LinearInterpolation,naive,protocol:test_r004,protocol:test_r004,,,,,,,,,
f323ea5c-68d0-411f-9155-502a0e350f80,0.000000,2.562709,3.796845,0.069072,3.274648,4.873550,3.180740,4.289692,2.364095,3.111885,1.813967,2.779970,,,69ff32d0-29cf-403c-93e7-973547a1f5b0,NearestInterpolation,classical,protocol:test_r004,protocol:test_r004,,,,,,,,,
b8ad1bf8-4e74-4697-bbc4-76c160831413,0.000000,2.507704,3.857342,0.012582,3.429985,5.240539,3.124202,4.359388,2.078876,2.720804,1.873818,2.946060,,,7393dc34-2e89-4ebe-ba16-aff403058b1d,ExponentialSmoothing,classical,protocol:test_r004,protocol:test_r004,,,,,,,,,
b8a8d3fc-06dc-417d-a4ff-aed7d584dfcc,0.000000,2.591403,3.958957,0.020749,3.405875,5.210673,3.259416,4.516269,2.248172,2.964593,1.878284,2.944321,,,613d5436-3288-4559-b74a-0c37944e1d28,MovingAverage,classical,protocol:test_r004,protocol:test_r004,,,,,,,,,
fa799f9d-f7be-441a-9fa2-27cd6f6b0c0f,0.000000,2.645423,3.959809,0.000872,3.415146,5.116074,3.317695,4.532473,2.355678,3.104439,1.918986,2.971940,,,2fbc0481-d5dc-4708-a33f-d7c96cac5f34,BackwardFill,classical,protocol:test_r004,protocol:test_r004,,,,,,,,,
e3b1da1c-f897-4205-ba18-760988645dc7,0.000000,2.701001,4.094381,0.000938,3.528971,5.344640,3.377627,4.654797,2.386031,3.145119,1.945464,3.041634,,,d63de020-c2e4-44a6-8452-afc646698b4a,LOCF,naive,protocol:test_r004,protocol:test_r004,,,,,,,,,
3fc5eeaf-3963-4779-8adc-6340c61c640f,0.000000,5.651422,10.751428,0.002290,10.315038,18.151748,7.186235,11.657117,2.916188,3.897555,5.237205,9.390352,,,4713f9a4-3bdb-405d-b1c7-d1290fcfdc91,SeasonalNaive,classical,protocol:test_r004,protocol:test_r004,,,,,,,,,
78ded0bb-6209-43f4-9498-7c19e0cc382a,0.000000,9.166890,16.964268,0.000739,16.475361,26.473938,11.821272,19.008943,3.723966,5.039821,9.348149,16.570400,,,bb4ab87e-f808-42ea-b484-1352d033aaa6,Mean,naive,protocol:test_r004,protocol:test_r004,,,,,,,,,
9d8705a3-9539-413e-946c-12014a9a5044,0.000000,9.736639,18.752798,0.000729,18.718034,30.459096,12.582068,20.816236,3.764960,5.140944,9.742847,17.959169,,,e3f2566a-191a-4504-ab7a-9a26ef764856,Median,naive,protocol:test_r004,protocol:test_r004,,,,,,,,,
41a3c283-a634-4e93-b791-b468b3578521,0.000000,22.300256,30.617920,,16.678511,24.783204,26.078315,37.466186,20.286519,23.109334,26.780023,35.231024,22.300256,30.617920,8a5baeaa-ac73-40f4-9a29-9399678f4d93,Simple RNN,dl_temporal,protocol:test_r004,protocol:test_r004,,H:\Documents\Uncompressed\byContext\ResearchCenter\Takoudjou\MasterDegree\inControlScienceEngineering\Experimentations\Interfaces\EviBench\data\artifacts\aaf4c4d9-fad1-4846-99f2-58c5ae15c412\41a3c283-a634-4e93-b791-b468b3578521\checkpoint\checkpoint_best_epoch0200_2026-05-10T085808.pt,,H:\Documents\Uncompressed\byContext\ResearchCenter\Takoudjou\MasterDegree\inControlScienceEngineering\Experimentations\Interfaces\EviBench\data\artifacts\aaf4c4d9-fad1-4846-99f2-58c5ae15c412\41a3c283-a634-4e93-b791-b468b3578521\predictions\predictions_2026-05-10T090725.npz,strict,,,,
8cb5f071-edb8-4d00-9e53-0ae2a8c871de,0.000000,22.349283,31.350442,,15.946503,25.668914,25.674064,37.553082,19.996287,22.760549,28.361558,37.214631,22.349283,31.350442,e49661d7-d744-41d2-bad9-7d646caee4b5,Simple LSTM,dl_temporal,protocol:test_r004,protocol:test_r004,,H:\Documents\Uncompressed\byContext\ResearchCenter\Takoudjou\MasterDegree\inControlScienceEngineering\Experimentations\Interfaces\EviBench\data\artifacts\aaf4c4d9-fad1-4846-99f2-58c5ae15c412\8cb5f071-edb8-4d00-9e53-0ae2a8c871de\checkpoint\checkpoint_best_epoch0200_2026-05-10T085810.pt,,H:\Documents\Uncompressed\byContext\ResearchCenter\Takoudjou\MasterDegree\inControlScienceEngineering\Experimentations\Interfaces\EviBench\data\artifacts\aaf4c4d9-fad1-4846-99f2-58c5ae15c412\8cb5f071-edb8-4d00-9e53-0ae2a8c871de\predictions\predictions_2026-05-10T090725.npz,strict,,,,
58ff40b4-4e64-4d2d-bf7d-0602447331fa,0.000000,22.339268,31.509641,,23.489444,32.278466,23.209336,36.714048,18.883473,21.649718,24.196101,32.729750,22.339268,31.509641,a5f8afe1-2d67-4ea0-b01e-cb30dfb5e143,SAITS-LCH,dl_temporal,protocol:test_r004,protocol:test_r004,,H:\Documents\Uncompressed\byContext\ResearchCenter\Takoudjou\MasterDegree\inControlScienceEngineering\Experimentations\Interfaces\EviBench\data\artifacts\aaf4c4d9-fad1-4846-99f2-58c5ae15c412\58ff40b4-4e64-4d2d-bf7d-0602447331fa\checkpoint\checkpoint_best_epoch0199_2026-05-10T090715.pt,,H:\Documents\Uncompressed\byContext\ResearchCenter\Takoudjou\MasterDegree\inControlScienceEngineering\Experimentations\Interfaces\EviBench\data\artifacts\aaf4c4d9-fad1-4846-99f2-58c5ae15c412\58ff40b4-4e64-4d2d-bf7d-0602447331fa\predictions\predictions_2026-05-10T090733.npz,strict,,,,
3d7dd928-9794-4869-81ec-76fbdda1db01,0.000000,22.458896,31.689603,,23.272918,31.909430,22.971512,36.454273,19.047640,21.812601,24.806715,33.503835,22.458896,31.689603,7e2b34a3-c01c-49ab-9a79-624ed4f321be,SAITS-LC,dl_temporal,protocol:test_r004,protocol:test_r004,,H:\Documents\Uncompressed\byContext\ResearchCenter\Takoudjou\MasterDegree\inControlScienceEngineering\Experimentations\Interfaces\EviBench\data\artifacts\aaf4c4d9-fad1-4846-99f2-58c5ae15c412\3d7dd928-9794-4869-81ec-76fbdda1db01\checkpoint\checkpoint_best_epoch0189_2026-05-10T090700.pt,,H:\Documents\Uncompressed\byContext\ResearchCenter\Takoudjou\MasterDegree\inControlScienceEngineering\Experimentations\Interfaces\EviBench\data\artifacts\aaf4c4d9-fad1-4846-99f2-58c5ae15c412\3d7dd928-9794-4869-81ec-76fbdda1db01\predictions\predictions_2026-05-10T090732.npz,strict,,,,
510e6b79-4247-4ad4-af90-164ef33d9250,0.000000,22.526212,32.062894,,23.712902,32.649886,23.540487,37.610000,18.539698,21.366438,24.661815,33.229469,22.526212,32.062894,01e3eaa0-e8ca-496d-b500-867f29480a8a,SAITS,dl_temporal,protocol:test_r004,protocol:test_r004,,H:\Documents\Uncompressed\byContext\ResearchCenter\Takoudjou\MasterDegree\inControlScienceEngineering\Experimentations\Interfaces\EviBench\data\artifacts\aaf4c4d9-fad1-4846-99f2-58c5ae15c412\510e6b79-4247-4ad4-af90-164ef33d9250\checkpoint\checkpoint_best_epoch0196_2026-05-10T090639.pt,,H:\Documents\Uncompressed\byContext\ResearchCenter\Takoudjou\MasterDegree\inControlScienceEngineering\Experimentations\Interfaces\EviBench\data\artifacts\aaf4c4d9-fad1-4846-99f2-58c5ae15c412\510e6b79-4247-4ad4-af90-164ef33d9250\predictions\predictions_2026-05-10T090731.npz,strict,,,,
d151ee3e-d2c6-4782-a2c5-55f830b29564,0.000000,23.132008,32.128396,,17.229694,26.445468,27.073577,39.465809,20.423365,23.114875,28.460543,37.277324,23.132008,32.128396,b5d80eed-e44d-4cdd-8c41-021ca871b3c4,Simple GRU,dl_temporal,protocol:test_r004,protocol:test_r004,,H:\Documents\Uncompressed\byContext\ResearchCenter\Takoudjou\MasterDegree\inControlScienceEngineering\Experimentations\Interfaces\EviBench\data\artifacts\aaf4c4d9-fad1-4846-99f2-58c5ae15c412\d151ee3e-d2c6-4782-a2c5-55f830b29564\checkpoint\checkpoint_best_epoch0200_2026-05-10T085814.pt,,H:\Documents\Uncompressed\byContext\ResearchCenter\Takoudjou\MasterDegree\inControlScienceEngineering\Experimentations\Interfaces\EviBench\data\artifacts\aaf4c4d9-fad1-4846-99f2-58c5ae15c412\d151ee3e-d2c6-4782-a2c5-55f830b29564\predictions\predictions_2026-05-10T090726.npz,strict,,,,
a3b5081b-0f46-419d-8018-61bd8997fef3,0.000000,23.616699,32.785342,,18.174864,27.653689,27.703782,40.354752,20.691065,23.407890,28.820791,37.761588,23.616699,32.785342,1f39459a-7a38-4c35-af77-61ef86338cc8,GRU-D,dl_temporal,protocol:test_r004,protocol:test_r004,,H:\Documents\Uncompressed\byContext\ResearchCenter\Takoudjou\MasterDegree\inControlScienceEngineering\Experimentations\Interfaces\EviBench\data\artifacts\aaf4c4d9-fad1-4846-99f2-58c5ae15c412\a3b5081b-0f46-419d-8018-61bd8997fef3\checkpoint\checkpoint_best_epoch0199_2026-05-10T090200.pt,,H:\Documents\Uncompressed\byContext\ResearchCenter\Takoudjou\MasterDegree\inControlScienceEngineering\Experimentations\Interfaces\EviBench\data\artifacts\aaf4c4d9-fad1-4846-99f2-58c5ae15c412\a3b5081b-0f46-419d-8018-61bd8997fef3\predictions\predictions_2026-05-10T090727.npz,strict,,,,
629b66a7-144c-4e53-b545-b7632fbebbf2,0.000000,27.257196,35.694365,,22.880770,29.946239,32.548783,44.509124,27.260215,29.794528,26.805933,37.240615,27.257196,35.694365,839a032b-a9c0-406d-9227-f0f3600dba01,BRITS,dl_temporal,protocol:test_r004,protocol:test_r004,,H:\Documents\Uncompressed\byContext\ResearchCenter\Takoudjou\MasterDegree\inControlScienceEngineering\Experimentations\Interfaces\EviBench\data\artifacts\aaf4c4d9-fad1-4846-99f2-58c5ae15c412\629b66a7-144c-4e53-b545-b7632fbebbf2\checkpoint\checkpoint_best_epoch0200_2026-05-10T090515.pt,,H:\Documents\Uncompressed\byContext\ResearchCenter\Takoudjou\MasterDegree\inControlScienceEngineering\Experimentations\Interfaces\EviBench\data\artifacts\aaf4c4d9-fad1-4846-99f2-58c5ae15c412\629b66a7-144c-4e53-b545-b7632fbebbf2\predictions\predictions_2026-05-10T090731.npz,strict,,,,
