result_id,algorithm_id,dataset_id,mae,rmse,graph_policy,graph_fingerprint,metric_scope,benchmark_contract_id,benchmark_mask_bank_id,benchmark_realization_id,evaluation_support_fingerprint,graph_params,correlation_source,rank,group_key
3e9e4f5c-872b-42be-ac78-b69ee6dd9ac9,stgcn,fa9c7108-176e-4c68-840d-6acf3a3e59e4,31.334854125976562,39.922706604003906,grid_4n_v1,sha256:ff68c2f545d16f90d1e3b4a9b00305d1b291b92f29d9cd1557f2a1e30e9bd432,global,4e000b92-531f-4ea8-9366-69a915c66c35,21cf7f87-c4d4-4ae4-80f1-07ec03758216,test_r004,sha256:312c43e06dcd7d68b37eaaacdeb08b5f81152908d31060d6d468fdc0ed56ffdf,{},,1,fa9c7108-176e-4c68-840d-6acf3a3e59e4|4e000b92-531f-4ea8-9366-69a915c66c35|21cf7f87-c4d4-4ae4-80f1-07ec03758216|test_r004|sha256:312c43e06dcd7d68b37eaaacdeb08b5f81152908d31060d6d468fdc0ed56ffdf|grid_4n_v1|sha256:ff68c2f545d16f90d1e3b4a9b00305d1b291b92f29d9cd1557f2a1e30e9bd432|sha256:6a57d86e7dd3172662aaf433a408cdd180e4398b8abef10e8b7cfd1b193e4fc4|global
b63c899f-989a-4686-9a09-c4b14858f1a5,ignnk,fa9c7108-176e-4c68-840d-6acf3a3e59e4,31.688499450683594,39.97810745239258,grid_4n_v1,sha256:ff68c2f545d16f90d1e3b4a9b00305d1b291b92f29d9cd1557f2a1e30e9bd432,global,4e000b92-531f-4ea8-9366-69a915c66c35,21cf7f87-c4d4-4ae4-80f1-07ec03758216,test_r004,sha256:312c43e06dcd7d68b37eaaacdeb08b5f81152908d31060d6d468fdc0ed56ffdf,{},,2,fa9c7108-176e-4c68-840d-6acf3a3e59e4|4e000b92-531f-4ea8-9366-69a915c66c35|21cf7f87-c4d4-4ae4-80f1-07ec03758216|test_r004|sha256:312c43e06dcd7d68b37eaaacdeb08b5f81152908d31060d6d468fdc0ed56ffdf|grid_4n_v1|sha256:ff68c2f545d16f90d1e3b4a9b00305d1b291b92f29d9cd1557f2a1e30e9bd432|sha256:6a57d86e7dd3172662aaf433a408cdd180e4398b8abef10e8b7cfd1b193e4fc4|global
d08f665b-e29e-498f-aa07-eeb3456514ae,grin,fa9c7108-176e-4c68-840d-6acf3a3e59e4,31.36688995361328,40.08006286621094,grid_4n_v1,sha256:ff68c2f545d16f90d1e3b4a9b00305d1b291b92f29d9cd1557f2a1e30e9bd432,global,4e000b92-531f-4ea8-9366-69a915c66c35,21cf7f87-c4d4-4ae4-80f1-07ec03758216,test_r004,sha256:312c43e06dcd7d68b37eaaacdeb08b5f81152908d31060d6d468fdc0ed56ffdf,{},,3,fa9c7108-176e-4c68-840d-6acf3a3e59e4|4e000b92-531f-4ea8-9366-69a915c66c35|21cf7f87-c4d4-4ae4-80f1-07ec03758216|test_r004|sha256:312c43e06dcd7d68b37eaaacdeb08b5f81152908d31060d6d468fdc0ed56ffdf|grid_4n_v1|sha256:ff68c2f545d16f90d1e3b4a9b00305d1b291b92f29d9cd1557f2a1e30e9bd432|sha256:6a57d86e7dd3172662aaf433a408cdd180e4398b8abef10e8b7cfd1b193e4fc4|global
84b1bcf5-9f52-4ceb-9b90-6b9eb5cae416,dcrnn,fa9c7108-176e-4c68-840d-6acf3a3e59e4,31.607873916625977,40.25386047363281,grid_4n_v1,sha256:ff68c2f545d16f90d1e3b4a9b00305d1b291b92f29d9cd1557f2a1e30e9bd432,global,4e000b92-531f-4ea8-9366-69a915c66c35,21cf7f87-c4d4-4ae4-80f1-07ec03758216,test_r004,sha256:312c43e06dcd7d68b37eaaacdeb08b5f81152908d31060d6d468fdc0ed56ffdf,{},,4,fa9c7108-176e-4c68-840d-6acf3a3e59e4|4e000b92-531f-4ea8-9366-69a915c66c35|21cf7f87-c4d4-4ae4-80f1-07ec03758216|test_r004|sha256:312c43e06dcd7d68b37eaaacdeb08b5f81152908d31060d6d468fdc0ed56ffdf|grid_4n_v1|sha256:ff68c2f545d16f90d1e3b4a9b00305d1b291b92f29d9cd1557f2a1e30e9bd432|sha256:6a57d86e7dd3172662aaf433a408cdd180e4398b8abef10e8b7cfd1b193e4fc4|global
a49a93bb-9ab9-4bac-a0c7-077d4623ea70,stgcn,fa9c7108-176e-4c68-840d-6acf3a3e59e4,31.08219337463379,39.73176956176758,grid_4n_v1,sha256:ff68c2f545d16f90d1e3b4a9b00305d1b291b92f29d9cd1557f2a1e30e9bd432,global,4e000b92-531f-4ea8-9366-69a915c66c35,21cf7f87-c4d4-4ae4-80f1-07ec03758216,test_r003,sha256:45c962cc3231ebfe400a94a48f5505a217ac997dc42aa51b63f1204824a8cf41,{},,1,fa9c7108-176e-4c68-840d-6acf3a3e59e4|4e000b92-531f-4ea8-9366-69a915c66c35|21cf7f87-c4d4-4ae4-80f1-07ec03758216|test_r003|sha256:45c962cc3231ebfe400a94a48f5505a217ac997dc42aa51b63f1204824a8cf41|grid_4n_v1|sha256:ff68c2f545d16f90d1e3b4a9b00305d1b291b92f29d9cd1557f2a1e30e9bd432|sha256:6a57d86e7dd3172662aaf433a408cdd180e4398b8abef10e8b7cfd1b193e4fc4|global
2d4d87c9-402f-4fd6-b48b-73f69caeed7f,ignnk,fa9c7108-176e-4c68-840d-6acf3a3e59e4,31.49484634399414,40.08524703979492,grid_4n_v1,sha256:ff68c2f545d16f90d1e3b4a9b00305d1b291b92f29d9cd1557f2a1e30e9bd432,global,4e000b92-531f-4ea8-9366-69a915c66c35,21cf7f87-c4d4-4ae4-80f1-07ec03758216,test_r003,sha256:45c962cc3231ebfe400a94a48f5505a217ac997dc42aa51b63f1204824a8cf41,{},,2,fa9c7108-176e-4c68-840d-6acf3a3e59e4|4e000b92-531f-4ea8-9366-69a915c66c35|21cf7f87-c4d4-4ae4-80f1-07ec03758216|test_r003|sha256:45c962cc3231ebfe400a94a48f5505a217ac997dc42aa51b63f1204824a8cf41|grid_4n_v1|sha256:ff68c2f545d16f90d1e3b4a9b00305d1b291b92f29d9cd1557f2a1e30e9bd432|sha256:6a57d86e7dd3172662aaf433a408cdd180e4398b8abef10e8b7cfd1b193e4fc4|global
37e73074-f876-4e26-be6d-a8b9e31ac195,grin,fa9c7108-176e-4c68-840d-6acf3a3e59e4,31.598976135253906,40.26509094238281,grid_4n_v1,sha256:ff68c2f545d16f90d1e3b4a9b00305d1b291b92f29d9cd1557f2a1e30e9bd432,global,4e000b92-531f-4ea8-9366-69a915c66c35,21cf7f87-c4d4-4ae4-80f1-07ec03758216,test_r003,sha256:45c962cc3231ebfe400a94a48f5505a217ac997dc42aa51b63f1204824a8cf41,{},,3,fa9c7108-176e-4c68-840d-6acf3a3e59e4|4e000b92-531f-4ea8-9366-69a915c66c35|21cf7f87-c4d4-4ae4-80f1-07ec03758216|test_r003|sha256:45c962cc3231ebfe400a94a48f5505a217ac997dc42aa51b63f1204824a8cf41|grid_4n_v1|sha256:ff68c2f545d16f90d1e3b4a9b00305d1b291b92f29d9cd1557f2a1e30e9bd432|sha256:6a57d86e7dd3172662aaf433a408cdd180e4398b8abef10e8b7cfd1b193e4fc4|global
b3b6fc4b-593b-46ff-9f2f-3d0747848f82,dcrnn,fa9c7108-176e-4c68-840d-6acf3a3e59e4,31.71173858642578,40.32715606689453,grid_4n_v1,sha256:ff68c2f545d16f90d1e3b4a9b00305d1b291b92f29d9cd1557f2a1e30e9bd432,global,4e000b92-531f-4ea8-9366-69a915c66c35,21cf7f87-c4d4-4ae4-80f1-07ec03758216,test_r003,sha256:45c962cc3231ebfe400a94a48f5505a217ac997dc42aa51b63f1204824a8cf41,{},,4,fa9c7108-176e-4c68-840d-6acf3a3e59e4|4e000b92-531f-4ea8-9366-69a915c66c35|21cf7f87-c4d4-4ae4-80f1-07ec03758216|test_r003|sha256:45c962cc3231ebfe400a94a48f5505a217ac997dc42aa51b63f1204824a8cf41|grid_4n_v1|sha256:ff68c2f545d16f90d1e3b4a9b00305d1b291b92f29d9cd1557f2a1e30e9bd432|sha256:6a57d86e7dd3172662aaf433a408cdd180e4398b8abef10e8b7cfd1b193e4fc4|global
98e95287-229c-4b28-889a-c57a9f9cab7b,stgcn,fa9c7108-176e-4c68-840d-6acf3a3e59e4,28.788188934326172,37.41287612915039,grid_4n_v1,sha256:ff68c2f545d16f90d1e3b4a9b00305d1b291b92f29d9cd1557f2a1e30e9bd432,global,4e000b92-531f-4ea8-9366-69a915c66c35,21cf7f87-c4d4-4ae4-80f1-07ec03758216,test_r002,sha256:71f2bed0a810ee7d01bb0ef7f6ed88a7271883612fb7a7359e3814bacd261ab0,{},,1,fa9c7108-176e-4c68-840d-6acf3a3e59e4|4e000b92-531f-4ea8-9366-69a915c66c35|21cf7f87-c4d4-4ae4-80f1-07ec03758216|test_r002|sha256:71f2bed0a810ee7d01bb0ef7f6ed88a7271883612fb7a7359e3814bacd261ab0|grid_4n_v1|sha256:ff68c2f545d16f90d1e3b4a9b00305d1b291b92f29d9cd1557f2a1e30e9bd432|sha256:6a57d86e7dd3172662aaf433a408cdd180e4398b8abef10e8b7cfd1b193e4fc4|global
d4b2787e-888d-4bf1-824e-f93b44e6bc57,grin,fa9c7108-176e-4c68-840d-6acf3a3e59e4,33.15778350830078,41.846397399902344,grid_4n_v1,sha256:ff68c2f545d16f90d1e3b4a9b00305d1b291b92f29d9cd1557f2a1e30e9bd432,global,4e000b92-531f-4ea8-9366-69a915c66c35,21cf7f87-c4d4-4ae4-80f1-07ec03758216,test_r002,sha256:71f2bed0a810ee7d01bb0ef7f6ed88a7271883612fb7a7359e3814bacd261ab0,{},,2,fa9c7108-176e-4c68-840d-6acf3a3e59e4|4e000b92-531f-4ea8-9366-69a915c66c35|21cf7f87-c4d4-4ae4-80f1-07ec03758216|test_r002|sha256:71f2bed0a810ee7d01bb0ef7f6ed88a7271883612fb7a7359e3814bacd261ab0|grid_4n_v1|sha256:ff68c2f545d16f90d1e3b4a9b00305d1b291b92f29d9cd1557f2a1e30e9bd432|sha256:6a57d86e7dd3172662aaf433a408cdd180e4398b8abef10e8b7cfd1b193e4fc4|global
36da5f83-d168-4370-8cde-17cba9b191e6,dcrnn,fa9c7108-176e-4c68-840d-6acf3a3e59e4,33.48466873168945,42.14828109741211,grid_4n_v1,sha256:ff68c2f545d16f90d1e3b4a9b00305d1b291b92f29d9cd1557f2a1e30e9bd432,global,4e000b92-531f-4ea8-9366-69a915c66c35,21cf7f87-c4d4-4ae4-80f1-07ec03758216,test_r002,sha256:71f2bed0a810ee7d01bb0ef7f6ed88a7271883612fb7a7359e3814bacd261ab0,{},,3,fa9c7108-176e-4c68-840d-6acf3a3e59e4|4e000b92-531f-4ea8-9366-69a915c66c35|21cf7f87-c4d4-4ae4-80f1-07ec03758216|test_r002|sha256:71f2bed0a810ee7d01bb0ef7f6ed88a7271883612fb7a7359e3814bacd261ab0|grid_4n_v1|sha256:ff68c2f545d16f90d1e3b4a9b00305d1b291b92f29d9cd1557f2a1e30e9bd432|sha256:6a57d86e7dd3172662aaf433a408cdd180e4398b8abef10e8b7cfd1b193e4fc4|global
a53dc4df-0878-4380-b783-5b444880b38e,ignnk,fa9c7108-176e-4c68-840d-6acf3a3e59e4,33.510196685791016,42.24892807006836,grid_4n_v1,sha256:ff68c2f545d16f90d1e3b4a9b00305d1b291b92f29d9cd1557f2a1e30e9bd432,global,4e000b92-531f-4ea8-9366-69a915c66c35,21cf7f87-c4d4-4ae4-80f1-07ec03758216,test_r002,sha256:71f2bed0a810ee7d01bb0ef7f6ed88a7271883612fb7a7359e3814bacd261ab0,{},,4,fa9c7108-176e-4c68-840d-6acf3a3e59e4|4e000b92-531f-4ea8-9366-69a915c66c35|21cf7f87-c4d4-4ae4-80f1-07ec03758216|test_r002|sha256:71f2bed0a810ee7d01bb0ef7f6ed88a7271883612fb7a7359e3814bacd261ab0|grid_4n_v1|sha256:ff68c2f545d16f90d1e3b4a9b00305d1b291b92f29d9cd1557f2a1e30e9bd432|sha256:6a57d86e7dd3172662aaf433a408cdd180e4398b8abef10e8b7cfd1b193e4fc4|global
216722d7-81bd-44e2-bd14-487b6e5a16c5,stgcn,fa9c7108-176e-4c68-840d-6acf3a3e59e4,29.494722366333008,38.28379440307617,grid_4n_v1,sha256:ff68c2f545d16f90d1e3b4a9b00305d1b291b92f29d9cd1557f2a1e30e9bd432,global,4e000b92-531f-4ea8-9366-69a915c66c35,21cf7f87-c4d4-4ae4-80f1-07ec03758216,test_r001,sha256:d2c2465dca2a20fe607454932b5de3f32402cafb2dfcebb7d5fbe5308228f752,{},,1,fa9c7108-176e-4c68-840d-6acf3a3e59e4|4e000b92-531f-4ea8-9366-69a915c66c35|21cf7f87-c4d4-4ae4-80f1-07ec03758216|test_r001|sha256:d2c2465dca2a20fe607454932b5de3f32402cafb2dfcebb7d5fbe5308228f752|grid_4n_v1|sha256:ff68c2f545d16f90d1e3b4a9b00305d1b291b92f29d9cd1557f2a1e30e9bd432|sha256:6a57d86e7dd3172662aaf433a408cdd180e4398b8abef10e8b7cfd1b193e4fc4|global
8112f589-e6d0-46d9-997f-f7c608bc677f,dcrnn,fa9c7108-176e-4c68-840d-6acf3a3e59e4,33.25690841674805,42.12690353393555,grid_4n_v1,sha256:ff68c2f545d16f90d1e3b4a9b00305d1b291b92f29d9cd1557f2a1e30e9bd432,global,4e000b92-531f-4ea8-9366-69a915c66c35,21cf7f87-c4d4-4ae4-80f1-07ec03758216,test_r001,sha256:d2c2465dca2a20fe607454932b5de3f32402cafb2dfcebb7d5fbe5308228f752,{},,2,fa9c7108-176e-4c68-840d-6acf3a3e59e4|4e000b92-531f-4ea8-9366-69a915c66c35|21cf7f87-c4d4-4ae4-80f1-07ec03758216|test_r001|sha256:d2c2465dca2a20fe607454932b5de3f32402cafb2dfcebb7d5fbe5308228f752|grid_4n_v1|sha256:ff68c2f545d16f90d1e3b4a9b00305d1b291b92f29d9cd1557f2a1e30e9bd432|sha256:6a57d86e7dd3172662aaf433a408cdd180e4398b8abef10e8b7cfd1b193e4fc4|global
e04c8535-ea0f-472e-9c71-b95231b124d9,grin,fa9c7108-176e-4c68-840d-6acf3a3e59e4,33.26131057739258,42.208892822265625,grid_4n_v1,sha256:ff68c2f545d16f90d1e3b4a9b00305d1b291b92f29d9cd1557f2a1e30e9bd432,global,4e000b92-531f-4ea8-9366-69a915c66c35,21cf7f87-c4d4-4ae4-80f1-07ec03758216,test_r001,sha256:d2c2465dca2a20fe607454932b5de3f32402cafb2dfcebb7d5fbe5308228f752,{},,3,fa9c7108-176e-4c68-840d-6acf3a3e59e4|4e000b92-531f-4ea8-9366-69a915c66c35|21cf7f87-c4d4-4ae4-80f1-07ec03758216|test_r001|sha256:d2c2465dca2a20fe607454932b5de3f32402cafb2dfcebb7d5fbe5308228f752|grid_4n_v1|sha256:ff68c2f545d16f90d1e3b4a9b00305d1b291b92f29d9cd1557f2a1e30e9bd432|sha256:6a57d86e7dd3172662aaf433a408cdd180e4398b8abef10e8b7cfd1b193e4fc4|global
765769d9-1d3d-4624-b71f-73876ddc650a,ignnk,fa9c7108-176e-4c68-840d-6acf3a3e59e4,34.146278381347656,43.159690856933594,grid_4n_v1,sha256:ff68c2f545d16f90d1e3b4a9b00305d1b291b92f29d9cd1557f2a1e30e9bd432,global,4e000b92-531f-4ea8-9366-69a915c66c35,21cf7f87-c4d4-4ae4-80f1-07ec03758216,test_r001,sha256:d2c2465dca2a20fe607454932b5de3f32402cafb2dfcebb7d5fbe5308228f752,{},,4,fa9c7108-176e-4c68-840d-6acf3a3e59e4|4e000b92-531f-4ea8-9366-69a915c66c35|21cf7f87-c4d4-4ae4-80f1-07ec03758216|test_r001|sha256:d2c2465dca2a20fe607454932b5de3f32402cafb2dfcebb7d5fbe5308228f752|grid_4n_v1|sha256:ff68c2f545d16f90d1e3b4a9b00305d1b291b92f29d9cd1557f2a1e30e9bd432|sha256:6a57d86e7dd3172662aaf433a408cdd180e4398b8abef10e8b7cfd1b193e4fc4|global
17fd8c95-baed-414f-98a6-8ce1b01b2a83,ignnk,fa9c7108-176e-4c68-840d-6acf3a3e59e4,32.0276985168457,41.01448440551758,grid_4n_v1,sha256:ff68c2f545d16f90d1e3b4a9b00305d1b291b92f29d9cd1557f2a1e30e9bd432,global,4e000b92-531f-4ea8-9366-69a915c66c35,21cf7f87-c4d4-4ae4-80f1-07ec03758216,test_r000,sha256:ef2003550325843003c883a4685c4711856d8372643cc9b9a498ffa59a5b1b66,{},,1,fa9c7108-176e-4c68-840d-6acf3a3e59e4|4e000b92-531f-4ea8-9366-69a915c66c35|21cf7f87-c4d4-4ae4-80f1-07ec03758216|test_r000|sha256:ef2003550325843003c883a4685c4711856d8372643cc9b9a498ffa59a5b1b66|grid_4n_v1|sha256:ff68c2f545d16f90d1e3b4a9b00305d1b291b92f29d9cd1557f2a1e30e9bd432|sha256:6a57d86e7dd3172662aaf433a408cdd180e4398b8abef10e8b7cfd1b193e4fc4|global
a4f42fce-6071-44ff-a1ca-e0c611f713a4,grin,fa9c7108-176e-4c68-840d-6acf3a3e59e4,32.24224090576172,41.53715896606445,grid_4n_v1,sha256:ff68c2f545d16f90d1e3b4a9b00305d1b291b92f29d9cd1557f2a1e30e9bd432,global,4e000b92-531f-4ea8-9366-69a915c66c35,21cf7f87-c4d4-4ae4-80f1-07ec03758216,test_r000,sha256:ef2003550325843003c883a4685c4711856d8372643cc9b9a498ffa59a5b1b66,{},,2,fa9c7108-176e-4c68-840d-6acf3a3e59e4|4e000b92-531f-4ea8-9366-69a915c66c35|21cf7f87-c4d4-4ae4-80f1-07ec03758216|test_r000|sha256:ef2003550325843003c883a4685c4711856d8372643cc9b9a498ffa59a5b1b66|grid_4n_v1|sha256:ff68c2f545d16f90d1e3b4a9b00305d1b291b92f29d9cd1557f2a1e30e9bd432|sha256:6a57d86e7dd3172662aaf433a408cdd180e4398b8abef10e8b7cfd1b193e4fc4|global
d2fa3345-6761-4ac1-b2cc-ce17838ff729,dcrnn,fa9c7108-176e-4c68-840d-6acf3a3e59e4,32.575931549072266,41.80849075317383,grid_4n_v1,sha256:ff68c2f545d16f90d1e3b4a9b00305d1b291b92f29d9cd1557f2a1e30e9bd432,global,4e000b92-531f-4ea8-9366-69a915c66c35,21cf7f87-c4d4-4ae4-80f1-07ec03758216,test_r000,sha256:ef2003550325843003c883a4685c4711856d8372643cc9b9a498ffa59a5b1b66,{},,3,fa9c7108-176e-4c68-840d-6acf3a3e59e4|4e000b92-531f-4ea8-9366-69a915c66c35|21cf7f87-c4d4-4ae4-80f1-07ec03758216|test_r000|sha256:ef2003550325843003c883a4685c4711856d8372643cc9b9a498ffa59a5b1b66|grid_4n_v1|sha256:ff68c2f545d16f90d1e3b4a9b00305d1b291b92f29d9cd1557f2a1e30e9bd432|sha256:6a57d86e7dd3172662aaf433a408cdd180e4398b8abef10e8b7cfd1b193e4fc4|global
5a0d79f5-1164-4ccf-b858-9adae87c6119,stgcn,fa9c7108-176e-4c68-840d-6acf3a3e59e4,33.55796813964844,43.38607406616211,grid_4n_v1,sha256:ff68c2f545d16f90d1e3b4a9b00305d1b291b92f29d9cd1557f2a1e30e9bd432,global,4e000b92-531f-4ea8-9366-69a915c66c35,21cf7f87-c4d4-4ae4-80f1-07ec03758216,test_r000,sha256:ef2003550325843003c883a4685c4711856d8372643cc9b9a498ffa59a5b1b66,{},,4,fa9c7108-176e-4c68-840d-6acf3a3e59e4|4e000b92-531f-4ea8-9366-69a915c66c35|21cf7f87-c4d4-4ae4-80f1-07ec03758216|test_r000|sha256:ef2003550325843003c883a4685c4711856d8372643cc9b9a498ffa59a5b1b66|grid_4n_v1|sha256:ff68c2f545d16f90d1e3b4a9b00305d1b291b92f29d9cd1557f2a1e30e9bd432|sha256:6a57d86e7dd3172662aaf433a408cdd180e4398b8abef10e8b7cfd1b193e4fc4|global
3af8f618-49ef-4cc9-b49a-27b04c78d353,ignnk,fa9c7108-176e-4c68-840d-6acf3a3e59e4,30.916358947753906,39.720733642578125,grid_4n_v1,sha256:ff68c2f545d16f90d1e3b4a9b00305d1b291b92f29d9cd1557f2a1e30e9bd432,global,6b11c265-a769-43e0-a7d4-4f3b87505a0d,dfe01aad-97ad-4621-b1f8-adcebd13c6f9,test_r004,sha256:748d222b9e06c5abd28b2b2626ee208b7528fc626ca6a0dbabd2b5b238529709,{},,1,fa9c7108-176e-4c68-840d-6acf3a3e59e4|6b11c265-a769-43e0-a7d4-4f3b87505a0d|dfe01aad-97ad-4621-b1f8-adcebd13c6f9|test_r004|sha256:748d222b9e06c5abd28b2b2626ee208b7528fc626ca6a0dbabd2b5b238529709|grid_4n_v1|sha256:ff68c2f545d16f90d1e3b4a9b00305d1b291b92f29d9cd1557f2a1e30e9bd432|sha256:6a57d86e7dd3172662aaf433a408cdd180e4398b8abef10e8b7cfd1b193e4fc4|global
3aa84dd6-a147-49d3-8dad-c4145917aed8,dcrnn,fa9c7108-176e-4c68-840d-6acf3a3e59e4,31.452800750732422,40.07990646362305,grid_4n_v1,sha256:ff68c2f545d16f90d1e3b4a9b00305d1b291b92f29d9cd1557f2a1e30e9bd432,global,6b11c265-a769-43e0-a7d4-4f3b87505a0d,dfe01aad-97ad-4621-b1f8-adcebd13c6f9,test_r004,sha256:748d222b9e06c5abd28b2b2626ee208b7528fc626ca6a0dbabd2b5b238529709,{},,2,fa9c7108-176e-4c68-840d-6acf3a3e59e4|6b11c265-a769-43e0-a7d4-4f3b87505a0d|dfe01aad-97ad-4621-b1f8-adcebd13c6f9|test_r004|sha256:748d222b9e06c5abd28b2b2626ee208b7528fc626ca6a0dbabd2b5b238529709|grid_4n_v1|sha256:ff68c2f545d16f90d1e3b4a9b00305d1b291b92f29d9cd1557f2a1e30e9bd432|sha256:6a57d86e7dd3172662aaf433a408cdd180e4398b8abef10e8b7cfd1b193e4fc4|global
5b363859-a81b-4ec5-be14-d2593475cd16,grin,fa9c7108-176e-4c68-840d-6acf3a3e59e4,31.27495765686035,40.13644790649414,grid_4n_v1,sha256:ff68c2f545d16f90d1e3b4a9b00305d1b291b92f29d9cd1557f2a1e30e9bd432,global,6b11c265-a769-43e0-a7d4-4f3b87505a0d,dfe01aad-97ad-4621-b1f8-adcebd13c6f9,test_r004,sha256:748d222b9e06c5abd28b2b2626ee208b7528fc626ca6a0dbabd2b5b238529709,{},,3,fa9c7108-176e-4c68-840d-6acf3a3e59e4|6b11c265-a769-43e0-a7d4-4f3b87505a0d|dfe01aad-97ad-4621-b1f8-adcebd13c6f9|test_r004|sha256:748d222b9e06c5abd28b2b2626ee208b7528fc626ca6a0dbabd2b5b238529709|grid_4n_v1|sha256:ff68c2f545d16f90d1e3b4a9b00305d1b291b92f29d9cd1557f2a1e30e9bd432|sha256:6a57d86e7dd3172662aaf433a408cdd180e4398b8abef10e8b7cfd1b193e4fc4|global
393c461c-0bad-49be-b58f-b5d0c9f8264a,stgcn,fa9c7108-176e-4c68-840d-6acf3a3e59e4,31.81681251525879,40.174869537353516,grid_4n_v1,sha256:ff68c2f545d16f90d1e3b4a9b00305d1b291b92f29d9cd1557f2a1e30e9bd432,global,6b11c265-a769-43e0-a7d4-4f3b87505a0d,dfe01aad-97ad-4621-b1f8-adcebd13c6f9,test_r004,sha256:748d222b9e06c5abd28b2b2626ee208b7528fc626ca6a0dbabd2b5b238529709,{},,4,fa9c7108-176e-4c68-840d-6acf3a3e59e4|6b11c265-a769-43e0-a7d4-4f3b87505a0d|dfe01aad-97ad-4621-b1f8-adcebd13c6f9|test_r004|sha256:748d222b9e06c5abd28b2b2626ee208b7528fc626ca6a0dbabd2b5b238529709|grid_4n_v1|sha256:ff68c2f545d16f90d1e3b4a9b00305d1b291b92f29d9cd1557f2a1e30e9bd432|sha256:6a57d86e7dd3172662aaf433a408cdd180e4398b8abef10e8b7cfd1b193e4fc4|global
55f1e99b-6863-43c0-be32-9ec59ede4e20,ignnk,fa9c7108-176e-4c68-840d-6acf3a3e59e4,26.755474090576172,35.16923141479492,grid_4n_v1,sha256:ff68c2f545d16f90d1e3b4a9b00305d1b291b92f29d9cd1557f2a1e30e9bd432,global,6b11c265-a769-43e0-a7d4-4f3b87505a0d,dfe01aad-97ad-4621-b1f8-adcebd13c6f9,test_r003,sha256:df0318c47fa114681cc9dc333a8d9ff0f8b6bbe33b12c3d4997ad3f93eadbb3b,{},,1,fa9c7108-176e-4c68-840d-6acf3a3e59e4|6b11c265-a769-43e0-a7d4-4f3b87505a0d|dfe01aad-97ad-4621-b1f8-adcebd13c6f9|test_r003|sha256:df0318c47fa114681cc9dc333a8d9ff0f8b6bbe33b12c3d4997ad3f93eadbb3b|grid_4n_v1|sha256:ff68c2f545d16f90d1e3b4a9b00305d1b291b92f29d9cd1557f2a1e30e9bd432|sha256:6a57d86e7dd3172662aaf433a408cdd180e4398b8abef10e8b7cfd1b193e4fc4|global
aa4823bb-0574-482f-b417-b051e77fdf8d,stgcn,fa9c7108-176e-4c68-840d-6acf3a3e59e4,29.396419525146484,38.854835510253906,grid_4n_v1,sha256:ff68c2f545d16f90d1e3b4a9b00305d1b291b92f29d9cd1557f2a1e30e9bd432,global,6b11c265-a769-43e0-a7d4-4f3b87505a0d,dfe01aad-97ad-4621-b1f8-adcebd13c6f9,test_r003,sha256:df0318c47fa114681cc9dc333a8d9ff0f8b6bbe33b12c3d4997ad3f93eadbb3b,{},,2,fa9c7108-176e-4c68-840d-6acf3a3e59e4|6b11c265-a769-43e0-a7d4-4f3b87505a0d|dfe01aad-97ad-4621-b1f8-adcebd13c6f9|test_r003|sha256:df0318c47fa114681cc9dc333a8d9ff0f8b6bbe33b12c3d4997ad3f93eadbb3b|grid_4n_v1|sha256:ff68c2f545d16f90d1e3b4a9b00305d1b291b92f29d9cd1557f2a1e30e9bd432|sha256:6a57d86e7dd3172662aaf433a408cdd180e4398b8abef10e8b7cfd1b193e4fc4|global
cbb84ed5-497f-4139-aaae-bee9d0fb94ac,grin,fa9c7108-176e-4c68-840d-6acf3a3e59e4,31.398775100708008,40.1121711730957,grid_4n_v1,sha256:ff68c2f545d16f90d1e3b4a9b00305d1b291b92f29d9cd1557f2a1e30e9bd432,global,6b11c265-a769-43e0-a7d4-4f3b87505a0d,dfe01aad-97ad-4621-b1f8-adcebd13c6f9,test_r003,sha256:df0318c47fa114681cc9dc333a8d9ff0f8b6bbe33b12c3d4997ad3f93eadbb3b,{},,3,fa9c7108-176e-4c68-840d-6acf3a3e59e4|6b11c265-a769-43e0-a7d4-4f3b87505a0d|dfe01aad-97ad-4621-b1f8-adcebd13c6f9|test_r003|sha256:df0318c47fa114681cc9dc333a8d9ff0f8b6bbe33b12c3d4997ad3f93eadbb3b|grid_4n_v1|sha256:ff68c2f545d16f90d1e3b4a9b00305d1b291b92f29d9cd1557f2a1e30e9bd432|sha256:6a57d86e7dd3172662aaf433a408cdd180e4398b8abef10e8b7cfd1b193e4fc4|global
71f3bb8d-ae12-414b-ab09-5d1d3793d6fc,dcrnn,fa9c7108-176e-4c68-840d-6acf3a3e59e4,31.312334060668945,40.200130462646484,grid_4n_v1,sha256:ff68c2f545d16f90d1e3b4a9b00305d1b291b92f29d9cd1557f2a1e30e9bd432,global,6b11c265-a769-43e0-a7d4-4f3b87505a0d,dfe01aad-97ad-4621-b1f8-adcebd13c6f9,test_r003,sha256:df0318c47fa114681cc9dc333a8d9ff0f8b6bbe33b12c3d4997ad3f93eadbb3b,{},,4,fa9c7108-176e-4c68-840d-6acf3a3e59e4|6b11c265-a769-43e0-a7d4-4f3b87505a0d|dfe01aad-97ad-4621-b1f8-adcebd13c6f9|test_r003|sha256:df0318c47fa114681cc9dc333a8d9ff0f8b6bbe33b12c3d4997ad3f93eadbb3b|grid_4n_v1|sha256:ff68c2f545d16f90d1e3b4a9b00305d1b291b92f29d9cd1557f2a1e30e9bd432|sha256:6a57d86e7dd3172662aaf433a408cdd180e4398b8abef10e8b7cfd1b193e4fc4|global
c55ddbd1-71b0-40d4-ae3d-2dc382b280e6,stgcn,fa9c7108-176e-4c68-840d-6acf3a3e59e4,30.016782760620117,37.92551040649414,grid_4n_v1,sha256:ff68c2f545d16f90d1e3b4a9b00305d1b291b92f29d9cd1557f2a1e30e9bd432,global,6b11c265-a769-43e0-a7d4-4f3b87505a0d,dfe01aad-97ad-4621-b1f8-adcebd13c6f9,test_r002,sha256:7b0c18abb523f6dd35ac01f62bad400559c36b648d6b949a475a0a4358f0b426,{},,1,fa9c7108-176e-4c68-840d-6acf3a3e59e4|6b11c265-a769-43e0-a7d4-4f3b87505a0d|dfe01aad-97ad-4621-b1f8-adcebd13c6f9|test_r002|sha256:7b0c18abb523f6dd35ac01f62bad400559c36b648d6b949a475a0a4358f0b426|grid_4n_v1|sha256:ff68c2f545d16f90d1e3b4a9b00305d1b291b92f29d9cd1557f2a1e30e9bd432|sha256:6a57d86e7dd3172662aaf433a408cdd180e4398b8abef10e8b7cfd1b193e4fc4|global
a676a437-a48d-4433-8c7a-5ee6462fbd89,ignnk,fa9c7108-176e-4c68-840d-6acf3a3e59e4,30.508094787597656,39.39678192138672,grid_4n_v1,sha256:ff68c2f545d16f90d1e3b4a9b00305d1b291b92f29d9cd1557f2a1e30e9bd432,global,6b11c265-a769-43e0-a7d4-4f3b87505a0d,dfe01aad-97ad-4621-b1f8-adcebd13c6f9,test_r002,sha256:7b0c18abb523f6dd35ac01f62bad400559c36b648d6b949a475a0a4358f0b426,{},,2,fa9c7108-176e-4c68-840d-6acf3a3e59e4|6b11c265-a769-43e0-a7d4-4f3b87505a0d|dfe01aad-97ad-4621-b1f8-adcebd13c6f9|test_r002|sha256:7b0c18abb523f6dd35ac01f62bad400559c36b648d6b949a475a0a4358f0b426|grid_4n_v1|sha256:ff68c2f545d16f90d1e3b4a9b00305d1b291b92f29d9cd1557f2a1e30e9bd432|sha256:6a57d86e7dd3172662aaf433a408cdd180e4398b8abef10e8b7cfd1b193e4fc4|global
a3a04df1-4bac-4fb0-b9d8-f21951463994,grin,fa9c7108-176e-4c68-840d-6acf3a3e59e4,32.83903121948242,41.519256591796875,grid_4n_v1,sha256:ff68c2f545d16f90d1e3b4a9b00305d1b291b92f29d9cd1557f2a1e30e9bd432,global,6b11c265-a769-43e0-a7d4-4f3b87505a0d,dfe01aad-97ad-4621-b1f8-adcebd13c6f9,test_r002,sha256:7b0c18abb523f6dd35ac01f62bad400559c36b648d6b949a475a0a4358f0b426,{},,3,fa9c7108-176e-4c68-840d-6acf3a3e59e4|6b11c265-a769-43e0-a7d4-4f3b87505a0d|dfe01aad-97ad-4621-b1f8-adcebd13c6f9|test_r002|sha256:7b0c18abb523f6dd35ac01f62bad400559c36b648d6b949a475a0a4358f0b426|grid_4n_v1|sha256:ff68c2f545d16f90d1e3b4a9b00305d1b291b92f29d9cd1557f2a1e30e9bd432|sha256:6a57d86e7dd3172662aaf433a408cdd180e4398b8abef10e8b7cfd1b193e4fc4|global
6971c82e-ab49-458d-9fd8-c7a7d72b6111,dcrnn,fa9c7108-176e-4c68-840d-6acf3a3e59e4,33.19105529785156,41.79241180419922,grid_4n_v1,sha256:ff68c2f545d16f90d1e3b4a9b00305d1b291b92f29d9cd1557f2a1e30e9bd432,global,6b11c265-a769-43e0-a7d4-4f3b87505a0d,dfe01aad-97ad-4621-b1f8-adcebd13c6f9,test_r002,sha256:7b0c18abb523f6dd35ac01f62bad400559c36b648d6b949a475a0a4358f0b426,{},,4,fa9c7108-176e-4c68-840d-6acf3a3e59e4|6b11c265-a769-43e0-a7d4-4f3b87505a0d|dfe01aad-97ad-4621-b1f8-adcebd13c6f9|test_r002|sha256:7b0c18abb523f6dd35ac01f62bad400559c36b648d6b949a475a0a4358f0b426|grid_4n_v1|sha256:ff68c2f545d16f90d1e3b4a9b00305d1b291b92f29d9cd1557f2a1e30e9bd432|sha256:6a57d86e7dd3172662aaf433a408cdd180e4398b8abef10e8b7cfd1b193e4fc4|global
c7fd7df9-61a3-4f5c-bff3-efa2a268bfe3,ignnk,fa9c7108-176e-4c68-840d-6acf3a3e59e4,31.984745025634766,40.54216766357422,grid_4n_v1,sha256:ff68c2f545d16f90d1e3b4a9b00305d1b291b92f29d9cd1557f2a1e30e9bd432,global,6b11c265-a769-43e0-a7d4-4f3b87505a0d,dfe01aad-97ad-4621-b1f8-adcebd13c6f9,test_r001,sha256:cbfbe9dbc45f8235b2f5783230d7e72dec3257ed35466b042ca278ac27cb0fca,{},,1,fa9c7108-176e-4c68-840d-6acf3a3e59e4|6b11c265-a769-43e0-a7d4-4f3b87505a0d|dfe01aad-97ad-4621-b1f8-adcebd13c6f9|test_r001|sha256:cbfbe9dbc45f8235b2f5783230d7e72dec3257ed35466b042ca278ac27cb0fca|grid_4n_v1|sha256:ff68c2f545d16f90d1e3b4a9b00305d1b291b92f29d9cd1557f2a1e30e9bd432|sha256:6a57d86e7dd3172662aaf433a408cdd180e4398b8abef10e8b7cfd1b193e4fc4|global
537de68e-b8ef-4fb4-9382-4f74d83b5c5f,stgcn,fa9c7108-176e-4c68-840d-6acf3a3e59e4,32.937522888183594,41.49571990966797,grid_4n_v1,sha256:ff68c2f545d16f90d1e3b4a9b00305d1b291b92f29d9cd1557f2a1e30e9bd432,global,6b11c265-a769-43e0-a7d4-4f3b87505a0d,dfe01aad-97ad-4621-b1f8-adcebd13c6f9,test_r001,sha256:cbfbe9dbc45f8235b2f5783230d7e72dec3257ed35466b042ca278ac27cb0fca,{},,2,fa9c7108-176e-4c68-840d-6acf3a3e59e4|6b11c265-a769-43e0-a7d4-4f3b87505a0d|dfe01aad-97ad-4621-b1f8-adcebd13c6f9|test_r001|sha256:cbfbe9dbc45f8235b2f5783230d7e72dec3257ed35466b042ca278ac27cb0fca|grid_4n_v1|sha256:ff68c2f545d16f90d1e3b4a9b00305d1b291b92f29d9cd1557f2a1e30e9bd432|sha256:6a57d86e7dd3172662aaf433a408cdd180e4398b8abef10e8b7cfd1b193e4fc4|global
b44234e6-9f3c-4ad9-b8d2-6787172fc062,grin,fa9c7108-176e-4c68-840d-6acf3a3e59e4,33.477046966552734,42.291900634765625,grid_4n_v1,sha256:ff68c2f545d16f90d1e3b4a9b00305d1b291b92f29d9cd1557f2a1e30e9bd432,global,6b11c265-a769-43e0-a7d4-4f3b87505a0d,dfe01aad-97ad-4621-b1f8-adcebd13c6f9,test_r001,sha256:cbfbe9dbc45f8235b2f5783230d7e72dec3257ed35466b042ca278ac27cb0fca,{},,3,fa9c7108-176e-4c68-840d-6acf3a3e59e4|6b11c265-a769-43e0-a7d4-4f3b87505a0d|dfe01aad-97ad-4621-b1f8-adcebd13c6f9|test_r001|sha256:cbfbe9dbc45f8235b2f5783230d7e72dec3257ed35466b042ca278ac27cb0fca|grid_4n_v1|sha256:ff68c2f545d16f90d1e3b4a9b00305d1b291b92f29d9cd1557f2a1e30e9bd432|sha256:6a57d86e7dd3172662aaf433a408cdd180e4398b8abef10e8b7cfd1b193e4fc4|global
a2d4a3c0-88a5-41a6-ba58-3ef3e335f7e8,dcrnn,fa9c7108-176e-4c68-840d-6acf3a3e59e4,33.860740661621094,42.65918731689453,grid_4n_v1,sha256:ff68c2f545d16f90d1e3b4a9b00305d1b291b92f29d9cd1557f2a1e30e9bd432,global,6b11c265-a769-43e0-a7d4-4f3b87505a0d,dfe01aad-97ad-4621-b1f8-adcebd13c6f9,test_r001,sha256:cbfbe9dbc45f8235b2f5783230d7e72dec3257ed35466b042ca278ac27cb0fca,{},,4,fa9c7108-176e-4c68-840d-6acf3a3e59e4|6b11c265-a769-43e0-a7d4-4f3b87505a0d|dfe01aad-97ad-4621-b1f8-adcebd13c6f9|test_r001|sha256:cbfbe9dbc45f8235b2f5783230d7e72dec3257ed35466b042ca278ac27cb0fca|grid_4n_v1|sha256:ff68c2f545d16f90d1e3b4a9b00305d1b291b92f29d9cd1557f2a1e30e9bd432|sha256:6a57d86e7dd3172662aaf433a408cdd180e4398b8abef10e8b7cfd1b193e4fc4|global
53c7be02-eec6-4f22-b082-ed41d21cf932,stgcn,fa9c7108-176e-4c68-840d-6acf3a3e59e4,28.731456756591797,39.4736328125,grid_4n_v1,sha256:ff68c2f545d16f90d1e3b4a9b00305d1b291b92f29d9cd1557f2a1e30e9bd432,global,6b11c265-a769-43e0-a7d4-4f3b87505a0d,dfe01aad-97ad-4621-b1f8-adcebd13c6f9,test_r000,sha256:c329fefb3e83012c940d8cd0b384b2d8e4766fff64ff935657966c21e9eb1eb5,{},,1,fa9c7108-176e-4c68-840d-6acf3a3e59e4|6b11c265-a769-43e0-a7d4-4f3b87505a0d|dfe01aad-97ad-4621-b1f8-adcebd13c6f9|test_r000|sha256:c329fefb3e83012c940d8cd0b384b2d8e4766fff64ff935657966c21e9eb1eb5|grid_4n_v1|sha256:ff68c2f545d16f90d1e3b4a9b00305d1b291b92f29d9cd1557f2a1e30e9bd432|sha256:6a57d86e7dd3172662aaf433a408cdd180e4398b8abef10e8b7cfd1b193e4fc4|global
6403283a-9c67-44db-a1e9-389204e419a9,ignnk,fa9c7108-176e-4c68-840d-6acf3a3e59e4,31.771862030029297,40.81572723388672,grid_4n_v1,sha256:ff68c2f545d16f90d1e3b4a9b00305d1b291b92f29d9cd1557f2a1e30e9bd432,global,6b11c265-a769-43e0-a7d4-4f3b87505a0d,dfe01aad-97ad-4621-b1f8-adcebd13c6f9,test_r000,sha256:c329fefb3e83012c940d8cd0b384b2d8e4766fff64ff935657966c21e9eb1eb5,{},,2,fa9c7108-176e-4c68-840d-6acf3a3e59e4|6b11c265-a769-43e0-a7d4-4f3b87505a0d|dfe01aad-97ad-4621-b1f8-adcebd13c6f9|test_r000|sha256:c329fefb3e83012c940d8cd0b384b2d8e4766fff64ff935657966c21e9eb1eb5|grid_4n_v1|sha256:ff68c2f545d16f90d1e3b4a9b00305d1b291b92f29d9cd1557f2a1e30e9bd432|sha256:6a57d86e7dd3172662aaf433a408cdd180e4398b8abef10e8b7cfd1b193e4fc4|global
22cc127e-2e69-403e-bc49-4f8d72cf3765,grin,fa9c7108-176e-4c68-840d-6acf3a3e59e4,31.95244789123535,41.27895736694336,grid_4n_v1,sha256:ff68c2f545d16f90d1e3b4a9b00305d1b291b92f29d9cd1557f2a1e30e9bd432,global,6b11c265-a769-43e0-a7d4-4f3b87505a0d,dfe01aad-97ad-4621-b1f8-adcebd13c6f9,test_r000,sha256:c329fefb3e83012c940d8cd0b384b2d8e4766fff64ff935657966c21e9eb1eb5,{},,3,fa9c7108-176e-4c68-840d-6acf3a3e59e4|6b11c265-a769-43e0-a7d4-4f3b87505a0d|dfe01aad-97ad-4621-b1f8-adcebd13c6f9|test_r000|sha256:c329fefb3e83012c940d8cd0b384b2d8e4766fff64ff935657966c21e9eb1eb5|grid_4n_v1|sha256:ff68c2f545d16f90d1e3b4a9b00305d1b291b92f29d9cd1557f2a1e30e9bd432|sha256:6a57d86e7dd3172662aaf433a408cdd180e4398b8abef10e8b7cfd1b193e4fc4|global
7731e32c-5068-420a-95f0-80749ea73dd5,dcrnn,fa9c7108-176e-4c68-840d-6acf3a3e59e4,32.44286346435547,41.6773681640625,grid_4n_v1,sha256:ff68c2f545d16f90d1e3b4a9b00305d1b291b92f29d9cd1557f2a1e30e9bd432,global,6b11c265-a769-43e0-a7d4-4f3b87505a0d,dfe01aad-97ad-4621-b1f8-adcebd13c6f9,test_r000,sha256:c329fefb3e83012c940d8cd0b384b2d8e4766fff64ff935657966c21e9eb1eb5,{},,4,fa9c7108-176e-4c68-840d-6acf3a3e59e4|6b11c265-a769-43e0-a7d4-4f3b87505a0d|dfe01aad-97ad-4621-b1f8-adcebd13c6f9|test_r000|sha256:c329fefb3e83012c940d8cd0b384b2d8e4766fff64ff935657966c21e9eb1eb5|grid_4n_v1|sha256:ff68c2f545d16f90d1e3b4a9b00305d1b291b92f29d9cd1557f2a1e30e9bd432|sha256:6a57d86e7dd3172662aaf433a408cdd180e4398b8abef10e8b7cfd1b193e4fc4|global
ff5045d5-5d12-4ea1-8068-18231ddf22d7,ignnk,fa9c7108-176e-4c68-840d-6acf3a3e59e4,34.18223190307617,42.85066604614258,grid_4n_v1,sha256:ff68c2f545d16f90d1e3b4a9b00305d1b291b92f29d9cd1557f2a1e30e9bd432,global,a07fc937-415a-4734-abb6-dae4b50cab68,c94df2be-b327-4cd2-bd90-7a5b00610aad,test_r004,sha256:8c2ac4ac02a55fed3f7a5738872c97df3a5d380474ce0cd4282431a77c279f41,{},,1,fa9c7108-176e-4c68-840d-6acf3a3e59e4|a07fc937-415a-4734-abb6-dae4b50cab68|c94df2be-b327-4cd2-bd90-7a5b00610aad|test_r004|sha256:8c2ac4ac02a55fed3f7a5738872c97df3a5d380474ce0cd4282431a77c279f41|grid_4n_v1|sha256:ff68c2f545d16f90d1e3b4a9b00305d1b291b92f29d9cd1557f2a1e30e9bd432|sha256:6a57d86e7dd3172662aaf433a408cdd180e4398b8abef10e8b7cfd1b193e4fc4|global
4230ad51-92af-4450-aadb-2d7037677ec1,grin,fa9c7108-176e-4c68-840d-6acf3a3e59e4,33.842281341552734,42.99652862548828,grid_4n_v1,sha256:ff68c2f545d16f90d1e3b4a9b00305d1b291b92f29d9cd1557f2a1e30e9bd432,global,a07fc937-415a-4734-abb6-dae4b50cab68,c94df2be-b327-4cd2-bd90-7a5b00610aad,test_r004,sha256:8c2ac4ac02a55fed3f7a5738872c97df3a5d380474ce0cd4282431a77c279f41,{},,2,fa9c7108-176e-4c68-840d-6acf3a3e59e4|a07fc937-415a-4734-abb6-dae4b50cab68|c94df2be-b327-4cd2-bd90-7a5b00610aad|test_r004|sha256:8c2ac4ac02a55fed3f7a5738872c97df3a5d380474ce0cd4282431a77c279f41|grid_4n_v1|sha256:ff68c2f545d16f90d1e3b4a9b00305d1b291b92f29d9cd1557f2a1e30e9bd432|sha256:6a57d86e7dd3172662aaf433a408cdd180e4398b8abef10e8b7cfd1b193e4fc4|global
17b902c3-3a66-42dd-aae8-fb275fba8438,dcrnn,fa9c7108-176e-4c68-840d-6acf3a3e59e4,34.34535217285156,43.40047073364258,grid_4n_v1,sha256:ff68c2f545d16f90d1e3b4a9b00305d1b291b92f29d9cd1557f2a1e30e9bd432,global,a07fc937-415a-4734-abb6-dae4b50cab68,c94df2be-b327-4cd2-bd90-7a5b00610aad,test_r004,sha256:8c2ac4ac02a55fed3f7a5738872c97df3a5d380474ce0cd4282431a77c279f41,{},,3,fa9c7108-176e-4c68-840d-6acf3a3e59e4|a07fc937-415a-4734-abb6-dae4b50cab68|c94df2be-b327-4cd2-bd90-7a5b00610aad|test_r004|sha256:8c2ac4ac02a55fed3f7a5738872c97df3a5d380474ce0cd4282431a77c279f41|grid_4n_v1|sha256:ff68c2f545d16f90d1e3b4a9b00305d1b291b92f29d9cd1557f2a1e30e9bd432|sha256:6a57d86e7dd3172662aaf433a408cdd180e4398b8abef10e8b7cfd1b193e4fc4|global
181c35f0-3036-47ff-80b3-4be2c73dd5e5,stgcn,fa9c7108-176e-4c68-840d-6acf3a3e59e4,35.52836990356445,44.460487365722656,grid_4n_v1,sha256:ff68c2f545d16f90d1e3b4a9b00305d1b291b92f29d9cd1557f2a1e30e9bd432,global,a07fc937-415a-4734-abb6-dae4b50cab68,c94df2be-b327-4cd2-bd90-7a5b00610aad,test_r004,sha256:8c2ac4ac02a55fed3f7a5738872c97df3a5d380474ce0cd4282431a77c279f41,{},,4,fa9c7108-176e-4c68-840d-6acf3a3e59e4|a07fc937-415a-4734-abb6-dae4b50cab68|c94df2be-b327-4cd2-bd90-7a5b00610aad|test_r004|sha256:8c2ac4ac02a55fed3f7a5738872c97df3a5d380474ce0cd4282431a77c279f41|grid_4n_v1|sha256:ff68c2f545d16f90d1e3b4a9b00305d1b291b92f29d9cd1557f2a1e30e9bd432|sha256:6a57d86e7dd3172662aaf433a408cdd180e4398b8abef10e8b7cfd1b193e4fc4|global
481f8480-4200-4eff-9770-de9f4d6fc9d3,ignnk,fa9c7108-176e-4c68-840d-6acf3a3e59e4,32.61731719970703,41.3875617980957,grid_4n_v1,sha256:ff68c2f545d16f90d1e3b4a9b00305d1b291b92f29d9cd1557f2a1e30e9bd432,global,a07fc937-415a-4734-abb6-dae4b50cab68,c94df2be-b327-4cd2-bd90-7a5b00610aad,test_r003,sha256:ea15239e7f401d6ca5901e42a3308968b0126bc73644f94459368ed501861dc2,{},,1,fa9c7108-176e-4c68-840d-6acf3a3e59e4|a07fc937-415a-4734-abb6-dae4b50cab68|c94df2be-b327-4cd2-bd90-7a5b00610aad|test_r003|sha256:ea15239e7f401d6ca5901e42a3308968b0126bc73644f94459368ed501861dc2|grid_4n_v1|sha256:ff68c2f545d16f90d1e3b4a9b00305d1b291b92f29d9cd1557f2a1e30e9bd432|sha256:6a57d86e7dd3172662aaf433a408cdd180e4398b8abef10e8b7cfd1b193e4fc4|global
8ed14e72-40bb-412c-8912-b9b101ea7cdb,stgcn,fa9c7108-176e-4c68-840d-6acf3a3e59e4,33.18165969848633,41.64287185668945,grid_4n_v1,sha256:ff68c2f545d16f90d1e3b4a9b00305d1b291b92f29d9cd1557f2a1e30e9bd432,global,a07fc937-415a-4734-abb6-dae4b50cab68,c94df2be-b327-4cd2-bd90-7a5b00610aad,test_r003,sha256:ea15239e7f401d6ca5901e42a3308968b0126bc73644f94459368ed501861dc2,{},,2,fa9c7108-176e-4c68-840d-6acf3a3e59e4|a07fc937-415a-4734-abb6-dae4b50cab68|c94df2be-b327-4cd2-bd90-7a5b00610aad|test_r003|sha256:ea15239e7f401d6ca5901e42a3308968b0126bc73644f94459368ed501861dc2|grid_4n_v1|sha256:ff68c2f545d16f90d1e3b4a9b00305d1b291b92f29d9cd1557f2a1e30e9bd432|sha256:6a57d86e7dd3172662aaf433a408cdd180e4398b8abef10e8b7cfd1b193e4fc4|global
c235d1fd-970c-4ba4-bb45-cd000f255847,grin,fa9c7108-176e-4c68-840d-6acf3a3e59e4,33.5915412902832,42.04547882080078,grid_4n_v1,sha256:ff68c2f545d16f90d1e3b4a9b00305d1b291b92f29d9cd1557f2a1e30e9bd432,global,a07fc937-415a-4734-abb6-dae4b50cab68,c94df2be-b327-4cd2-bd90-7a5b00610aad,test_r003,sha256:ea15239e7f401d6ca5901e42a3308968b0126bc73644f94459368ed501861dc2,{},,3,fa9c7108-176e-4c68-840d-6acf3a3e59e4|a07fc937-415a-4734-abb6-dae4b50cab68|c94df2be-b327-4cd2-bd90-7a5b00610aad|test_r003|sha256:ea15239e7f401d6ca5901e42a3308968b0126bc73644f94459368ed501861dc2|grid_4n_v1|sha256:ff68c2f545d16f90d1e3b4a9b00305d1b291b92f29d9cd1557f2a1e30e9bd432|sha256:6a57d86e7dd3172662aaf433a408cdd180e4398b8abef10e8b7cfd1b193e4fc4|global
9df7782f-8354-4a1c-b693-36e457048bc3,dcrnn,fa9c7108-176e-4c68-840d-6acf3a3e59e4,33.81696701049805,42.16210174560547,grid_4n_v1,sha256:ff68c2f545d16f90d1e3b4a9b00305d1b291b92f29d9cd1557f2a1e30e9bd432,global,a07fc937-415a-4734-abb6-dae4b50cab68,c94df2be-b327-4cd2-bd90-7a5b00610aad,test_r003,sha256:ea15239e7f401d6ca5901e42a3308968b0126bc73644f94459368ed501861dc2,{},,4,fa9c7108-176e-4c68-840d-6acf3a3e59e4|a07fc937-415a-4734-abb6-dae4b50cab68|c94df2be-b327-4cd2-bd90-7a5b00610aad|test_r003|sha256:ea15239e7f401d6ca5901e42a3308968b0126bc73644f94459368ed501861dc2|grid_4n_v1|sha256:ff68c2f545d16f90d1e3b4a9b00305d1b291b92f29d9cd1557f2a1e30e9bd432|sha256:6a57d86e7dd3172662aaf433a408cdd180e4398b8abef10e8b7cfd1b193e4fc4|global
9c97d2d3-31bd-4c03-88c4-b6e903a30731,ignnk,fa9c7108-176e-4c68-840d-6acf3a3e59e4,30.176828384399414,38.340782165527344,grid_4n_v1,sha256:ff68c2f545d16f90d1e3b4a9b00305d1b291b92f29d9cd1557f2a1e30e9bd432,global,a07fc937-415a-4734-abb6-dae4b50cab68,c94df2be-b327-4cd2-bd90-7a5b00610aad,test_r002,sha256:14b9dc8d7228d28c552ae9b12594a1d44f0a9546cd2815aac32873baa18616cb,{},,1,fa9c7108-176e-4c68-840d-6acf3a3e59e4|a07fc937-415a-4734-abb6-dae4b50cab68|c94df2be-b327-4cd2-bd90-7a5b00610aad|test_r002|sha256:14b9dc8d7228d28c552ae9b12594a1d44f0a9546cd2815aac32873baa18616cb|grid_4n_v1|sha256:ff68c2f545d16f90d1e3b4a9b00305d1b291b92f29d9cd1557f2a1e30e9bd432|sha256:6a57d86e7dd3172662aaf433a408cdd180e4398b8abef10e8b7cfd1b193e4fc4|global
e8b15447-5a56-4dd8-aec8-39d4616d6fb3,dcrnn,fa9c7108-176e-4c68-840d-6acf3a3e59e4,30.59766387939453,38.76683044433594,grid_4n_v1,sha256:ff68c2f545d16f90d1e3b4a9b00305d1b291b92f29d9cd1557f2a1e30e9bd432,global,a07fc937-415a-4734-abb6-dae4b50cab68,c94df2be-b327-4cd2-bd90-7a5b00610aad,test_r002,sha256:14b9dc8d7228d28c552ae9b12594a1d44f0a9546cd2815aac32873baa18616cb,{},,2,fa9c7108-176e-4c68-840d-6acf3a3e59e4|a07fc937-415a-4734-abb6-dae4b50cab68|c94df2be-b327-4cd2-bd90-7a5b00610aad|test_r002|sha256:14b9dc8d7228d28c552ae9b12594a1d44f0a9546cd2815aac32873baa18616cb|grid_4n_v1|sha256:ff68c2f545d16f90d1e3b4a9b00305d1b291b92f29d9cd1557f2a1e30e9bd432|sha256:6a57d86e7dd3172662aaf433a408cdd180e4398b8abef10e8b7cfd1b193e4fc4|global
abb2df46-3186-4708-adf1-86653dea18d5,stgcn,fa9c7108-176e-4c68-840d-6acf3a3e59e4,30.75235366821289,38.83024215698242,grid_4n_v1,sha256:ff68c2f545d16f90d1e3b4a9b00305d1b291b92f29d9cd1557f2a1e30e9bd432,global,a07fc937-415a-4734-abb6-dae4b50cab68,c94df2be-b327-4cd2-bd90-7a5b00610aad,test_r002,sha256:14b9dc8d7228d28c552ae9b12594a1d44f0a9546cd2815aac32873baa18616cb,{},,3,fa9c7108-176e-4c68-840d-6acf3a3e59e4|a07fc937-415a-4734-abb6-dae4b50cab68|c94df2be-b327-4cd2-bd90-7a5b00610aad|test_r002|sha256:14b9dc8d7228d28c552ae9b12594a1d44f0a9546cd2815aac32873baa18616cb|grid_4n_v1|sha256:ff68c2f545d16f90d1e3b4a9b00305d1b291b92f29d9cd1557f2a1e30e9bd432|sha256:6a57d86e7dd3172662aaf433a408cdd180e4398b8abef10e8b7cfd1b193e4fc4|global
6c949590-f41b-41b6-b786-a6dca5111ea4,grin,fa9c7108-176e-4c68-840d-6acf3a3e59e4,30.895885467529297,39.04072570800781,grid_4n_v1,sha256:ff68c2f545d16f90d1e3b4a9b00305d1b291b92f29d9cd1557f2a1e30e9bd432,global,a07fc937-415a-4734-abb6-dae4b50cab68,c94df2be-b327-4cd2-bd90-7a5b00610aad,test_r002,sha256:14b9dc8d7228d28c552ae9b12594a1d44f0a9546cd2815aac32873baa18616cb,{},,4,fa9c7108-176e-4c68-840d-6acf3a3e59e4|a07fc937-415a-4734-abb6-dae4b50cab68|c94df2be-b327-4cd2-bd90-7a5b00610aad|test_r002|sha256:14b9dc8d7228d28c552ae9b12594a1d44f0a9546cd2815aac32873baa18616cb|grid_4n_v1|sha256:ff68c2f545d16f90d1e3b4a9b00305d1b291b92f29d9cd1557f2a1e30e9bd432|sha256:6a57d86e7dd3172662aaf433a408cdd180e4398b8abef10e8b7cfd1b193e4fc4|global
3755b64e-a4dd-4888-88f4-3f54be4d7b1d,stgcn,fa9c7108-176e-4c68-840d-6acf3a3e59e4,32.87697982788086,42.15562438964844,grid_4n_v1,sha256:ff68c2f545d16f90d1e3b4a9b00305d1b291b92f29d9cd1557f2a1e30e9bd432,global,a07fc937-415a-4734-abb6-dae4b50cab68,c94df2be-b327-4cd2-bd90-7a5b00610aad,test_r001,sha256:cbc6f4f1d65d811f368afaa915571f1b0baf302533ed032fa438cfe16344a494,{},,1,fa9c7108-176e-4c68-840d-6acf3a3e59e4|a07fc937-415a-4734-abb6-dae4b50cab68|c94df2be-b327-4cd2-bd90-7a5b00610aad|test_r001|sha256:cbc6f4f1d65d811f368afaa915571f1b0baf302533ed032fa438cfe16344a494|grid_4n_v1|sha256:ff68c2f545d16f90d1e3b4a9b00305d1b291b92f29d9cd1557f2a1e30e9bd432|sha256:6a57d86e7dd3172662aaf433a408cdd180e4398b8abef10e8b7cfd1b193e4fc4|global
4c84e546-cdc5-489a-8b89-250d90fed7cd,ignnk,fa9c7108-176e-4c68-840d-6acf3a3e59e4,34.099124908447266,43.07520294189453,grid_4n_v1,sha256:ff68c2f545d16f90d1e3b4a9b00305d1b291b92f29d9cd1557f2a1e30e9bd432,global,a07fc937-415a-4734-abb6-dae4b50cab68,c94df2be-b327-4cd2-bd90-7a5b00610aad,test_r001,sha256:cbc6f4f1d65d811f368afaa915571f1b0baf302533ed032fa438cfe16344a494,{},,2,fa9c7108-176e-4c68-840d-6acf3a3e59e4|a07fc937-415a-4734-abb6-dae4b50cab68|c94df2be-b327-4cd2-bd90-7a5b00610aad|test_r001|sha256:cbc6f4f1d65d811f368afaa915571f1b0baf302533ed032fa438cfe16344a494|grid_4n_v1|sha256:ff68c2f545d16f90d1e3b4a9b00305d1b291b92f29d9cd1557f2a1e30e9bd432|sha256:6a57d86e7dd3172662aaf433a408cdd180e4398b8abef10e8b7cfd1b193e4fc4|global
a154c60e-37a2-4bf8-b6a8-a911b2e0c3c1,grin,fa9c7108-176e-4c68-840d-6acf3a3e59e4,33.988502502441406,43.34315872192383,grid_4n_v1,sha256:ff68c2f545d16f90d1e3b4a9b00305d1b291b92f29d9cd1557f2a1e30e9bd432,global,a07fc937-415a-4734-abb6-dae4b50cab68,c94df2be-b327-4cd2-bd90-7a5b00610aad,test_r001,sha256:cbc6f4f1d65d811f368afaa915571f1b0baf302533ed032fa438cfe16344a494,{},,3,fa9c7108-176e-4c68-840d-6acf3a3e59e4|a07fc937-415a-4734-abb6-dae4b50cab68|c94df2be-b327-4cd2-bd90-7a5b00610aad|test_r001|sha256:cbc6f4f1d65d811f368afaa915571f1b0baf302533ed032fa438cfe16344a494|grid_4n_v1|sha256:ff68c2f545d16f90d1e3b4a9b00305d1b291b92f29d9cd1557f2a1e30e9bd432|sha256:6a57d86e7dd3172662aaf433a408cdd180e4398b8abef10e8b7cfd1b193e4fc4|global
ceb9ed14-5fc6-4a79-aa16-6409a6a4f2dc,dcrnn,fa9c7108-176e-4c68-840d-6acf3a3e59e4,34.34223175048828,43.49563217163086,grid_4n_v1,sha256:ff68c2f545d16f90d1e3b4a9b00305d1b291b92f29d9cd1557f2a1e30e9bd432,global,a07fc937-415a-4734-abb6-dae4b50cab68,c94df2be-b327-4cd2-bd90-7a5b00610aad,test_r001,sha256:cbc6f4f1d65d811f368afaa915571f1b0baf302533ed032fa438cfe16344a494,{},,4,fa9c7108-176e-4c68-840d-6acf3a3e59e4|a07fc937-415a-4734-abb6-dae4b50cab68|c94df2be-b327-4cd2-bd90-7a5b00610aad|test_r001|sha256:cbc6f4f1d65d811f368afaa915571f1b0baf302533ed032fa438cfe16344a494|grid_4n_v1|sha256:ff68c2f545d16f90d1e3b4a9b00305d1b291b92f29d9cd1557f2a1e30e9bd432|sha256:6a57d86e7dd3172662aaf433a408cdd180e4398b8abef10e8b7cfd1b193e4fc4|global
8ae86254-e110-410c-b1a3-8fb7ebe70d8d,grin,fa9c7108-176e-4c68-840d-6acf3a3e59e4,35.32199478149414,44.20526123046875,grid_4n_v1,sha256:ff68c2f545d16f90d1e3b4a9b00305d1b291b92f29d9cd1557f2a1e30e9bd432,global,a07fc937-415a-4734-abb6-dae4b50cab68,c94df2be-b327-4cd2-bd90-7a5b00610aad,test_r000,sha256:20c374c9bd9e6adefcf3741b6a5c18de9e5f72d284f3c79efbe03d0dbf24ec2c,{},,1,fa9c7108-176e-4c68-840d-6acf3a3e59e4|a07fc937-415a-4734-abb6-dae4b50cab68|c94df2be-b327-4cd2-bd90-7a5b00610aad|test_r000|sha256:20c374c9bd9e6adefcf3741b6a5c18de9e5f72d284f3c79efbe03d0dbf24ec2c|grid_4n_v1|sha256:ff68c2f545d16f90d1e3b4a9b00305d1b291b92f29d9cd1557f2a1e30e9bd432|sha256:6a57d86e7dd3172662aaf433a408cdd180e4398b8abef10e8b7cfd1b193e4fc4|global
7a7bde4c-c20c-4549-b1cd-05a472d7e68c,ignnk,fa9c7108-176e-4c68-840d-6acf3a3e59e4,35.61058807373047,44.62028121948242,grid_4n_v1,sha256:ff68c2f545d16f90d1e3b4a9b00305d1b291b92f29d9cd1557f2a1e30e9bd432,global,a07fc937-415a-4734-abb6-dae4b50cab68,c94df2be-b327-4cd2-bd90-7a5b00610aad,test_r000,sha256:20c374c9bd9e6adefcf3741b6a5c18de9e5f72d284f3c79efbe03d0dbf24ec2c,{},,2,fa9c7108-176e-4c68-840d-6acf3a3e59e4|a07fc937-415a-4734-abb6-dae4b50cab68|c94df2be-b327-4cd2-bd90-7a5b00610aad|test_r000|sha256:20c374c9bd9e6adefcf3741b6a5c18de9e5f72d284f3c79efbe03d0dbf24ec2c|grid_4n_v1|sha256:ff68c2f545d16f90d1e3b4a9b00305d1b291b92f29d9cd1557f2a1e30e9bd432|sha256:6a57d86e7dd3172662aaf433a408cdd180e4398b8abef10e8b7cfd1b193e4fc4|global
2160b6c0-f5ba-41d0-a988-19ce560e5fb3,dcrnn,fa9c7108-176e-4c68-840d-6acf3a3e59e4,35.958309173583984,44.72929000854492,grid_4n_v1,sha256:ff68c2f545d16f90d1e3b4a9b00305d1b291b92f29d9cd1557f2a1e30e9bd432,global,a07fc937-415a-4734-abb6-dae4b50cab68,c94df2be-b327-4cd2-bd90-7a5b00610aad,test_r000,sha256:20c374c9bd9e6adefcf3741b6a5c18de9e5f72d284f3c79efbe03d0dbf24ec2c,{},,3,fa9c7108-176e-4c68-840d-6acf3a3e59e4|a07fc937-415a-4734-abb6-dae4b50cab68|c94df2be-b327-4cd2-bd90-7a5b00610aad|test_r000|sha256:20c374c9bd9e6adefcf3741b6a5c18de9e5f72d284f3c79efbe03d0dbf24ec2c|grid_4n_v1|sha256:ff68c2f545d16f90d1e3b4a9b00305d1b291b92f29d9cd1557f2a1e30e9bd432|sha256:6a57d86e7dd3172662aaf433a408cdd180e4398b8abef10e8b7cfd1b193e4fc4|global
4d0770d8-11e8-4ff3-88f1-c6bdfad243ec,stgcn,fa9c7108-176e-4c68-840d-6acf3a3e59e4,36.41657638549805,45.19081497192383,grid_4n_v1,sha256:ff68c2f545d16f90d1e3b4a9b00305d1b291b92f29d9cd1557f2a1e30e9bd432,global,a07fc937-415a-4734-abb6-dae4b50cab68,c94df2be-b327-4cd2-bd90-7a5b00610aad,test_r000,sha256:20c374c9bd9e6adefcf3741b6a5c18de9e5f72d284f3c79efbe03d0dbf24ec2c,{},,4,fa9c7108-176e-4c68-840d-6acf3a3e59e4|a07fc937-415a-4734-abb6-dae4b50cab68|c94df2be-b327-4cd2-bd90-7a5b00610aad|test_r000|sha256:20c374c9bd9e6adefcf3741b6a5c18de9e5f72d284f3c79efbe03d0dbf24ec2c|grid_4n_v1|sha256:ff68c2f545d16f90d1e3b4a9b00305d1b291b92f29d9cd1557f2a1e30e9bd432|sha256:6a57d86e7dd3172662aaf433a408cdd180e4398b8abef10e8b7cfd1b193e4fc4|global
a05bc9fa-315c-4b8d-bcf7-01918c95f3d7,stgcn,fa9c7108-176e-4c68-840d-6acf3a3e59e4,47.44264221191406,56.03086471557617,grid_4n_v1,sha256:ff68c2f545d16f90d1e3b4a9b00305d1b291b92f29d9cd1557f2a1e30e9bd432,global,5a345f47-e01d-4f0a-a9a1-bf051f02c659,ab272862-a6c1-4906-86f6-94c150844aee,test_r004,sha256:a79d8b3eb4176466e913ff21e8572e8786b421542f6a004482cdba4308f56cf6,{},,1,fa9c7108-176e-4c68-840d-6acf3a3e59e4|5a345f47-e01d-4f0a-a9a1-bf051f02c659|ab272862-a6c1-4906-86f6-94c150844aee|test_r004|sha256:a79d8b3eb4176466e913ff21e8572e8786b421542f6a004482cdba4308f56cf6|grid_4n_v1|sha256:ff68c2f545d16f90d1e3b4a9b00305d1b291b92f29d9cd1557f2a1e30e9bd432|sha256:6a57d86e7dd3172662aaf433a408cdd180e4398b8abef10e8b7cfd1b193e4fc4|global
2ae29646-7a25-4fb2-a10b-bdeae8031cf9,ignnk,fa9c7108-176e-4c68-840d-6acf3a3e59e4,47.971248626708984,57.813228607177734,grid_4n_v1,sha256:ff68c2f545d16f90d1e3b4a9b00305d1b291b92f29d9cd1557f2a1e30e9bd432,global,5a345f47-e01d-4f0a-a9a1-bf051f02c659,ab272862-a6c1-4906-86f6-94c150844aee,test_r004,sha256:a79d8b3eb4176466e913ff21e8572e8786b421542f6a004482cdba4308f56cf6,{},,2,fa9c7108-176e-4c68-840d-6acf3a3e59e4|5a345f47-e01d-4f0a-a9a1-bf051f02c659|ab272862-a6c1-4906-86f6-94c150844aee|test_r004|sha256:a79d8b3eb4176466e913ff21e8572e8786b421542f6a004482cdba4308f56cf6|grid_4n_v1|sha256:ff68c2f545d16f90d1e3b4a9b00305d1b291b92f29d9cd1557f2a1e30e9bd432|sha256:6a57d86e7dd3172662aaf433a408cdd180e4398b8abef10e8b7cfd1b193e4fc4|global
ef0d0eaa-9523-48ad-976b-9d24d8dfd6fd,grin,fa9c7108-176e-4c68-840d-6acf3a3e59e4,51.005184173583984,60.193599700927734,grid_4n_v1,sha256:ff68c2f545d16f90d1e3b4a9b00305d1b291b92f29d9cd1557f2a1e30e9bd432,global,5a345f47-e01d-4f0a-a9a1-bf051f02c659,ab272862-a6c1-4906-86f6-94c150844aee,test_r004,sha256:a79d8b3eb4176466e913ff21e8572e8786b421542f6a004482cdba4308f56cf6,{},,3,fa9c7108-176e-4c68-840d-6acf3a3e59e4|5a345f47-e01d-4f0a-a9a1-bf051f02c659|ab272862-a6c1-4906-86f6-94c150844aee|test_r004|sha256:a79d8b3eb4176466e913ff21e8572e8786b421542f6a004482cdba4308f56cf6|grid_4n_v1|sha256:ff68c2f545d16f90d1e3b4a9b00305d1b291b92f29d9cd1557f2a1e30e9bd432|sha256:6a57d86e7dd3172662aaf433a408cdd180e4398b8abef10e8b7cfd1b193e4fc4|global
72b361bf-8b5b-4383-8775-f39727c91c3f,dcrnn,fa9c7108-176e-4c68-840d-6acf3a3e59e4,51.39973449707031,60.455204010009766,grid_4n_v1,sha256:ff68c2f545d16f90d1e3b4a9b00305d1b291b92f29d9cd1557f2a1e30e9bd432,global,5a345f47-e01d-4f0a-a9a1-bf051f02c659,ab272862-a6c1-4906-86f6-94c150844aee,test_r004,sha256:a79d8b3eb4176466e913ff21e8572e8786b421542f6a004482cdba4308f56cf6,{},,4,fa9c7108-176e-4c68-840d-6acf3a3e59e4|5a345f47-e01d-4f0a-a9a1-bf051f02c659|ab272862-a6c1-4906-86f6-94c150844aee|test_r004|sha256:a79d8b3eb4176466e913ff21e8572e8786b421542f6a004482cdba4308f56cf6|grid_4n_v1|sha256:ff68c2f545d16f90d1e3b4a9b00305d1b291b92f29d9cd1557f2a1e30e9bd432|sha256:6a57d86e7dd3172662aaf433a408cdd180e4398b8abef10e8b7cfd1b193e4fc4|global
33686aaa-3e09-4c53-9ad0-ec25a99452b2,ignnk,fa9c7108-176e-4c68-840d-6acf3a3e59e4,44.98135757446289,55.21123504638672,grid_4n_v1,sha256:ff68c2f545d16f90d1e3b4a9b00305d1b291b92f29d9cd1557f2a1e30e9bd432,global,5a345f47-e01d-4f0a-a9a1-bf051f02c659,ab272862-a6c1-4906-86f6-94c150844aee,test_r003,sha256:7e2efe541b3507d42fbe87bfbb1efa269969a1d70ab906907e984bc83ddd7fcc,{},,1,fa9c7108-176e-4c68-840d-6acf3a3e59e4|5a345f47-e01d-4f0a-a9a1-bf051f02c659|ab272862-a6c1-4906-86f6-94c150844aee|test_r003|sha256:7e2efe541b3507d42fbe87bfbb1efa269969a1d70ab906907e984bc83ddd7fcc|grid_4n_v1|sha256:ff68c2f545d16f90d1e3b4a9b00305d1b291b92f29d9cd1557f2a1e30e9bd432|sha256:6a57d86e7dd3172662aaf433a408cdd180e4398b8abef10e8b7cfd1b193e4fc4|global
faee1a4f-bea6-4cc2-a1f8-eb86fd88a9fd,stgcn,fa9c7108-176e-4c68-840d-6acf3a3e59e4,46.962005615234375,56.04478073120117,grid_4n_v1,sha256:ff68c2f545d16f90d1e3b4a9b00305d1b291b92f29d9cd1557f2a1e30e9bd432,global,5a345f47-e01d-4f0a-a9a1-bf051f02c659,ab272862-a6c1-4906-86f6-94c150844aee,test_r003,sha256:7e2efe541b3507d42fbe87bfbb1efa269969a1d70ab906907e984bc83ddd7fcc,{},,2,fa9c7108-176e-4c68-840d-6acf3a3e59e4|5a345f47-e01d-4f0a-a9a1-bf051f02c659|ab272862-a6c1-4906-86f6-94c150844aee|test_r003|sha256:7e2efe541b3507d42fbe87bfbb1efa269969a1d70ab906907e984bc83ddd7fcc|grid_4n_v1|sha256:ff68c2f545d16f90d1e3b4a9b00305d1b291b92f29d9cd1557f2a1e30e9bd432|sha256:6a57d86e7dd3172662aaf433a408cdd180e4398b8abef10e8b7cfd1b193e4fc4|global
d1ce7cc9-017a-425b-a0ee-edcb4292e397,grin,fa9c7108-176e-4c68-840d-6acf3a3e59e4,50.58833312988281,59.780738830566406,grid_4n_v1,sha256:ff68c2f545d16f90d1e3b4a9b00305d1b291b92f29d9cd1557f2a1e30e9bd432,global,5a345f47-e01d-4f0a-a9a1-bf051f02c659,ab272862-a6c1-4906-86f6-94c150844aee,test_r003,sha256:7e2efe541b3507d42fbe87bfbb1efa269969a1d70ab906907e984bc83ddd7fcc,{},,3,fa9c7108-176e-4c68-840d-6acf3a3e59e4|5a345f47-e01d-4f0a-a9a1-bf051f02c659|ab272862-a6c1-4906-86f6-94c150844aee|test_r003|sha256:7e2efe541b3507d42fbe87bfbb1efa269969a1d70ab906907e984bc83ddd7fcc|grid_4n_v1|sha256:ff68c2f545d16f90d1e3b4a9b00305d1b291b92f29d9cd1557f2a1e30e9bd432|sha256:6a57d86e7dd3172662aaf433a408cdd180e4398b8abef10e8b7cfd1b193e4fc4|global
7e27342f-706b-45d5-9f38-ddaaa3b54408,dcrnn,fa9c7108-176e-4c68-840d-6acf3a3e59e4,51.27079772949219,60.49599838256836,grid_4n_v1,sha256:ff68c2f545d16f90d1e3b4a9b00305d1b291b92f29d9cd1557f2a1e30e9bd432,global,5a345f47-e01d-4f0a-a9a1-bf051f02c659,ab272862-a6c1-4906-86f6-94c150844aee,test_r003,sha256:7e2efe541b3507d42fbe87bfbb1efa269969a1d70ab906907e984bc83ddd7fcc,{},,4,fa9c7108-176e-4c68-840d-6acf3a3e59e4|5a345f47-e01d-4f0a-a9a1-bf051f02c659|ab272862-a6c1-4906-86f6-94c150844aee|test_r003|sha256:7e2efe541b3507d42fbe87bfbb1efa269969a1d70ab906907e984bc83ddd7fcc|grid_4n_v1|sha256:ff68c2f545d16f90d1e3b4a9b00305d1b291b92f29d9cd1557f2a1e30e9bd432|sha256:6a57d86e7dd3172662aaf433a408cdd180e4398b8abef10e8b7cfd1b193e4fc4|global
c4e048eb-d4c2-47df-a716-63c8c8ad4fd5,ignnk,fa9c7108-176e-4c68-840d-6acf3a3e59e4,50.64955139160156,59.60780334472656,grid_4n_v1,sha256:ff68c2f545d16f90d1e3b4a9b00305d1b291b92f29d9cd1557f2a1e30e9bd432,global,5a345f47-e01d-4f0a-a9a1-bf051f02c659,ab272862-a6c1-4906-86f6-94c150844aee,test_r002,sha256:e872f0cf2a16f411a6f7f2ce97a93744c318bb6c539a912226494f61a4cc7f78,{},,1,fa9c7108-176e-4c68-840d-6acf3a3e59e4|5a345f47-e01d-4f0a-a9a1-bf051f02c659|ab272862-a6c1-4906-86f6-94c150844aee|test_r002|sha256:e872f0cf2a16f411a6f7f2ce97a93744c318bb6c539a912226494f61a4cc7f78|grid_4n_v1|sha256:ff68c2f545d16f90d1e3b4a9b00305d1b291b92f29d9cd1557f2a1e30e9bd432|sha256:6a57d86e7dd3172662aaf433a408cdd180e4398b8abef10e8b7cfd1b193e4fc4|global
efe51107-012e-4a3a-8ce7-676d7381b994,grin,fa9c7108-176e-4c68-840d-6acf3a3e59e4,51.2401008605957,60.30280303955078,grid_4n_v1,sha256:ff68c2f545d16f90d1e3b4a9b00305d1b291b92f29d9cd1557f2a1e30e9bd432,global,5a345f47-e01d-4f0a-a9a1-bf051f02c659,ab272862-a6c1-4906-86f6-94c150844aee,test_r002,sha256:e872f0cf2a16f411a6f7f2ce97a93744c318bb6c539a912226494f61a4cc7f78,{},,2,fa9c7108-176e-4c68-840d-6acf3a3e59e4|5a345f47-e01d-4f0a-a9a1-bf051f02c659|ab272862-a6c1-4906-86f6-94c150844aee|test_r002|sha256:e872f0cf2a16f411a6f7f2ce97a93744c318bb6c539a912226494f61a4cc7f78|grid_4n_v1|sha256:ff68c2f545d16f90d1e3b4a9b00305d1b291b92f29d9cd1557f2a1e30e9bd432|sha256:6a57d86e7dd3172662aaf433a408cdd180e4398b8abef10e8b7cfd1b193e4fc4|global
006624e3-fa0d-4637-a2eb-b6cf3e03bc1d,stgcn,fa9c7108-176e-4c68-840d-6acf3a3e59e4,51.21691131591797,60.64850997924805,grid_4n_v1,sha256:ff68c2f545d16f90d1e3b4a9b00305d1b291b92f29d9cd1557f2a1e30e9bd432,global,5a345f47-e01d-4f0a-a9a1-bf051f02c659,ab272862-a6c1-4906-86f6-94c150844aee,test_r002,sha256:e872f0cf2a16f411a6f7f2ce97a93744c318bb6c539a912226494f61a4cc7f78,{},,3,fa9c7108-176e-4c68-840d-6acf3a3e59e4|5a345f47-e01d-4f0a-a9a1-bf051f02c659|ab272862-a6c1-4906-86f6-94c150844aee|test_r002|sha256:e872f0cf2a16f411a6f7f2ce97a93744c318bb6c539a912226494f61a4cc7f78|grid_4n_v1|sha256:ff68c2f545d16f90d1e3b4a9b00305d1b291b92f29d9cd1557f2a1e30e9bd432|sha256:6a57d86e7dd3172662aaf433a408cdd180e4398b8abef10e8b7cfd1b193e4fc4|global
05725669-615f-4aec-9d14-676f3765b07a,dcrnn,fa9c7108-176e-4c68-840d-6acf3a3e59e4,51.773048400878906,60.756038665771484,grid_4n_v1,sha256:ff68c2f545d16f90d1e3b4a9b00305d1b291b92f29d9cd1557f2a1e30e9bd432,global,5a345f47-e01d-4f0a-a9a1-bf051f02c659,ab272862-a6c1-4906-86f6-94c150844aee,test_r002,sha256:e872f0cf2a16f411a6f7f2ce97a93744c318bb6c539a912226494f61a4cc7f78,{},,4,fa9c7108-176e-4c68-840d-6acf3a3e59e4|5a345f47-e01d-4f0a-a9a1-bf051f02c659|ab272862-a6c1-4906-86f6-94c150844aee|test_r002|sha256:e872f0cf2a16f411a6f7f2ce97a93744c318bb6c539a912226494f61a4cc7f78|grid_4n_v1|sha256:ff68c2f545d16f90d1e3b4a9b00305d1b291b92f29d9cd1557f2a1e30e9bd432|sha256:6a57d86e7dd3172662aaf433a408cdd180e4398b8abef10e8b7cfd1b193e4fc4|global
f8756d5d-c728-44ab-bf9e-c553882f68de,stgcn,fa9c7108-176e-4c68-840d-6acf3a3e59e4,44.23628234863281,54.290740966796875,grid_4n_v1,sha256:ff68c2f545d16f90d1e3b4a9b00305d1b291b92f29d9cd1557f2a1e30e9bd432,global,5a345f47-e01d-4f0a-a9a1-bf051f02c659,ab272862-a6c1-4906-86f6-94c150844aee,test_r001,sha256:9850e835fd07f57cd535f7ecb52e20faa6ccd16f2d82462aa0d7315f68bb8674,{},,1,fa9c7108-176e-4c68-840d-6acf3a3e59e4|5a345f47-e01d-4f0a-a9a1-bf051f02c659|ab272862-a6c1-4906-86f6-94c150844aee|test_r001|sha256:9850e835fd07f57cd535f7ecb52e20faa6ccd16f2d82462aa0d7315f68bb8674|grid_4n_v1|sha256:ff68c2f545d16f90d1e3b4a9b00305d1b291b92f29d9cd1557f2a1e30e9bd432|sha256:6a57d86e7dd3172662aaf433a408cdd180e4398b8abef10e8b7cfd1b193e4fc4|global
b238fc47-8ce8-4490-9b18-f7ba4b3f4f41,grin,fa9c7108-176e-4c68-840d-6acf3a3e59e4,51.132442474365234,60.2880973815918,grid_4n_v1,sha256:ff68c2f545d16f90d1e3b4a9b00305d1b291b92f29d9cd1557f2a1e30e9bd432,global,5a345f47-e01d-4f0a-a9a1-bf051f02c659,ab272862-a6c1-4906-86f6-94c150844aee,test_r001,sha256:9850e835fd07f57cd535f7ecb52e20faa6ccd16f2d82462aa0d7315f68bb8674,{},,2,fa9c7108-176e-4c68-840d-6acf3a3e59e4|5a345f47-e01d-4f0a-a9a1-bf051f02c659|ab272862-a6c1-4906-86f6-94c150844aee|test_r001|sha256:9850e835fd07f57cd535f7ecb52e20faa6ccd16f2d82462aa0d7315f68bb8674|grid_4n_v1|sha256:ff68c2f545d16f90d1e3b4a9b00305d1b291b92f29d9cd1557f2a1e30e9bd432|sha256:6a57d86e7dd3172662aaf433a408cdd180e4398b8abef10e8b7cfd1b193e4fc4|global
c84737d2-4a35-42b5-9dc8-a411d8d702fe,ignnk,fa9c7108-176e-4c68-840d-6acf3a3e59e4,50.4137077331543,60.791259765625,grid_4n_v1,sha256:ff68c2f545d16f90d1e3b4a9b00305d1b291b92f29d9cd1557f2a1e30e9bd432,global,5a345f47-e01d-4f0a-a9a1-bf051f02c659,ab272862-a6c1-4906-86f6-94c150844aee,test_r001,sha256:9850e835fd07f57cd535f7ecb52e20faa6ccd16f2d82462aa0d7315f68bb8674,{},,3,fa9c7108-176e-4c68-840d-6acf3a3e59e4|5a345f47-e01d-4f0a-a9a1-bf051f02c659|ab272862-a6c1-4906-86f6-94c150844aee|test_r001|sha256:9850e835fd07f57cd535f7ecb52e20faa6ccd16f2d82462aa0d7315f68bb8674|grid_4n_v1|sha256:ff68c2f545d16f90d1e3b4a9b00305d1b291b92f29d9cd1557f2a1e30e9bd432|sha256:6a57d86e7dd3172662aaf433a408cdd180e4398b8abef10e8b7cfd1b193e4fc4|global
d77c418c-4953-4a91-be6a-f3191377c0b3,dcrnn,fa9c7108-176e-4c68-840d-6acf3a3e59e4,51.742095947265625,60.84316635131836,grid_4n_v1,sha256:ff68c2f545d16f90d1e3b4a9b00305d1b291b92f29d9cd1557f2a1e30e9bd432,global,5a345f47-e01d-4f0a-a9a1-bf051f02c659,ab272862-a6c1-4906-86f6-94c150844aee,test_r001,sha256:9850e835fd07f57cd535f7ecb52e20faa6ccd16f2d82462aa0d7315f68bb8674,{},,4,fa9c7108-176e-4c68-840d-6acf3a3e59e4|5a345f47-e01d-4f0a-a9a1-bf051f02c659|ab272862-a6c1-4906-86f6-94c150844aee|test_r001|sha256:9850e835fd07f57cd535f7ecb52e20faa6ccd16f2d82462aa0d7315f68bb8674|grid_4n_v1|sha256:ff68c2f545d16f90d1e3b4a9b00305d1b291b92f29d9cd1557f2a1e30e9bd432|sha256:6a57d86e7dd3172662aaf433a408cdd180e4398b8abef10e8b7cfd1b193e4fc4|global
74f385d2-ab23-4885-9bd2-94b4ac782713,dcrnn,fa9c7108-176e-4c68-840d-6acf3a3e59e4,51.37904357910156,60.46630859375,grid_4n_v1,sha256:ff68c2f545d16f90d1e3b4a9b00305d1b291b92f29d9cd1557f2a1e30e9bd432,global,5a345f47-e01d-4f0a-a9a1-bf051f02c659,ab272862-a6c1-4906-86f6-94c150844aee,test_r000,sha256:3b71a2c4d361bbdfd0ab32b6c7ef0dd2e85c83adf3edc49c32f0177c9ba952ca,{},,1,fa9c7108-176e-4c68-840d-6acf3a3e59e4|5a345f47-e01d-4f0a-a9a1-bf051f02c659|ab272862-a6c1-4906-86f6-94c150844aee|test_r000|sha256:3b71a2c4d361bbdfd0ab32b6c7ef0dd2e85c83adf3edc49c32f0177c9ba952ca|grid_4n_v1|sha256:ff68c2f545d16f90d1e3b4a9b00305d1b291b92f29d9cd1557f2a1e30e9bd432|sha256:6a57d86e7dd3172662aaf433a408cdd180e4398b8abef10e8b7cfd1b193e4fc4|global
79020b31-ed5a-4c83-97e5-19d62e73e17b,grin,fa9c7108-176e-4c68-840d-6acf3a3e59e4,51.483665466308594,60.58158493041992,grid_4n_v1,sha256:ff68c2f545d16f90d1e3b4a9b00305d1b291b92f29d9cd1557f2a1e30e9bd432,global,5a345f47-e01d-4f0a-a9a1-bf051f02c659,ab272862-a6c1-4906-86f6-94c150844aee,test_r000,sha256:3b71a2c4d361bbdfd0ab32b6c7ef0dd2e85c83adf3edc49c32f0177c9ba952ca,{},,2,fa9c7108-176e-4c68-840d-6acf3a3e59e4|5a345f47-e01d-4f0a-a9a1-bf051f02c659|ab272862-a6c1-4906-86f6-94c150844aee|test_r000|sha256:3b71a2c4d361bbdfd0ab32b6c7ef0dd2e85c83adf3edc49c32f0177c9ba952ca|grid_4n_v1|sha256:ff68c2f545d16f90d1e3b4a9b00305d1b291b92f29d9cd1557f2a1e30e9bd432|sha256:6a57d86e7dd3172662aaf433a408cdd180e4398b8abef10e8b7cfd1b193e4fc4|global
fadad062-6c98-4629-92c1-a39ca6ed9302,stgcn,fa9c7108-176e-4c68-840d-6acf3a3e59e4,50.81989288330078,62.929229736328125,grid_4n_v1,sha256:ff68c2f545d16f90d1e3b4a9b00305d1b291b92f29d9cd1557f2a1e30e9bd432,global,5a345f47-e01d-4f0a-a9a1-bf051f02c659,ab272862-a6c1-4906-86f6-94c150844aee,test_r000,sha256:3b71a2c4d361bbdfd0ab32b6c7ef0dd2e85c83adf3edc49c32f0177c9ba952ca,{},,3,fa9c7108-176e-4c68-840d-6acf3a3e59e4|5a345f47-e01d-4f0a-a9a1-bf051f02c659|ab272862-a6c1-4906-86f6-94c150844aee|test_r000|sha256:3b71a2c4d361bbdfd0ab32b6c7ef0dd2e85c83adf3edc49c32f0177c9ba952ca|grid_4n_v1|sha256:ff68c2f545d16f90d1e3b4a9b00305d1b291b92f29d9cd1557f2a1e30e9bd432|sha256:6a57d86e7dd3172662aaf433a408cdd180e4398b8abef10e8b7cfd1b193e4fc4|global
12e6e3e1-6e1c-4450-95d3-c95f22d5dd9a,ignnk,fa9c7108-176e-4c68-840d-6acf3a3e59e4,59.054420471191406,67.52710723876953,grid_4n_v1,sha256:ff68c2f545d16f90d1e3b4a9b00305d1b291b92f29d9cd1557f2a1e30e9bd432,global,5a345f47-e01d-4f0a-a9a1-bf051f02c659,ab272862-a6c1-4906-86f6-94c150844aee,test_r000,sha256:3b71a2c4d361bbdfd0ab32b6c7ef0dd2e85c83adf3edc49c32f0177c9ba952ca,{},,4,fa9c7108-176e-4c68-840d-6acf3a3e59e4|5a345f47-e01d-4f0a-a9a1-bf051f02c659|ab272862-a6c1-4906-86f6-94c150844aee|test_r000|sha256:3b71a2c4d361bbdfd0ab32b6c7ef0dd2e85c83adf3edc49c32f0177c9ba952ca|grid_4n_v1|sha256:ff68c2f545d16f90d1e3b4a9b00305d1b291b92f29d9cd1557f2a1e30e9bd432|sha256:6a57d86e7dd3172662aaf433a408cdd180e4398b8abef10e8b7cfd1b193e4fc4|global
d8ba523f-25e8-4b5b-aead-755159d739c7,ignnk,fa9c7108-176e-4c68-840d-6acf3a3e59e4,38.37466812133789,47.23185729980469,grid_4n_v1,sha256:ff68c2f545d16f90d1e3b4a9b00305d1b291b92f29d9cd1557f2a1e30e9bd432,global,48cd32ea-da71-4ce0-8433-51c01ee1f4fb,187f5c93-de6b-4c10-b9d1-21aa2dacebd1,test_r004,sha256:2170ea773ec7bd0fda033ce17beb4fd5cdd171f7492bd6ce0819a3f0fdc91417,{},,1,fa9c7108-176e-4c68-840d-6acf3a3e59e4|48cd32ea-da71-4ce0-8433-51c01ee1f4fb|187f5c93-de6b-4c10-b9d1-21aa2dacebd1|test_r004|sha256:2170ea773ec7bd0fda033ce17beb4fd5cdd171f7492bd6ce0819a3f0fdc91417|grid_4n_v1|sha256:ff68c2f545d16f90d1e3b4a9b00305d1b291b92f29d9cd1557f2a1e30e9bd432|sha256:6a57d86e7dd3172662aaf433a408cdd180e4398b8abef10e8b7cfd1b193e4fc4|global
5d649dbb-b09f-4953-a4c7-0d9439299abd,grin,fa9c7108-176e-4c68-840d-6acf3a3e59e4,38.416629791259766,47.46904373168945,grid_4n_v1,sha256:ff68c2f545d16f90d1e3b4a9b00305d1b291b92f29d9cd1557f2a1e30e9bd432,global,48cd32ea-da71-4ce0-8433-51c01ee1f4fb,187f5c93-de6b-4c10-b9d1-21aa2dacebd1,test_r004,sha256:2170ea773ec7bd0fda033ce17beb4fd5cdd171f7492bd6ce0819a3f0fdc91417,{},,2,fa9c7108-176e-4c68-840d-6acf3a3e59e4|48cd32ea-da71-4ce0-8433-51c01ee1f4fb|187f5c93-de6b-4c10-b9d1-21aa2dacebd1|test_r004|sha256:2170ea773ec7bd0fda033ce17beb4fd5cdd171f7492bd6ce0819a3f0fdc91417|grid_4n_v1|sha256:ff68c2f545d16f90d1e3b4a9b00305d1b291b92f29d9cd1557f2a1e30e9bd432|sha256:6a57d86e7dd3172662aaf433a408cdd180e4398b8abef10e8b7cfd1b193e4fc4|global
3840e4b9-98b3-4e48-a966-18b9696f7938,dcrnn,fa9c7108-176e-4c68-840d-6acf3a3e59e4,38.93931579589844,47.850093841552734,grid_4n_v1,sha256:ff68c2f545d16f90d1e3b4a9b00305d1b291b92f29d9cd1557f2a1e30e9bd432,global,48cd32ea-da71-4ce0-8433-51c01ee1f4fb,187f5c93-de6b-4c10-b9d1-21aa2dacebd1,test_r004,sha256:2170ea773ec7bd0fda033ce17beb4fd5cdd171f7492bd6ce0819a3f0fdc91417,{},,3,fa9c7108-176e-4c68-840d-6acf3a3e59e4|48cd32ea-da71-4ce0-8433-51c01ee1f4fb|187f5c93-de6b-4c10-b9d1-21aa2dacebd1|test_r004|sha256:2170ea773ec7bd0fda033ce17beb4fd5cdd171f7492bd6ce0819a3f0fdc91417|grid_4n_v1|sha256:ff68c2f545d16f90d1e3b4a9b00305d1b291b92f29d9cd1557f2a1e30e9bd432|sha256:6a57d86e7dd3172662aaf433a408cdd180e4398b8abef10e8b7cfd1b193e4fc4|global
9d4117a3-3f51-47b0-8c48-7ac6c58ff5de,stgcn,fa9c7108-176e-4c68-840d-6acf3a3e59e4,39.813777923583984,48.25825881958008,grid_4n_v1,sha256:ff68c2f545d16f90d1e3b4a9b00305d1b291b92f29d9cd1557f2a1e30e9bd432,global,48cd32ea-da71-4ce0-8433-51c01ee1f4fb,187f5c93-de6b-4c10-b9d1-21aa2dacebd1,test_r004,sha256:2170ea773ec7bd0fda033ce17beb4fd5cdd171f7492bd6ce0819a3f0fdc91417,{},,4,fa9c7108-176e-4c68-840d-6acf3a3e59e4|48cd32ea-da71-4ce0-8433-51c01ee1f4fb|187f5c93-de6b-4c10-b9d1-21aa2dacebd1|test_r004|sha256:2170ea773ec7bd0fda033ce17beb4fd5cdd171f7492bd6ce0819a3f0fdc91417|grid_4n_v1|sha256:ff68c2f545d16f90d1e3b4a9b00305d1b291b92f29d9cd1557f2a1e30e9bd432|sha256:6a57d86e7dd3172662aaf433a408cdd180e4398b8abef10e8b7cfd1b193e4fc4|global
212bb572-8c39-471b-a4db-e1c07e4242bf,stgcn,fa9c7108-176e-4c68-840d-6acf3a3e59e4,30.739458084106445,40.742149353027344,grid_4n_v1,sha256:ff68c2f545d16f90d1e3b4a9b00305d1b291b92f29d9cd1557f2a1e30e9bd432,global,48cd32ea-da71-4ce0-8433-51c01ee1f4fb,187f5c93-de6b-4c10-b9d1-21aa2dacebd1,test_r003,sha256:abc68e8f650c22bc596c20114c9dec7823c45c8dc4a27ba6e2c396782da210d5,{},,1,fa9c7108-176e-4c68-840d-6acf3a3e59e4|48cd32ea-da71-4ce0-8433-51c01ee1f4fb|187f5c93-de6b-4c10-b9d1-21aa2dacebd1|test_r003|sha256:abc68e8f650c22bc596c20114c9dec7823c45c8dc4a27ba6e2c396782da210d5|grid_4n_v1|sha256:ff68c2f545d16f90d1e3b4a9b00305d1b291b92f29d9cd1557f2a1e30e9bd432|sha256:6a57d86e7dd3172662aaf433a408cdd180e4398b8abef10e8b7cfd1b193e4fc4|global
3f71ef4d-8bca-4501-9611-8d5f6d8bee2e,ignnk,fa9c7108-176e-4c68-840d-6acf3a3e59e4,36.54560852050781,46.64910125732422,grid_4n_v1,sha256:ff68c2f545d16f90d1e3b4a9b00305d1b291b92f29d9cd1557f2a1e30e9bd432,global,48cd32ea-da71-4ce0-8433-51c01ee1f4fb,187f5c93-de6b-4c10-b9d1-21aa2dacebd1,test_r003,sha256:abc68e8f650c22bc596c20114c9dec7823c45c8dc4a27ba6e2c396782da210d5,{},,2,fa9c7108-176e-4c68-840d-6acf3a3e59e4|48cd32ea-da71-4ce0-8433-51c01ee1f4fb|187f5c93-de6b-4c10-b9d1-21aa2dacebd1|test_r003|sha256:abc68e8f650c22bc596c20114c9dec7823c45c8dc4a27ba6e2c396782da210d5|grid_4n_v1|sha256:ff68c2f545d16f90d1e3b4a9b00305d1b291b92f29d9cd1557f2a1e30e9bd432|sha256:6a57d86e7dd3172662aaf433a408cdd180e4398b8abef10e8b7cfd1b193e4fc4|global
45a032ff-21a9-4444-95d7-e022c306f06f,dcrnn,fa9c7108-176e-4c68-840d-6acf3a3e59e4,36.9246711730957,47.32271194458008,grid_4n_v1,sha256:ff68c2f545d16f90d1e3b4a9b00305d1b291b92f29d9cd1557f2a1e30e9bd432,global,48cd32ea-da71-4ce0-8433-51c01ee1f4fb,187f5c93-de6b-4c10-b9d1-21aa2dacebd1,test_r003,sha256:abc68e8f650c22bc596c20114c9dec7823c45c8dc4a27ba6e2c396782da210d5,{},,3,fa9c7108-176e-4c68-840d-6acf3a3e59e4|48cd32ea-da71-4ce0-8433-51c01ee1f4fb|187f5c93-de6b-4c10-b9d1-21aa2dacebd1|test_r003|sha256:abc68e8f650c22bc596c20114c9dec7823c45c8dc4a27ba6e2c396782da210d5|grid_4n_v1|sha256:ff68c2f545d16f90d1e3b4a9b00305d1b291b92f29d9cd1557f2a1e30e9bd432|sha256:6a57d86e7dd3172662aaf433a408cdd180e4398b8abef10e8b7cfd1b193e4fc4|global
dcefa2cd-9366-4c27-bee0-fa4726a1604e,grin,fa9c7108-176e-4c68-840d-6acf3a3e59e4,36.75349426269531,47.36724853515625,grid_4n_v1,sha256:ff68c2f545d16f90d1e3b4a9b00305d1b291b92f29d9cd1557f2a1e30e9bd432,global,48cd32ea-da71-4ce0-8433-51c01ee1f4fb,187f5c93-de6b-4c10-b9d1-21aa2dacebd1,test_r003,sha256:abc68e8f650c22bc596c20114c9dec7823c45c8dc4a27ba6e2c396782da210d5,{},,4,fa9c7108-176e-4c68-840d-6acf3a3e59e4|48cd32ea-da71-4ce0-8433-51c01ee1f4fb|187f5c93-de6b-4c10-b9d1-21aa2dacebd1|test_r003|sha256:abc68e8f650c22bc596c20114c9dec7823c45c8dc4a27ba6e2c396782da210d5|grid_4n_v1|sha256:ff68c2f545d16f90d1e3b4a9b00305d1b291b92f29d9cd1557f2a1e30e9bd432|sha256:6a57d86e7dd3172662aaf433a408cdd180e4398b8abef10e8b7cfd1b193e4fc4|global
65b5b484-9ff2-448c-a158-a590cae3f82a,grin,fa9c7108-176e-4c68-840d-6acf3a3e59e4,33.37939453125,42.798343658447266,grid_4n_v1,sha256:ff68c2f545d16f90d1e3b4a9b00305d1b291b92f29d9cd1557f2a1e30e9bd432,global,48cd32ea-da71-4ce0-8433-51c01ee1f4fb,187f5c93-de6b-4c10-b9d1-21aa2dacebd1,test_r002,sha256:8465b8a29cdc8f268ea631972eb58fe2b3b6a76f265defc369b8201fa5016595,{},,1,fa9c7108-176e-4c68-840d-6acf3a3e59e4|48cd32ea-da71-4ce0-8433-51c01ee1f4fb|187f5c93-de6b-4c10-b9d1-21aa2dacebd1|test_r002|sha256:8465b8a29cdc8f268ea631972eb58fe2b3b6a76f265defc369b8201fa5016595|grid_4n_v1|sha256:ff68c2f545d16f90d1e3b4a9b00305d1b291b92f29d9cd1557f2a1e30e9bd432|sha256:6a57d86e7dd3172662aaf433a408cdd180e4398b8abef10e8b7cfd1b193e4fc4|global
996df883-3c4d-4b8c-a0e8-f3cca8b088f1,dcrnn,fa9c7108-176e-4c68-840d-6acf3a3e59e4,33.48274230957031,42.961090087890625,grid_4n_v1,sha256:ff68c2f545d16f90d1e3b4a9b00305d1b291b92f29d9cd1557f2a1e30e9bd432,global,48cd32ea-da71-4ce0-8433-51c01ee1f4fb,187f5c93-de6b-4c10-b9d1-21aa2dacebd1,test_r002,sha256:8465b8a29cdc8f268ea631972eb58fe2b3b6a76f265defc369b8201fa5016595,{},,2,fa9c7108-176e-4c68-840d-6acf3a3e59e4|48cd32ea-da71-4ce0-8433-51c01ee1f4fb|187f5c93-de6b-4c10-b9d1-21aa2dacebd1|test_r002|sha256:8465b8a29cdc8f268ea631972eb58fe2b3b6a76f265defc369b8201fa5016595|grid_4n_v1|sha256:ff68c2f545d16f90d1e3b4a9b00305d1b291b92f29d9cd1557f2a1e30e9bd432|sha256:6a57d86e7dd3172662aaf433a408cdd180e4398b8abef10e8b7cfd1b193e4fc4|global
87311f94-4dc0-4708-af5d-136a4b9e1953,ignnk,fa9c7108-176e-4c68-840d-6acf3a3e59e4,33.81238555908203,43.15459060668945,grid_4n_v1,sha256:ff68c2f545d16f90d1e3b4a9b00305d1b291b92f29d9cd1557f2a1e30e9bd432,global,48cd32ea-da71-4ce0-8433-51c01ee1f4fb,187f5c93-de6b-4c10-b9d1-21aa2dacebd1,test_r002,sha256:8465b8a29cdc8f268ea631972eb58fe2b3b6a76f265defc369b8201fa5016595,{},,3,fa9c7108-176e-4c68-840d-6acf3a3e59e4|48cd32ea-da71-4ce0-8433-51c01ee1f4fb|187f5c93-de6b-4c10-b9d1-21aa2dacebd1|test_r002|sha256:8465b8a29cdc8f268ea631972eb58fe2b3b6a76f265defc369b8201fa5016595|grid_4n_v1|sha256:ff68c2f545d16f90d1e3b4a9b00305d1b291b92f29d9cd1557f2a1e30e9bd432|sha256:6a57d86e7dd3172662aaf433a408cdd180e4398b8abef10e8b7cfd1b193e4fc4|global
cb2eb311-d6e7-414f-981e-737f396579c5,stgcn,fa9c7108-176e-4c68-840d-6acf3a3e59e4,33.019466400146484,43.54766845703125,grid_4n_v1,sha256:ff68c2f545d16f90d1e3b4a9b00305d1b291b92f29d9cd1557f2a1e30e9bd432,global,48cd32ea-da71-4ce0-8433-51c01ee1f4fb,187f5c93-de6b-4c10-b9d1-21aa2dacebd1,test_r002,sha256:8465b8a29cdc8f268ea631972eb58fe2b3b6a76f265defc369b8201fa5016595,{},,4,fa9c7108-176e-4c68-840d-6acf3a3e59e4|48cd32ea-da71-4ce0-8433-51c01ee1f4fb|187f5c93-de6b-4c10-b9d1-21aa2dacebd1|test_r002|sha256:8465b8a29cdc8f268ea631972eb58fe2b3b6a76f265defc369b8201fa5016595|grid_4n_v1|sha256:ff68c2f545d16f90d1e3b4a9b00305d1b291b92f29d9cd1557f2a1e30e9bd432|sha256:6a57d86e7dd3172662aaf433a408cdd180e4398b8abef10e8b7cfd1b193e4fc4|global
1ae96c44-7fb1-49c0-9186-79e2aa61614a,dcrnn,fa9c7108-176e-4c68-840d-6acf3a3e59e4,39.94556427001953,49.83590316772461,grid_4n_v1,sha256:ff68c2f545d16f90d1e3b4a9b00305d1b291b92f29d9cd1557f2a1e30e9bd432,global,48cd32ea-da71-4ce0-8433-51c01ee1f4fb,187f5c93-de6b-4c10-b9d1-21aa2dacebd1,test_r001,sha256:6cd3247fd53a8a7ca4589341232bdd06fedde27f5551facf512ff06ec0188064,{},,1,fa9c7108-176e-4c68-840d-6acf3a3e59e4|48cd32ea-da71-4ce0-8433-51c01ee1f4fb|187f5c93-de6b-4c10-b9d1-21aa2dacebd1|test_r001|sha256:6cd3247fd53a8a7ca4589341232bdd06fedde27f5551facf512ff06ec0188064|grid_4n_v1|sha256:ff68c2f545d16f90d1e3b4a9b00305d1b291b92f29d9cd1557f2a1e30e9bd432|sha256:6a57d86e7dd3172662aaf433a408cdd180e4398b8abef10e8b7cfd1b193e4fc4|global
4e3957ee-aa03-4f9c-9803-30c2c9a2a38b,ignnk,fa9c7108-176e-4c68-840d-6acf3a3e59e4,40.12861633300781,49.977508544921875,grid_4n_v1,sha256:ff68c2f545d16f90d1e3b4a9b00305d1b291b92f29d9cd1557f2a1e30e9bd432,global,48cd32ea-da71-4ce0-8433-51c01ee1f4fb,187f5c93-de6b-4c10-b9d1-21aa2dacebd1,test_r001,sha256:6cd3247fd53a8a7ca4589341232bdd06fedde27f5551facf512ff06ec0188064,{},,2,fa9c7108-176e-4c68-840d-6acf3a3e59e4|48cd32ea-da71-4ce0-8433-51c01ee1f4fb|187f5c93-de6b-4c10-b9d1-21aa2dacebd1|test_r001|sha256:6cd3247fd53a8a7ca4589341232bdd06fedde27f5551facf512ff06ec0188064|grid_4n_v1|sha256:ff68c2f545d16f90d1e3b4a9b00305d1b291b92f29d9cd1557f2a1e30e9bd432|sha256:6a57d86e7dd3172662aaf433a408cdd180e4398b8abef10e8b7cfd1b193e4fc4|global
fa962b61-a9f0-445e-9f22-44439eba0c8e,grin,fa9c7108-176e-4c68-840d-6acf3a3e59e4,40.20737075805664,49.99408721923828,grid_4n_v1,sha256:ff68c2f545d16f90d1e3b4a9b00305d1b291b92f29d9cd1557f2a1e30e9bd432,global,48cd32ea-da71-4ce0-8433-51c01ee1f4fb,187f5c93-de6b-4c10-b9d1-21aa2dacebd1,test_r001,sha256:6cd3247fd53a8a7ca4589341232bdd06fedde27f5551facf512ff06ec0188064,{},,3,fa9c7108-176e-4c68-840d-6acf3a3e59e4|48cd32ea-da71-4ce0-8433-51c01ee1f4fb|187f5c93-de6b-4c10-b9d1-21aa2dacebd1|test_r001|sha256:6cd3247fd53a8a7ca4589341232bdd06fedde27f5551facf512ff06ec0188064|grid_4n_v1|sha256:ff68c2f545d16f90d1e3b4a9b00305d1b291b92f29d9cd1557f2a1e30e9bd432|sha256:6a57d86e7dd3172662aaf433a408cdd180e4398b8abef10e8b7cfd1b193e4fc4|global
250ba375-3547-4f9f-8efa-dc62a163dd2e,stgcn,fa9c7108-176e-4c68-840d-6acf3a3e59e4,41.14514923095703,51.51961135864258,grid_4n_v1,sha256:ff68c2f545d16f90d1e3b4a9b00305d1b291b92f29d9cd1557f2a1e30e9bd432,global,48cd32ea-da71-4ce0-8433-51c01ee1f4fb,187f5c93-de6b-4c10-b9d1-21aa2dacebd1,test_r001,sha256:6cd3247fd53a8a7ca4589341232bdd06fedde27f5551facf512ff06ec0188064,{},,4,fa9c7108-176e-4c68-840d-6acf3a3e59e4|48cd32ea-da71-4ce0-8433-51c01ee1f4fb|187f5c93-de6b-4c10-b9d1-21aa2dacebd1|test_r001|sha256:6cd3247fd53a8a7ca4589341232bdd06fedde27f5551facf512ff06ec0188064|grid_4n_v1|sha256:ff68c2f545d16f90d1e3b4a9b00305d1b291b92f29d9cd1557f2a1e30e9bd432|sha256:6a57d86e7dd3172662aaf433a408cdd180e4398b8abef10e8b7cfd1b193e4fc4|global
c28f650b-2060-4b2e-9f11-300d36d1bbeb,ignnk,fa9c7108-176e-4c68-840d-6acf3a3e59e4,34.92251205444336,46.20905685424805,grid_4n_v1,sha256:ff68c2f545d16f90d1e3b4a9b00305d1b291b92f29d9cd1557f2a1e30e9bd432,global,48cd32ea-da71-4ce0-8433-51c01ee1f4fb,187f5c93-de6b-4c10-b9d1-21aa2dacebd1,test_r000,sha256:9b563e01f9e1382109b1f05628057f6b55a501aea04b27ea1e32f4087f9ec883,{},,1,fa9c7108-176e-4c68-840d-6acf3a3e59e4|48cd32ea-da71-4ce0-8433-51c01ee1f4fb|187f5c93-de6b-4c10-b9d1-21aa2dacebd1|test_r000|sha256:9b563e01f9e1382109b1f05628057f6b55a501aea04b27ea1e32f4087f9ec883|grid_4n_v1|sha256:ff68c2f545d16f90d1e3b4a9b00305d1b291b92f29d9cd1557f2a1e30e9bd432|sha256:6a57d86e7dd3172662aaf433a408cdd180e4398b8abef10e8b7cfd1b193e4fc4|global
1aa3da0e-f878-4141-a7d1-0b1a0712ce36,grin,fa9c7108-176e-4c68-840d-6acf3a3e59e4,36.552921295166016,47.22932815551758,grid_4n_v1,sha256:ff68c2f545d16f90d1e3b4a9b00305d1b291b92f29d9cd1557f2a1e30e9bd432,global,48cd32ea-da71-4ce0-8433-51c01ee1f4fb,187f5c93-de6b-4c10-b9d1-21aa2dacebd1,test_r000,sha256:9b563e01f9e1382109b1f05628057f6b55a501aea04b27ea1e32f4087f9ec883,{},,2,fa9c7108-176e-4c68-840d-6acf3a3e59e4|48cd32ea-da71-4ce0-8433-51c01ee1f4fb|187f5c93-de6b-4c10-b9d1-21aa2dacebd1|test_r000|sha256:9b563e01f9e1382109b1f05628057f6b55a501aea04b27ea1e32f4087f9ec883|grid_4n_v1|sha256:ff68c2f545d16f90d1e3b4a9b00305d1b291b92f29d9cd1557f2a1e30e9bd432|sha256:6a57d86e7dd3172662aaf433a408cdd180e4398b8abef10e8b7cfd1b193e4fc4|global
a8eb2ace-9a56-4ed3-9ebd-6ef029490ca6,dcrnn,fa9c7108-176e-4c68-840d-6acf3a3e59e4,36.97452163696289,47.65437698364258,grid_4n_v1,sha256:ff68c2f545d16f90d1e3b4a9b00305d1b291b92f29d9cd1557f2a1e30e9bd432,global,48cd32ea-da71-4ce0-8433-51c01ee1f4fb,187f5c93-de6b-4c10-b9d1-21aa2dacebd1,test_r000,sha256:9b563e01f9e1382109b1f05628057f6b55a501aea04b27ea1e32f4087f9ec883,{},,3,fa9c7108-176e-4c68-840d-6acf3a3e59e4|48cd32ea-da71-4ce0-8433-51c01ee1f4fb|187f5c93-de6b-4c10-b9d1-21aa2dacebd1|test_r000|sha256:9b563e01f9e1382109b1f05628057f6b55a501aea04b27ea1e32f4087f9ec883|grid_4n_v1|sha256:ff68c2f545d16f90d1e3b4a9b00305d1b291b92f29d9cd1557f2a1e30e9bd432|sha256:6a57d86e7dd3172662aaf433a408cdd180e4398b8abef10e8b7cfd1b193e4fc4|global
36dfa7be-a215-401d-a623-a0ccc246926c,stgcn,fa9c7108-176e-4c68-840d-6acf3a3e59e4,39.75837326049805,51.39026641845703,grid_4n_v1,sha256:ff68c2f545d16f90d1e3b4a9b00305d1b291b92f29d9cd1557f2a1e30e9bd432,global,48cd32ea-da71-4ce0-8433-51c01ee1f4fb,187f5c93-de6b-4c10-b9d1-21aa2dacebd1,test_r000,sha256:9b563e01f9e1382109b1f05628057f6b55a501aea04b27ea1e32f4087f9ec883,{},,4,fa9c7108-176e-4c68-840d-6acf3a3e59e4|48cd32ea-da71-4ce0-8433-51c01ee1f4fb|187f5c93-de6b-4c10-b9d1-21aa2dacebd1|test_r000|sha256:9b563e01f9e1382109b1f05628057f6b55a501aea04b27ea1e32f4087f9ec883|grid_4n_v1|sha256:ff68c2f545d16f90d1e3b4a9b00305d1b291b92f29d9cd1557f2a1e30e9bd432|sha256:6a57d86e7dd3172662aaf433a408cdd180e4398b8abef10e8b7cfd1b193e4fc4|global
bc2997a3-1266-4952-8179-73d33c0bfdbe,stgcn,fa9c7108-176e-4c68-840d-6acf3a3e59e4,31.690967559814453,41.37690734863281,grid_4n_v1,sha256:ff68c2f545d16f90d1e3b4a9b00305d1b291b92f29d9cd1557f2a1e30e9bd432,global,b7071efa-15b0-4e8e-a7f8-9a33705587bf,92206edb-a799-436d-8f63-8c08fe715753,test_r004,sha256:a4b8a800a48cd450a77c9ea5b1abc6f1bec789b95b31084ff756a1fcb53d6fb1,{},,1,fa9c7108-176e-4c68-840d-6acf3a3e59e4|b7071efa-15b0-4e8e-a7f8-9a33705587bf|92206edb-a799-436d-8f63-8c08fe715753|test_r004|sha256:a4b8a800a48cd450a77c9ea5b1abc6f1bec789b95b31084ff756a1fcb53d6fb1|grid_4n_v1|sha256:ff68c2f545d16f90d1e3b4a9b00305d1b291b92f29d9cd1557f2a1e30e9bd432|sha256:6a57d86e7dd3172662aaf433a408cdd180e4398b8abef10e8b7cfd1b193e4fc4|global
73107f3c-b1aa-43e9-b8c5-86e0919494d7,grin,fa9c7108-176e-4c68-840d-6acf3a3e59e4,32.719120025634766,41.786190032958984,grid_4n_v1,sha256:ff68c2f545d16f90d1e3b4a9b00305d1b291b92f29d9cd1557f2a1e30e9bd432,global,b7071efa-15b0-4e8e-a7f8-9a33705587bf,92206edb-a799-436d-8f63-8c08fe715753,test_r004,sha256:a4b8a800a48cd450a77c9ea5b1abc6f1bec789b95b31084ff756a1fcb53d6fb1,{},,2,fa9c7108-176e-4c68-840d-6acf3a3e59e4|b7071efa-15b0-4e8e-a7f8-9a33705587bf|92206edb-a799-436d-8f63-8c08fe715753|test_r004|sha256:a4b8a800a48cd450a77c9ea5b1abc6f1bec789b95b31084ff756a1fcb53d6fb1|grid_4n_v1|sha256:ff68c2f545d16f90d1e3b4a9b00305d1b291b92f29d9cd1557f2a1e30e9bd432|sha256:6a57d86e7dd3172662aaf433a408cdd180e4398b8abef10e8b7cfd1b193e4fc4|global
eec5a30b-2490-440e-b8c7-12a3f7855dd7,dcrnn,fa9c7108-176e-4c68-840d-6acf3a3e59e4,33.113067626953125,42.05005645751953,grid_4n_v1,sha256:ff68c2f545d16f90d1e3b4a9b00305d1b291b92f29d9cd1557f2a1e30e9bd432,global,b7071efa-15b0-4e8e-a7f8-9a33705587bf,92206edb-a799-436d-8f63-8c08fe715753,test_r004,sha256:a4b8a800a48cd450a77c9ea5b1abc6f1bec789b95b31084ff756a1fcb53d6fb1,{},,3,fa9c7108-176e-4c68-840d-6acf3a3e59e4|b7071efa-15b0-4e8e-a7f8-9a33705587bf|92206edb-a799-436d-8f63-8c08fe715753|test_r004|sha256:a4b8a800a48cd450a77c9ea5b1abc6f1bec789b95b31084ff756a1fcb53d6fb1|grid_4n_v1|sha256:ff68c2f545d16f90d1e3b4a9b00305d1b291b92f29d9cd1557f2a1e30e9bd432|sha256:6a57d86e7dd3172662aaf433a408cdd180e4398b8abef10e8b7cfd1b193e4fc4|global
efa785e2-b852-4f7c-8737-01b1850b06e1,ignnk,fa9c7108-176e-4c68-840d-6acf3a3e59e4,36.618743896484375,45.354671478271484,grid_4n_v1,sha256:ff68c2f545d16f90d1e3b4a9b00305d1b291b92f29d9cd1557f2a1e30e9bd432,global,b7071efa-15b0-4e8e-a7f8-9a33705587bf,92206edb-a799-436d-8f63-8c08fe715753,test_r004,sha256:a4b8a800a48cd450a77c9ea5b1abc6f1bec789b95b31084ff756a1fcb53d6fb1,{},,4,fa9c7108-176e-4c68-840d-6acf3a3e59e4|b7071efa-15b0-4e8e-a7f8-9a33705587bf|92206edb-a799-436d-8f63-8c08fe715753|test_r004|sha256:a4b8a800a48cd450a77c9ea5b1abc6f1bec789b95b31084ff756a1fcb53d6fb1|grid_4n_v1|sha256:ff68c2f545d16f90d1e3b4a9b00305d1b291b92f29d9cd1557f2a1e30e9bd432|sha256:6a57d86e7dd3172662aaf433a408cdd180e4398b8abef10e8b7cfd1b193e4fc4|global
b488fd54-0fb6-4908-9eea-11450b4ab04d,stgcn,fa9c7108-176e-4c68-840d-6acf3a3e59e4,31.428037643432617,41.24982833862305,grid_4n_v1,sha256:ff68c2f545d16f90d1e3b4a9b00305d1b291b92f29d9cd1557f2a1e30e9bd432,global,b7071efa-15b0-4e8e-a7f8-9a33705587bf,92206edb-a799-436d-8f63-8c08fe715753,test_r003,sha256:cfee99bf352a43fe192303a5f65bd268572c655d7a04a9fdaae1ddf2ef0650ca,{},,1,fa9c7108-176e-4c68-840d-6acf3a3e59e4|b7071efa-15b0-4e8e-a7f8-9a33705587bf|92206edb-a799-436d-8f63-8c08fe715753|test_r003|sha256:cfee99bf352a43fe192303a5f65bd268572c655d7a04a9fdaae1ddf2ef0650ca|grid_4n_v1|sha256:ff68c2f545d16f90d1e3b4a9b00305d1b291b92f29d9cd1557f2a1e30e9bd432|sha256:6a57d86e7dd3172662aaf433a408cdd180e4398b8abef10e8b7cfd1b193e4fc4|global
5367830f-7052-495c-a0a7-25a77206a8fd,grin,fa9c7108-176e-4c68-840d-6acf3a3e59e4,32.98161315917969,42.01206588745117,grid_4n_v1,sha256:ff68c2f545d16f90d1e3b4a9b00305d1b291b92f29d9cd1557f2a1e30e9bd432,global,b7071efa-15b0-4e8e-a7f8-9a33705587bf,92206edb-a799-436d-8f63-8c08fe715753,test_r003,sha256:cfee99bf352a43fe192303a5f65bd268572c655d7a04a9fdaae1ddf2ef0650ca,{},,2,fa9c7108-176e-4c68-840d-6acf3a3e59e4|b7071efa-15b0-4e8e-a7f8-9a33705587bf|92206edb-a799-436d-8f63-8c08fe715753|test_r003|sha256:cfee99bf352a43fe192303a5f65bd268572c655d7a04a9fdaae1ddf2ef0650ca|grid_4n_v1|sha256:ff68c2f545d16f90d1e3b4a9b00305d1b291b92f29d9cd1557f2a1e30e9bd432|sha256:6a57d86e7dd3172662aaf433a408cdd180e4398b8abef10e8b7cfd1b193e4fc4|global
658b8761-b7cd-42f9-95a3-3e41a4f06491,dcrnn,fa9c7108-176e-4c68-840d-6acf3a3e59e4,33.24848937988281,42.22233963012695,grid_4n_v1,sha256:ff68c2f545d16f90d1e3b4a9b00305d1b291b92f29d9cd1557f2a1e30e9bd432,global,b7071efa-15b0-4e8e-a7f8-9a33705587bf,92206edb-a799-436d-8f63-8c08fe715753,test_r003,sha256:cfee99bf352a43fe192303a5f65bd268572c655d7a04a9fdaae1ddf2ef0650ca,{},,3,fa9c7108-176e-4c68-840d-6acf3a3e59e4|b7071efa-15b0-4e8e-a7f8-9a33705587bf|92206edb-a799-436d-8f63-8c08fe715753|test_r003|sha256:cfee99bf352a43fe192303a5f65bd268572c655d7a04a9fdaae1ddf2ef0650ca|grid_4n_v1|sha256:ff68c2f545d16f90d1e3b4a9b00305d1b291b92f29d9cd1557f2a1e30e9bd432|sha256:6a57d86e7dd3172662aaf433a408cdd180e4398b8abef10e8b7cfd1b193e4fc4|global
8fb753da-9732-444d-9d6d-12be5d17a679,ignnk,fa9c7108-176e-4c68-840d-6acf3a3e59e4,33.330841064453125,43.4129524230957,grid_4n_v1,sha256:ff68c2f545d16f90d1e3b4a9b00305d1b291b92f29d9cd1557f2a1e30e9bd432,global,b7071efa-15b0-4e8e-a7f8-9a33705587bf,92206edb-a799-436d-8f63-8c08fe715753,test_r003,sha256:cfee99bf352a43fe192303a5f65bd268572c655d7a04a9fdaae1ddf2ef0650ca,{},,4,fa9c7108-176e-4c68-840d-6acf3a3e59e4|b7071efa-15b0-4e8e-a7f8-9a33705587bf|92206edb-a799-436d-8f63-8c08fe715753|test_r003|sha256:cfee99bf352a43fe192303a5f65bd268572c655d7a04a9fdaae1ddf2ef0650ca|grid_4n_v1|sha256:ff68c2f545d16f90d1e3b4a9b00305d1b291b92f29d9cd1557f2a1e30e9bd432|sha256:6a57d86e7dd3172662aaf433a408cdd180e4398b8abef10e8b7cfd1b193e4fc4|global
a65b8c8c-4cce-4f1e-9b2d-714b8b7318d4,stgcn,fa9c7108-176e-4c68-840d-6acf3a3e59e4,29.857847213745117,39.96242904663086,grid_4n_v1,sha256:ff68c2f545d16f90d1e3b4a9b00305d1b291b92f29d9cd1557f2a1e30e9bd432,global,b7071efa-15b0-4e8e-a7f8-9a33705587bf,92206edb-a799-436d-8f63-8c08fe715753,test_r002,sha256:9c09c292a008c619183e36faa5f69879fe919e71787b3a077be6e441829f010f,{},,1,fa9c7108-176e-4c68-840d-6acf3a3e59e4|b7071efa-15b0-4e8e-a7f8-9a33705587bf|92206edb-a799-436d-8f63-8c08fe715753|test_r002|sha256:9c09c292a008c619183e36faa5f69879fe919e71787b3a077be6e441829f010f|grid_4n_v1|sha256:ff68c2f545d16f90d1e3b4a9b00305d1b291b92f29d9cd1557f2a1e30e9bd432|sha256:6a57d86e7dd3172662aaf433a408cdd180e4398b8abef10e8b7cfd1b193e4fc4|global
1c5616aa-8366-4f71-9113-d56139ba5702,ignnk,fa9c7108-176e-4c68-840d-6acf3a3e59e4,32.819557189941406,41.874176025390625,grid_4n_v1,sha256:ff68c2f545d16f90d1e3b4a9b00305d1b291b92f29d9cd1557f2a1e30e9bd432,global,b7071efa-15b0-4e8e-a7f8-9a33705587bf,92206edb-a799-436d-8f63-8c08fe715753,test_r002,sha256:9c09c292a008c619183e36faa5f69879fe919e71787b3a077be6e441829f010f,{},,2,fa9c7108-176e-4c68-840d-6acf3a3e59e4|b7071efa-15b0-4e8e-a7f8-9a33705587bf|92206edb-a799-436d-8f63-8c08fe715753|test_r002|sha256:9c09c292a008c619183e36faa5f69879fe919e71787b3a077be6e441829f010f|grid_4n_v1|sha256:ff68c2f545d16f90d1e3b4a9b00305d1b291b92f29d9cd1557f2a1e30e9bd432|sha256:6a57d86e7dd3172662aaf433a408cdd180e4398b8abef10e8b7cfd1b193e4fc4|global
ab7ad8bd-279b-457d-a213-0bd8d10a3ae5,dcrnn,fa9c7108-176e-4c68-840d-6acf3a3e59e4,32.989593505859375,41.941410064697266,grid_4n_v1,sha256:ff68c2f545d16f90d1e3b4a9b00305d1b291b92f29d9cd1557f2a1e30e9bd432,global,b7071efa-15b0-4e8e-a7f8-9a33705587bf,92206edb-a799-436d-8f63-8c08fe715753,test_r002,sha256:9c09c292a008c619183e36faa5f69879fe919e71787b3a077be6e441829f010f,{},,3,fa9c7108-176e-4c68-840d-6acf3a3e59e4|b7071efa-15b0-4e8e-a7f8-9a33705587bf|92206edb-a799-436d-8f63-8c08fe715753|test_r002|sha256:9c09c292a008c619183e36faa5f69879fe919e71787b3a077be6e441829f010f|grid_4n_v1|sha256:ff68c2f545d16f90d1e3b4a9b00305d1b291b92f29d9cd1557f2a1e30e9bd432|sha256:6a57d86e7dd3172662aaf433a408cdd180e4398b8abef10e8b7cfd1b193e4fc4|global
79f269d5-7ae3-4210-8517-6b4332a38458,grin,fa9c7108-176e-4c68-840d-6acf3a3e59e4,33.142799377441406,41.97495651245117,grid_4n_v1,sha256:ff68c2f545d16f90d1e3b4a9b00305d1b291b92f29d9cd1557f2a1e30e9bd432,global,b7071efa-15b0-4e8e-a7f8-9a33705587bf,92206edb-a799-436d-8f63-8c08fe715753,test_r002,sha256:9c09c292a008c619183e36faa5f69879fe919e71787b3a077be6e441829f010f,{},,4,fa9c7108-176e-4c68-840d-6acf3a3e59e4|b7071efa-15b0-4e8e-a7f8-9a33705587bf|92206edb-a799-436d-8f63-8c08fe715753|test_r002|sha256:9c09c292a008c619183e36faa5f69879fe919e71787b3a077be6e441829f010f|grid_4n_v1|sha256:ff68c2f545d16f90d1e3b4a9b00305d1b291b92f29d9cd1557f2a1e30e9bd432|sha256:6a57d86e7dd3172662aaf433a408cdd180e4398b8abef10e8b7cfd1b193e4fc4|global
f7deb245-48e2-4f26-a0d1-bb517cbf8550,stgcn,fa9c7108-176e-4c68-840d-6acf3a3e59e4,25.079383850097656,34.62116622924805,grid_4n_v1,sha256:ff68c2f545d16f90d1e3b4a9b00305d1b291b92f29d9cd1557f2a1e30e9bd432,global,b7071efa-15b0-4e8e-a7f8-9a33705587bf,92206edb-a799-436d-8f63-8c08fe715753,test_r001,sha256:8d8916c4a35dbe7628e664df50b7b93cac4faaa4d058f1a790403d97d34ee7a4,{},,1,fa9c7108-176e-4c68-840d-6acf3a3e59e4|b7071efa-15b0-4e8e-a7f8-9a33705587bf|92206edb-a799-436d-8f63-8c08fe715753|test_r001|sha256:8d8916c4a35dbe7628e664df50b7b93cac4faaa4d058f1a790403d97d34ee7a4|grid_4n_v1|sha256:ff68c2f545d16f90d1e3b4a9b00305d1b291b92f29d9cd1557f2a1e30e9bd432|sha256:6a57d86e7dd3172662aaf433a408cdd180e4398b8abef10e8b7cfd1b193e4fc4|global
27245970-4b0b-4657-8be1-f43ff1665bb9,ignnk,fa9c7108-176e-4c68-840d-6acf3a3e59e4,31.309354782104492,40.93246841430664,grid_4n_v1,sha256:ff68c2f545d16f90d1e3b4a9b00305d1b291b92f29d9cd1557f2a1e30e9bd432,global,b7071efa-15b0-4e8e-a7f8-9a33705587bf,92206edb-a799-436d-8f63-8c08fe715753,test_r001,sha256:8d8916c4a35dbe7628e664df50b7b93cac4faaa4d058f1a790403d97d34ee7a4,{},,2,fa9c7108-176e-4c68-840d-6acf3a3e59e4|b7071efa-15b0-4e8e-a7f8-9a33705587bf|92206edb-a799-436d-8f63-8c08fe715753|test_r001|sha256:8d8916c4a35dbe7628e664df50b7b93cac4faaa4d058f1a790403d97d34ee7a4|grid_4n_v1|sha256:ff68c2f545d16f90d1e3b4a9b00305d1b291b92f29d9cd1557f2a1e30e9bd432|sha256:6a57d86e7dd3172662aaf433a408cdd180e4398b8abef10e8b7cfd1b193e4fc4|global
d50bec30-7bf5-4399-a3cb-49fc1177d5cb,grin,fa9c7108-176e-4c68-840d-6acf3a3e59e4,32.55387878417969,41.46820068359375,grid_4n_v1,sha256:ff68c2f545d16f90d1e3b4a9b00305d1b291b92f29d9cd1557f2a1e30e9bd432,global,b7071efa-15b0-4e8e-a7f8-9a33705587bf,92206edb-a799-436d-8f63-8c08fe715753,test_r001,sha256:8d8916c4a35dbe7628e664df50b7b93cac4faaa4d058f1a790403d97d34ee7a4,{},,3,fa9c7108-176e-4c68-840d-6acf3a3e59e4|b7071efa-15b0-4e8e-a7f8-9a33705587bf|92206edb-a799-436d-8f63-8c08fe715753|test_r001|sha256:8d8916c4a35dbe7628e664df50b7b93cac4faaa4d058f1a790403d97d34ee7a4|grid_4n_v1|sha256:ff68c2f545d16f90d1e3b4a9b00305d1b291b92f29d9cd1557f2a1e30e9bd432|sha256:6a57d86e7dd3172662aaf433a408cdd180e4398b8abef10e8b7cfd1b193e4fc4|global
b6614e15-6e51-475e-adae-7afb6400e49f,dcrnn,fa9c7108-176e-4c68-840d-6acf3a3e59e4,33.15137481689453,42.007423400878906,grid_4n_v1,sha256:ff68c2f545d16f90d1e3b4a9b00305d1b291b92f29d9cd1557f2a1e30e9bd432,global,b7071efa-15b0-4e8e-a7f8-9a33705587bf,92206edb-a799-436d-8f63-8c08fe715753,test_r001,sha256:8d8916c4a35dbe7628e664df50b7b93cac4faaa4d058f1a790403d97d34ee7a4,{},,4,fa9c7108-176e-4c68-840d-6acf3a3e59e4|b7071efa-15b0-4e8e-a7f8-9a33705587bf|92206edb-a799-436d-8f63-8c08fe715753|test_r001|sha256:8d8916c4a35dbe7628e664df50b7b93cac4faaa4d058f1a790403d97d34ee7a4|grid_4n_v1|sha256:ff68c2f545d16f90d1e3b4a9b00305d1b291b92f29d9cd1557f2a1e30e9bd432|sha256:6a57d86e7dd3172662aaf433a408cdd180e4398b8abef10e8b7cfd1b193e4fc4|global
ae35f14b-8c5c-439d-93a7-91b5facdd1d6,stgcn,fa9c7108-176e-4c68-840d-6acf3a3e59e4,30.040603637695312,38.5775032043457,grid_4n_v1,sha256:ff68c2f545d16f90d1e3b4a9b00305d1b291b92f29d9cd1557f2a1e30e9bd432,global,b7071efa-15b0-4e8e-a7f8-9a33705587bf,92206edb-a799-436d-8f63-8c08fe715753,test_r000,sha256:0b389d7f6ec0d5c1313b79a183e9d1debe0d8451f036c842944f72e3635692a6,{},,1,fa9c7108-176e-4c68-840d-6acf3a3e59e4|b7071efa-15b0-4e8e-a7f8-9a33705587bf|92206edb-a799-436d-8f63-8c08fe715753|test_r000|sha256:0b389d7f6ec0d5c1313b79a183e9d1debe0d8451f036c842944f72e3635692a6|grid_4n_v1|sha256:ff68c2f545d16f90d1e3b4a9b00305d1b291b92f29d9cd1557f2a1e30e9bd432|sha256:6a57d86e7dd3172662aaf433a408cdd180e4398b8abef10e8b7cfd1b193e4fc4|global
6128cec7-80f5-456f-b9ae-90217ac34517,ignnk,fa9c7108-176e-4c68-840d-6acf3a3e59e4,32.126251220703125,40.66351318359375,grid_4n_v1,sha256:ff68c2f545d16f90d1e3b4a9b00305d1b291b92f29d9cd1557f2a1e30e9bd432,global,b7071efa-15b0-4e8e-a7f8-9a33705587bf,92206edb-a799-436d-8f63-8c08fe715753,test_r000,sha256:0b389d7f6ec0d5c1313b79a183e9d1debe0d8451f036c842944f72e3635692a6,{},,2,fa9c7108-176e-4c68-840d-6acf3a3e59e4|b7071efa-15b0-4e8e-a7f8-9a33705587bf|92206edb-a799-436d-8f63-8c08fe715753|test_r000|sha256:0b389d7f6ec0d5c1313b79a183e9d1debe0d8451f036c842944f72e3635692a6|grid_4n_v1|sha256:ff68c2f545d16f90d1e3b4a9b00305d1b291b92f29d9cd1557f2a1e30e9bd432|sha256:6a57d86e7dd3172662aaf433a408cdd180e4398b8abef10e8b7cfd1b193e4fc4|global
580f6e1f-1105-4183-9e51-edc2310aa745,grin,fa9c7108-176e-4c68-840d-6acf3a3e59e4,32.92843246459961,41.805999755859375,grid_4n_v1,sha256:ff68c2f545d16f90d1e3b4a9b00305d1b291b92f29d9cd1557f2a1e30e9bd432,global,b7071efa-15b0-4e8e-a7f8-9a33705587bf,92206edb-a799-436d-8f63-8c08fe715753,test_r000,sha256:0b389d7f6ec0d5c1313b79a183e9d1debe0d8451f036c842944f72e3635692a6,{},,3,fa9c7108-176e-4c68-840d-6acf3a3e59e4|b7071efa-15b0-4e8e-a7f8-9a33705587bf|92206edb-a799-436d-8f63-8c08fe715753|test_r000|sha256:0b389d7f6ec0d5c1313b79a183e9d1debe0d8451f036c842944f72e3635692a6|grid_4n_v1|sha256:ff68c2f545d16f90d1e3b4a9b00305d1b291b92f29d9cd1557f2a1e30e9bd432|sha256:6a57d86e7dd3172662aaf433a408cdd180e4398b8abef10e8b7cfd1b193e4fc4|global
aaab23ca-7fe0-459c-b3b7-584ff3179735,dcrnn,fa9c7108-176e-4c68-840d-6acf3a3e59e4,33.12387466430664,41.969444274902344,grid_4n_v1,sha256:ff68c2f545d16f90d1e3b4a9b00305d1b291b92f29d9cd1557f2a1e30e9bd432,global,b7071efa-15b0-4e8e-a7f8-9a33705587bf,92206edb-a799-436d-8f63-8c08fe715753,test_r000,sha256:0b389d7f6ec0d5c1313b79a183e9d1debe0d8451f036c842944f72e3635692a6,{},,4,fa9c7108-176e-4c68-840d-6acf3a3e59e4|b7071efa-15b0-4e8e-a7f8-9a33705587bf|92206edb-a799-436d-8f63-8c08fe715753|test_r000|sha256:0b389d7f6ec0d5c1313b79a183e9d1debe0d8451f036c842944f72e3635692a6|grid_4n_v1|sha256:ff68c2f545d16f90d1e3b4a9b00305d1b291b92f29d9cd1557f2a1e30e9bd432|sha256:6a57d86e7dd3172662aaf433a408cdd180e4398b8abef10e8b7cfd1b193e4fc4|global
