series_index,column_label,n_observed,selected_p,selected_d,selected_q,ic_value,ic_criterion,selection_mode,stationary,converged,fallback_used,fallback_reason,warnings
0,column_0,600,1,1,3,2756.222050325449,bic,ic_search,false,true,false,,
1,column_1,600,0,1,1,2267.272566554568,bic,ic_search,false,true,false,,
2,column_2,600,0,1,4,1981.020875997446,bic,ic_search,false,true,false,,
3,column_3,600,0,1,1,1333.4274779390028,bic,ic_search,false,true,false,,
4,column_4,600,1,1,3,2756.222050325449,bic,ic_search,false,true,false,,
5,column_5,600,1,1,2,3020.090914913698,bic,ic_search,false,true,false,,
6,column_6,600,0,1,1,2452.111997375906,bic,ic_search,false,true,false,,
7,column_7,600,2,1,4,2640.8136626053792,bic,ic_search,false,true,false,,
8,column_8,600,1,1,2,2754.646906002804,bic,ic_search,false,true,false,,
9,column_9,600,0,1,1,3059.805090716812,bic,ic_search,false,true,false,,
10,column_10,600,0,1,2,2505.6052310686377,bic,ic_search,false,true,false,,
11,column_11,600,1,1,2,2943.1296803073064,bic,ic_search,false,true,false,,
12,column_12,600,3,1,4,2771.193366947023,bic,ic_search,false,true,false,,
13,column_13,600,0,1,1,3077.4114670460485,bic,ic_search,false,true,false,,
14,column_14,600,0,1,2,2508.379595595496,bic,ic_search,false,true,false,,
15,column_15,600,2,1,4,2925.3147999360804,bic,ic_search,false,true,false,,
16,column_16,600,1,1,3,2729.953091459381,bic,ic_search,false,true,false,,
17,column_17,600,1,1,3,3047.290203854536,bic,ic_search,false,true,false,,
18,column_18,600,3,1,5,2496.4400327354456,bic,ic_search,false,true,false,,
19,column_19,600,1,1,2,2914.449578352661,bic,ic_search,false,true,false,,
20,column_20,600,1,1,3,2729.953091459381,bic,ic_search,false,true,false,,
21,column_21,600,0,1,1,2269.665089764861,bic,ic_search,false,true,false,,
22,column_22,600,0,1,2,1983.5240959492196,bic,ic_search,false,true,false,,
23,column_23,600,1,1,2,1274.2255226128693,bic,ic_search,false,true,false,,
24,column_24,600,1,1,3,2729.953091459381,bic,ic_search,false,true,false,,
25,column_25,600,1,1,3,3055.463847432251,bic,ic_search,false,true,false,,
26,column_26,600,0,1,2,2467.182983527386,bic,ic_search,false,true,false,,
27,column_27,600,1,1,3,1795.6651043909114,bic,ic_search,false,true,false,,
28,column_28,600,1,1,3,2729.953091459381,bic,ic_search,false,true,false,,
29,column_29,600,0,1,1,2258.6793869241124,bic,ic_search,false,true,false,,
30,column_30,600,0,1,2,1971.5972448768473,bic,ic_search,false,true,false,,
31,column_31,600,1,1,3,2084.471678628102,bic,ic_search,false,true,false,,
32,column_32,600,1,1,3,2729.953091459381,bic,ic_search,false,true,false,,
33,column_33,600,0,1,1,2243.267808361731,bic,ic_search,false,true,false,,
34,column_34,600,0,1,1,1978.884355184321,bic,ic_search,false,true,false,,
35,column_35,600,0,1,1,1713.7288561880948,bic,ic_search,false,true,false,,
36,column_36,600,1,1,3,2729.953091459381,bic,ic_search,false,true,false,,
37,column_37,600,0,1,1,2289.2583561558286,bic,ic_search,false,true,false,,
38,column_38,600,0,1,1,1950.5392828015067,bic,ic_search,false,true,false,,
39,column_39,600,1,1,2,1702.0275184221105,bic,ic_search,false,true,false,,
40,column_40,600,1,1,3,2729.953091459381,bic,ic_search,false,true,false,,
41,column_41,600,0,1,1,2293.3028719678305,bic,ic_search,false,true,false,,
42,column_42,600,0,1,1,2003.3670166285433,bic,ic_search,false,true,false,,
43,column_43,600,1,1,2,1688.3771704366936,bic,ic_search,false,true,false,,
44,column_44,600,1,1,3,2729.953091459381,bic,ic_search,false,true,false,,
45,column_45,600,0,1,1,2247.1221745788694,bic,ic_search,false,true,false,,
46,column_46,600,0,1,2,1956.5401576519732,bic,ic_search,false,true,false,,
47,column_47,600,1,1,2,2300.3683927386273,bic,ic_search,false,true,false,,
48,column_48,600,1,1,3,2729.953091459381,bic,ic_search,false,true,false,,
49,column_49,600,3,1,4,3037.9064212174176,bic,ic_search,false,true,false,,
50,column_50,600,0,1,1,2443.288524342595,bic,ic_search,false,true,false,,
51,column_51,600,3,1,4,2289.656038871439,bic,ic_search,false,true,false,,
52,column_52,600,1,1,3,2729.953091459381,bic,ic_search,false,true,false,,
53,column_53,600,0,1,1,2264.4830230811453,bic,ic_search,false,true,false,,
54,column_54,600,0,1,1,1937.2916364120554,bic,ic_search,false,true,false,,
55,column_55,600,1,1,4,1712.214838466653,bic,ic_search,false,true,false,,
56,column_56,600,0,1,1,1964.4111080812459,bic,ic_search,false,true,false,,
57,column_57,600,0,1,1,2247.21562572809,bic,ic_search,false,true,false,,
58,column_58,600,0,1,1,1968.6666476660355,bic,ic_search,false,true,false,,
59,column_59,600,2,1,3,1306.339757090914,bic,ic_search,false,true,false,,
60,column_60,600,0,1,1,1964.4111080812459,bic,ic_search,false,true,false,,
61,column_61,600,0,1,1,2244.266849227291,bic,ic_search,false,true,false,,
62,column_62,600,0,1,1,1967.5039743564585,bic,ic_search,false,true,false,,
63,column_63,600,2,1,3,2633.2907324181274,bic,ic_search,false,true,false,,
64,column_64,600,2,1,5,2748.9075321591768,bic,ic_search,false,true,false,,
65,column_65,600,1,1,3,3065.208570507668,bic,ic_search,false,true,false,,
66,column_66,600,0,1,3,2402.8164582906547,bic,ic_search,false,true,false,,
67,column_67,600,1,1,2,2941.926312530932,bic,ic_search,false,true,false,,
68,column_68,600,1,1,4,2743.634240270416,bic,ic_search,false,true,false,,
69,column_69,600,2,1,4,3037.1750269497493,bic,ic_search,false,true,false,,
70,column_70,600,0,1,3,2450.944601175432,bic,ic_search,false,true,false,,
71,column_71,600,1,1,2,2922.2193895022356,bic,ic_search,false,true,false,,
72,column_72,600,1,1,2,2723.5772145442475,bic,ic_search,false,true,false,,
73,column_73,600,0,1,5,3058.5620564018127,bic,ic_search,false,true,false,,
74,column_74,600,0,1,2,2446.364302655393,bic,ic_search,false,true,false,,
75,column_75,600,3,1,4,2656.714668502094,bic,ic_search,false,true,false,,
76,column_76,600,1,1,2,2723.5772145442475,bic,ic_search,false,true,false,,
77,column_77,600,3,0,5,3222.6296839547394,bic,ic_search,true,true,false,,
78,column_78,600,0,1,5,2977.9022862461347,bic,ic_search,false,true,false,,
79,column_79,600,1,0,3,1306.3473144569311,bic,ic_search,true,true,false,,
80,column_80,600,1,1,2,2723.5772145442475,bic,ic_search,false,true,false,,
81,column_81,600,3,0,5,3234.84244434761,bic,ic_search,true,true,false,,
82,column_82,600,0,1,4,3030.0157334605155,bic,ic_search,false,true,false,,
83,column_83,600,1,1,2,1816.8759702238517,bic,ic_search,false,true,false,,
84,column_84,600,1,1,2,2723.5772145442475,bic,ic_search,false,true,false,,
85,column_85,600,0,1,1,2288.7092600348487,bic,ic_search,false,true,false,,
86,column_86,600,0,1,1,1965.4070539730997,bic,ic_search,false,true,false,,
87,column_87,600,1,1,2,2089.18137850166,bic,ic_search,false,true,false,,
88,column_88,600,1,1,2,2723.5772145442475,bic,ic_search,false,true,false,,
89,column_89,600,0,1,1,2208.9684949176067,bic,ic_search,false,true,false,,
90,column_90,600,0,1,1,1981.8444996361452,bic,ic_search,false,true,false,,
91,column_91,600,1,1,3,1696.6525967226412,bic,ic_search,false,true,false,,
92,column_92,600,1,1,2,2723.5772145442475,bic,ic_search,false,true,false,,
93,column_93,600,0,1,2,2238.860550079806,bic,ic_search,false,true,false,,
94,column_94,600,0,1,3,1986.4765290398004,bic,ic_search,false,true,false,,
95,column_95,600,1,1,2,1665.4035848149115,bic,ic_search,false,true,false,,
96,column_96,600,1,1,2,2723.5772145442475,bic,ic_search,false,true,false,,
97,column_97,600,0,1,1,2250.92910704262,bic,ic_search,false,true,false,,
98,column_98,600,0,1,1,1999.3566665413941,bic,ic_search,false,true,false,,
99,column_99,600,1,1,2,1666.4792639315372,bic,ic_search,false,true,false,,
100,column_100,600,1,1,2,2723.5772145442475,bic,ic_search,false,true,false,,
101,column_101,600,0,1,1,2278.049380622015,bic,ic_search,false,true,false,,
102,column_102,600,0,1,1,1948.3291071917138,bic,ic_search,false,true,false,,
103,column_103,600,1,1,2,2284.9475093229275,bic,ic_search,false,true,false,,
104,column_104,600,1,1,2,2723.5772145442475,bic,ic_search,false,true,false,,
105,column_105,600,2,1,5,3046.1768879074816,bic,ic_search,false,true,false,,
106,column_106,600,0,1,5,2437.6610506827533,bic,ic_search,false,true,false,,
107,column_107,600,1,1,2,2282.499637649412,bic,ic_search,false,true,false,,
108,column_108,600,1,1,2,2723.5772145442475,bic,ic_search,false,true,false,,
109,column_109,600,0,1,1,2263.25748385869,bic,ic_search,false,true,false,,
110,column_110,600,0,1,1,1972.540037534581,bic,ic_search,false,true,false,,
111,column_111,600,0,1,4,1738.7008904623815,bic,ic_search,false,true,false,,
112,column_112,600,0,1,1,1959.1694251397748,bic,ic_search,false,true,false,,
113,column_113,600,0,1,1,2230.7066025122926,bic,ic_search,false,true,false,,
114,column_114,600,0,1,2,1946.106738821651,bic,ic_search,false,true,false,,
115,column_115,600,1,1,2,1277.5999997050812,bic,ic_search,false,true,false,,
116,column_116,600,0,1,1,1959.1694251397748,bic,ic_search,false,true,false,,
117,column_117,600,0,1,1,2226.1009323600224,bic,ic_search,false,true,false,,
118,column_118,600,0,1,1,1961.786715197569,bic,ic_search,false,true,false,,
119,column_119,600,3,1,4,2639.519850293172,bic,ic_search,false,true,false,,
120,column_120,600,0,1,1,1949.1318639253489,bic,ic_search,false,true,false,,
121,column_121,600,4,1,1,2253.157623551043,bic,ic_search,false,true,false,,
122,column_122,600,0,1,1,1985.6780779051167,bic,ic_search,false,true,false,,
123,column_123,600,1,1,4,2682.7243495043613,bic,ic_search,false,true,false,,
124,column_124,600,0,1,1,1958.2743904400543,bic,ic_search,false,true,false,,
125,column_125,600,0,1,1,2266.3817606543566,bic,ic_search,false,true,false,,
126,column_126,600,0,1,1,1942.6806297622845,bic,ic_search,false,true,false,,
127,column_127,600,1,1,2,2650.7553613319815,bic,ic_search,false,true,false,,
128,column_128,600,0,1,4,1891.8241239506758,bic,ic_search,false,true,false,,
129,column_129,600,0,1,2,2243.5847921436116,bic,ic_search,false,true,false,,
130,column_130,600,0,1,1,1932.2773382422993,bic,ic_search,false,true,false,,
131,column_131,600,2,1,4,2606.3517416399754,bic,ic_search,false,true,false,,
132,column_132,600,0,1,4,1891.8241239506758,bic,ic_search,false,true,false,,
133,column_133,600,0,1,1,2236.611069299267,bic,ic_search,false,true,false,,
134,column_134,600,0,1,1,1980.814443048069,bic,ic_search,false,true,false,,
135,column_135,600,0,1,1,1318.9919262375017,bic,ic_search,false,true,false,,
136,column_136,600,0,1,4,1891.8241239506758,bic,ic_search,false,true,false,,
137,column_137,600,0,1,1,2241.2422196704424,bic,ic_search,false,true,false,,
138,column_138,600,0,1,1,1945.268024947626,bic,ic_search,false,true,false,,
139,column_139,600,1,1,2,1259.8696353526861,bic,ic_search,false,true,false,,
140,column_140,600,0,1,4,1891.8241239506758,bic,ic_search,false,true,false,,
141,column_141,600,0,1,1,2278.341890482064,bic,ic_search,false,true,false,,
142,column_142,600,0,1,1,2001.4233390608056,bic,ic_search,false,true,false,,
143,column_143,600,1,1,2,2059.61131970635,bic,ic_search,false,true,false,,
144,column_144,600,0,1,4,1891.8241239506758,bic,ic_search,false,true,false,,
145,column_145,600,1,1,5,3083.2310290900937,bic,ic_search,false,true,false,,
146,column_146,600,0,1,4,2836.0278402833374,bic,ic_search,false,true,false,,
147,column_147,600,1,1,3,2059.9215465784896,bic,ic_search,false,true,false,,
148,column_148,600,0,1,4,1891.8241239506758,bic,ic_search,false,true,false,,
149,column_149,600,1,1,5,3045.5223268170253,bic,ic_search,false,true,false,,
150,column_150,600,0,1,2,2858.2317290868696,bic,ic_search,false,true,false,,
151,column_151,600,1,1,3,2075.8007976925883,bic,ic_search,false,true,false,,
152,column_152,600,0,1,4,1891.8241239506758,bic,ic_search,false,true,false,,
153,column_153,600,1,1,2,3046.337055427666,bic,ic_search,false,true,false,,
154,column_154,600,2,1,4,2497.356221648028,bic,ic_search,false,true,false,,
155,column_155,600,1,1,2,2036.385392176016,bic,ic_search,false,true,false,,
156,column_156,600,0,1,4,1891.8241239506758,bic,ic_search,false,true,false,,
157,column_157,600,3,0,5,3262.718037128956,bic,ic_search,true,true,false,,
158,column_158,600,0,1,1,2967.9496318375827,bic,ic_search,false,true,false,,
159,column_159,600,1,1,2,2321.6541707889837,bic,ic_search,false,true,false,,
160,column_160,600,0,1,4,1891.8241239506758,bic,ic_search,false,true,false,,
161,column_161,600,0,1,1,3058.016911587653,bic,ic_search,false,true,false,,
162,column_162,600,0,1,2,2504.2400591928103,bic,ic_search,false,true,false,,
163,column_163,600,1,1,2,2233.8524595950466,bic,ic_search,false,true,false,,
164,column_164,600,0,1,4,1891.8241239506758,bic,ic_search,false,true,false,,
165,column_165,600,0,1,1,2294.2698399650003,bic,ic_search,false,true,false,,
166,column_166,600,0,1,2,1990.9467958203456,bic,ic_search,false,true,false,,
167,column_167,600,0,1,2,1723.167363800355,bic,ic_search,false,true,false,,
168,column_168,600,0,1,1,1967.9469391298421,bic,ic_search,false,true,false,,
169,column_169,600,0,1,1,2243.786192734858,bic,ic_search,false,true,false,,
170,column_170,600,0,1,4,2011.9076610519608,bic,ic_search,false,true,false,,
171,column_171,600,1,1,2,2659.276351283861,bic,ic_search,false,true,false,,
172,column_172,600,0,1,1,1967.9469391298421,bic,ic_search,false,true,false,,
173,column_173,600,0,1,1,2246.3689340826795,bic,ic_search,false,true,false,,
174,column_174,600,0,1,1,1989.4307849611048,bic,ic_search,false,true,false,,
175,column_175,600,1,1,2,2694.448315292007,bic,ic_search,false,true,false,,
176,column_176,600,0,1,1,1947.3452930341598,bic,ic_search,false,true,false,,
177,column_177,600,0,1,1,2242.734556424349,bic,ic_search,false,true,false,,
178,column_178,600,0,1,1,1942.9650662312554,bic,ic_search,false,true,false,,
179,column_179,600,1,1,2,1290.5189185685854,bic,ic_search,false,true,false,,
180,column_180,600,0,1,2,1950.5004898466736,bic,ic_search,false,true,false,,
181,column_181,600,0,1,1,2246.6521397075276,bic,ic_search,false,true,false,,
182,column_182,600,0,1,2,1973.1504623096473,bic,ic_search,false,true,false,,
183,column_183,600,2,1,4,1276.3938243281757,bic,ic_search,false,true,false,,
184,column_184,600,0,1,1,2002.938999172592,bic,ic_search,false,true,false,,
185,column_185,600,0,1,1,2222.095699967293,bic,ic_search,false,true,false,,
186,column_186,600,0,1,4,1976.8245438411625,bic,ic_search,false,true,false,,
187,column_187,600,2,1,3,1688.488432710257,bic,ic_search,false,true,false,,
188,column_188,600,0,1,1,2002.938999172592,bic,ic_search,false,true,false,,
189,column_189,600,0,1,1,2292.416044162396,bic,ic_search,false,true,false,,
190,column_190,600,0,1,1,1988.9789501206865,bic,ic_search,false,true,false,,
191,column_191,600,1,1,4,1289.121331659313,bic,ic_search,false,true,false,,
192,column_192,600,0,1,1,2002.938999172592,bic,ic_search,false,true,false,,
193,column_193,600,0,1,1,2250.9672564958696,bic,ic_search,false,true,false,,
194,column_194,600,0,1,1,1993.4599470907988,bic,ic_search,false,true,false,,
195,column_195,600,1,1,3,1229.2844310159348,bic,ic_search,false,true,false,,
196,column_196,600,0,1,1,2002.938999172592,bic,ic_search,false,true,false,,
197,column_197,600,0,1,1,2247.0045965977642,bic,ic_search,false,true,false,,
198,column_198,600,0,1,3,1985.933605897133,bic,ic_search,false,true,false,,
199,column_199,600,1,1,2,1346.7289246282257,bic,ic_search,false,true,false,,
200,column_200,600,0,1,1,2002.938999172592,bic,ic_search,false,true,false,,
201,column_201,600,0,1,5,2250.5879604580527,bic,ic_search,false,true,false,,
202,column_202,600,0,1,1,1963.7705722191556,bic,ic_search,false,true,false,,
203,column_203,600,3,1,4,1674.670856537515,bic,ic_search,false,true,false,,
204,column_204,600,0,1,1,2002.938999172592,bic,ic_search,false,true,false,,
205,column_205,600,2,1,3,3072.2925709355122,bic,ic_search,false,true,false,,
206,column_206,600,0,1,2,2486.028742798214,bic,ic_search,false,true,false,,
207,column_207,600,3,1,4,1689.2166476898215,bic,ic_search,false,true,false,,
208,column_208,600,0,1,1,2002.938999172592,bic,ic_search,false,true,false,,
209,column_209,600,1,1,3,3039.995838017086,bic,ic_search,false,true,false,,
210,column_210,600,2,1,3,2462.553293881362,bic,ic_search,false,true,false,,
211,column_211,600,1,1,2,2080.498431060848,bic,ic_search,false,true,false,,
212,column_212,600,0,1,1,2002.938999172592,bic,ic_search,false,true,false,,
213,column_213,600,1,1,2,3081.9390907477436,bic,ic_search,false,true,false,,
214,column_214,600,0,1,1,2864.5918308175874,bic,ic_search,false,true,false,,
215,column_215,600,1,1,3,2379.631982406216,bic,ic_search,false,true,false,,
216,column_216,600,0,1,1,2002.938999172592,bic,ic_search,false,true,false,,
217,column_217,600,1,1,3,3065.37296598025,bic,ic_search,false,true,false,,
218,column_218,600,0,1,2,2520.9697448245984,bic,ic_search,false,true,false,,
219,column_219,600,1,1,2,2308.723626470204,bic,ic_search,false,true,false,,
220,column_220,600,0,1,1,2002.938999172592,bic,ic_search,false,true,false,,
221,column_221,600,0,1,4,3048.2896072472286,bic,ic_search,false,true,false,,
222,column_222,600,0,1,5,2462.602110020355,bic,ic_search,false,true,false,,
223,column_223,600,1,1,2,1667.2286891160097,bic,ic_search,false,true,false,,
224,column_224,600,3,1,5,2772.954233972466,bic,ic_search,false,true,false,,
225,column_225,600,1,1,5,3034.9440983162,bic,ic_search,false,true,false,,
226,column_226,600,0,1,2,2808.7960940066073,bic,ic_search,false,true,false,,
227,column_227,600,2,1,3,2683.458701668369,bic,ic_search,false,true,false,,
228,column_228,600,3,1,5,2772.954233972466,bic,ic_search,false,true,false,,
229,column_229,600,0,1,5,3043.6140242477773,bic,ic_search,false,true,false,,
230,column_230,600,0,1,1,2483.522675787228,bic,ic_search,false,true,false,,
231,column_231,600,1,1,2,2714.8727012883187,bic,ic_search,false,true,false,,
232,column_232,600,0,1,1,1918.6605977885804,bic,ic_search,false,true,false,,
233,column_233,600,0,1,1,2279.1845832680187,bic,ic_search,false,true,false,,
234,column_234,600,0,1,1,1939.0547501165504,bic,ic_search,false,true,false,,
235,column_235,600,3,1,4,1294.1768503863823,bic,ic_search,false,true,false,,
236,column_236,600,0,1,2,2781.4423774728534,bic,ic_search,false,true,false,,
237,column_237,600,1,1,3,3082.2095107705486,bic,ic_search,false,true,false,,
238,column_238,600,0,1,1,2480.0229536869297,bic,ic_search,false,true,false,,
239,column_239,600,1,1,4,1291.5981869260318,bic,ic_search,false,true,false,,
240,column_240,600,0,1,1,1942.4006858351042,bic,ic_search,false,true,false,,
241,column_241,600,0,1,1,2286.9813007320386,bic,ic_search,false,true,false,,
242,column_242,600,0,1,1,1994.5508802746783,bic,ic_search,false,true,false,,
243,column_243,600,1,1,2,1771.91275019444,bic,ic_search,false,true,false,,
244,column_244,600,0,1,1,1942.4006858351042,bic,ic_search,false,true,false,,
245,column_245,600,0,1,1,2230.7193672260123,bic,ic_search,false,true,false,,
246,column_246,600,0,1,1,1987.42738013436,bic,ic_search,false,true,false,,
247,column_247,600,1,0,1,1343.648086975625,bic,ic_search,true,true,false,,
248,column_248,600,0,1,1,1942.4006858351042,bic,ic_search,false,true,false,,
249,column_249,600,0,1,1,2244.058734119899,bic,ic_search,false,true,false,,
250,column_250,600,0,1,1,2003.028153530431,bic,ic_search,false,true,false,,
251,column_251,600,3,0,4,1272.8800832415752,bic,ic_search,true,true,false,,
252,column_252,600,0,1,1,1942.4006858351042,bic,ic_search,false,true,false,,
253,column_253,600,0,1,1,2259.7172614080637,bic,ic_search,false,true,false,,
254,column_254,600,0,1,1,1993.5913718336817,bic,ic_search,false,true,false,,
255,column_255,600,1,1,2,1286.123296119385,bic,ic_search,false,true,false,,
256,column_256,600,0,1,1,1942.4006858351042,bic,ic_search,false,true,false,,
257,column_257,600,1,1,3,3088.9443838537886,bic,ic_search,false,true,false,,
258,column_258,600,0,1,2,2476.209598731503,bic,ic_search,false,true,false,,
259,column_259,600,0,1,1,1714.7746851630425,bic,ic_search,false,true,false,,
260,column_260,600,0,1,1,1942.4006858351042,bic,ic_search,false,true,false,,
261,column_261,600,2,1,4,3063.3665307256465,bic,ic_search,false,true,false,,
262,column_262,600,0,1,2,2519.7189604728073,bic,ic_search,false,true,false,,
263,column_263,600,4,1,5,1669.1155547557678,bic,ic_search,false,true,false,,
264,column_264,600,0,1,1,1942.4006858351042,bic,ic_search,false,true,false,,
265,column_265,600,1,1,3,3078.2212722792938,bic,ic_search,false,true,false,,
266,column_266,600,0,1,1,2479.382538925359,bic,ic_search,false,true,false,,
267,column_267,600,1,1,2,1342.2650597525264,bic,ic_search,false,true,false,,
268,column_268,600,0,1,1,1942.4006858351042,bic,ic_search,false,true,false,,
269,column_269,600,0,1,2,3031.6048922991104,bic,ic_search,false,true,false,,
270,column_270,600,0,1,1,2498.1527207374925,bic,ic_search,false,true,false,,
271,column_271,600,1,1,2,2368.4844104640383,bic,ic_search,false,true,false,,
272,column_272,600,0,1,1,1942.4006858351042,bic,ic_search,false,true,false,,
273,column_273,600,0,1,1,2272.5838977349713,bic,ic_search,false,true,false,,
274,column_274,600,0,1,1,1980.553610050643,bic,ic_search,false,true,false,,
275,column_275,600,1,1,4,2292.522829563939,bic,ic_search,false,true,false,,
276,column_276,600,0,1,1,1942.4006858351042,bic,ic_search,false,true,false,,
277,column_277,600,0,1,1,2249.7311863192635,bic,ic_search,false,true,false,,
278,column_278,600,0,1,1,1980.3617338494457,bic,ic_search,false,true,false,,
279,column_279,600,2,1,3,1714.0011378747042,bic,ic_search,false,true,false,,
280,column_280,600,1,1,5,3510.19748561615,bic,ic_search,false,true,false,,
281,column_281,600,1,1,2,3041.2973833848237,bic,ic_search,false,true,false,,
282,column_282,600,0,1,4,2786.778937175318,bic,ic_search,false,true,false,,
283,column_283,600,1,1,2,2760.364075917206,bic,ic_search,false,true,false,,
284,column_284,600,1,1,5,3510.19748561615,bic,ic_search,false,true,false,,
285,column_285,600,1,1,2,3051.8626772715056,bic,ic_search,false,true,false,,
286,column_286,600,0,1,1,2878.6912478587683,bic,ic_search,false,true,false,,
287,column_287,600,1,1,3,2778.6904835301943,bic,ic_search,false,true,false,,
288,column_288,600,1,1,2,2713.7741383223383,bic,ic_search,false,true,false,,
289,column_289,600,1,1,2,3054.6000736884002,bic,ic_search,false,true,false,,
290,column_290,600,0,1,5,2469.671887494294,bic,ic_search,false,true,false,,
291,column_291,600,1,1,2,1724.0728844826713,bic,ic_search,false,true,false,,
292,column_292,600,1,1,4,3329.860468528549,bic,ic_search,false,true,false,,
293,column_293,600,3,0,5,3323.336145607505,bic,ic_search,true,true,false,,
294,column_294,600,0,1,5,3008.6084111707255,bic,ic_search,false,true,false,,
295,column_295,600,1,1,2,1690.1367108107104,bic,ic_search,false,true,false,,
296,column_296,600,1,1,4,3354.8646824987272,bic,ic_search,false,true,false,,
297,column_297,600,3,0,5,3235.854764250023,bic,ic_search,true,true,false,,
298,column_298,600,0,1,4,2965.6875805581685,bic,ic_search,false,true,false,,
299,column_299,600,1,1,2,1744.4773846663745,bic,ic_search,false,true,false,,
300,column_300,600,1,1,4,3354.8646824987272,bic,ic_search,false,true,false,,
301,column_301,600,0,1,1,2236.1530719276675,bic,ic_search,false,true,false,,
302,column_302,600,0,1,1,2020.9399654899685,bic,ic_search,false,true,false,,
303,column_303,600,2,0,3,1281.9184099591605,bic,ic_search,true,true,false,,
304,column_304,600,1,1,4,3354.8646824987272,bic,ic_search,false,true,false,,
305,column_305,600,0,1,1,2224.8791425458044,bic,ic_search,false,true,false,,
306,column_306,600,0,1,5,1967.6158800242758,bic,ic_search,false,true,false,,
307,column_307,600,1,1,3,1245.718224024315,bic,ic_search,false,true,false,,
308,column_308,600,1,1,4,3354.8646824987272,bic,ic_search,false,true,false,,
309,column_309,600,0,1,1,2246.7705811436163,bic,ic_search,false,true,false,,
310,column_310,600,0,1,2,1992.135799971681,bic,ic_search,false,true,false,,
311,column_311,600,1,1,4,1306.784678306607,bic,ic_search,false,true,false,,
312,column_312,600,1,1,4,3354.8646824987272,bic,ic_search,false,true,false,,
313,column_313,600,0,1,2,2249.924027268136,bic,ic_search,false,true,false,,
314,column_314,600,0,1,1,2003.4150524851768,bic,ic_search,false,true,false,,
315,column_315,600,1,1,4,1691.922548015159,bic,ic_search,false,true,false,,
316,column_316,600,1,1,4,3354.8646824987272,bic,ic_search,false,true,false,,
317,column_317,600,0,1,4,2255.6090755112446,bic,ic_search,false,true,false,,
318,column_318,600,0,1,1,1965.3884460341328,bic,ic_search,false,true,false,,
319,column_319,600,0,1,1,1746.5293155721076,bic,ic_search,false,true,false,,
320,column_320,600,1,1,4,3354.8646824987272,bic,ic_search,false,true,false,,
321,column_321,600,0,1,1,2228.286443093125,bic,ic_search,false,true,false,,
322,column_322,600,0,1,1,1944.177333600436,bic,ic_search,false,true,false,,
323,column_323,600,1,1,2,1306.1776166888258,bic,ic_search,false,true,false,,
324,column_324,600,1,1,4,3354.8646824987272,bic,ic_search,false,true,false,,
325,column_325,600,1,1,5,3082.4457646920946,bic,ic_search,false,true,false,,
326,column_326,600,0,1,1,2470.5910820401264,bic,ic_search,false,true,false,,
327,column_327,600,1,1,2,2295.3503444346616,bic,ic_search,false,true,false,,
328,column_328,600,1,1,4,3354.8646824987272,bic,ic_search,false,true,false,,
329,column_329,600,0,1,1,2252.707994398554,bic,ic_search,false,true,false,,
330,column_330,600,0,1,1,1972.8040221048834,bic,ic_search,false,true,false,,
331,column_331,600,1,1,2,1688.9809248423683,bic,ic_search,false,true,false,,
332,column_332,600,1,1,4,3354.8646824987272,bic,ic_search,false,true,false,,
333,column_333,600,0,1,1,2232.031513102955,bic,ic_search,false,true,false,,
334,column_334,600,0,1,1,1969.0728058429384,bic,ic_search,false,true,false,,
335,column_335,600,2,1,4,1714.7734431069173,bic,ic_search,false,true,false,,
336,column_336,600,1,1,5,3494.7958622062574,bic,ic_search,false,true,false,,
337,column_337,600,1,1,3,3039.5690485374475,bic,ic_search,false,true,false,,
338,column_338,600,0,1,5,2842.716929958823,bic,ic_search,false,true,false,,
339,column_339,600,1,1,2,3035.6532038511823,bic,ic_search,false,true,false,,
340,column_340,600,1,1,5,3494.7958622062574,bic,ic_search,false,true,false,,
341,column_341,600,1,1,2,3040.225040919756,bic,ic_search,false,true,false,,
342,column_342,600,0,1,3,2827.696969905494,bic,ic_search,false,true,false,,
343,column_343,600,1,1,2,3083.732129342892,bic,ic_search,false,true,false,,
344,column_344,600,2,1,5,3471.362809824282,bic,ic_search,false,true,false,,
345,column_345,600,1,1,2,3043.60718245821,bic,ic_search,false,true,false,,
346,column_346,600,1,1,2,2808.888122204562,bic,ic_search,false,true,false,,
347,column_347,600,2,1,2,2763.1873458741584,bic,ic_search,false,true,false,,
348,column_348,600,1,1,5,3516.401861425131,bic,ic_search,false,true,false,,
349,column_349,600,1,1,2,3080.5111238250774,bic,ic_search,false,true,false,,
350,column_350,600,0,1,1,2887.329952018735,bic,ic_search,false,true,false,,
351,column_351,600,1,1,2,2726.410657058437,bic,ic_search,false,true,false,,
352,column_352,600,1,1,4,3483.473869845608,bic,ic_search,false,true,false,,
353,column_353,600,1,1,4,3058.122377703963,bic,ic_search,false,true,false,,
354,column_354,600,1,1,5,2872.294741317145,bic,ic_search,false,true,false,,
355,column_355,600,1,1,3,2729.074317333071,bic,ic_search,false,true,false,,
356,column_356,600,1,1,4,3483.473869845608,bic,ic_search,false,true,false,,
357,column_357,600,0,1,1,3078.9029886923267,bic,ic_search,false,true,false,,
358,column_358,600,0,1,2,2426.1115520362773,bic,ic_search,false,true,false,,
359,column_359,600,1,1,2,1715.9574470661983,bic,ic_search,false,true,false,,
360,column_360,600,1,1,4,3483.473869845608,bic,ic_search,false,true,false,,
361,column_361,600,0,1,5,3078.445110897025,bic,ic_search,false,true,false,,
362,column_362,600,0,1,3,2450.2940467757176,bic,ic_search,false,true,false,,
363,column_363,600,1,1,5,1814.4691824018983,bic,ic_search,false,true,false,,
364,column_364,600,1,1,4,3483.473869845608,bic,ic_search,false,true,false,,
365,column_365,600,3,0,5,3291.2283430180814,bic,ic_search,true,true,false,,
366,column_366,600,0,1,5,2957.583179825319,bic,ic_search,false,true,false,,
367,column_367,600,1,1,2,2040.563874050561,bic,ic_search,false,true,false,,
368,column_368,600,1,1,4,3483.473869845608,bic,ic_search,false,true,false,,
369,column_369,600,0,1,1,2250.795452740504,bic,ic_search,false,true,false,,
370,column_370,600,0,1,3,1970.70752138866,bic,ic_search,false,true,false,,
371,column_371,600,4,1,4,1735.5785139521663,bic,ic_search,false,true,false,,
372,column_372,600,1,1,4,3483.473869845608,bic,ic_search,false,true,false,,
373,column_373,600,1,1,2,3037.1545799097034,bic,ic_search,false,true,false,,
374,column_374,600,0,1,3,2439.0786423014115,bic,ic_search,false,true,false,,
375,column_375,600,2,1,4,1685.610353403658,bic,ic_search,false,true,false,,
376,column_376,600,1,1,4,3483.473869845608,bic,ic_search,false,true,false,,
377,column_377,600,3,0,5,3254.400090394998,bic,ic_search,true,true,false,,
378,column_378,600,0,1,2,2990.878375717613,bic,ic_search,false,true,false,,
379,column_379,600,1,1,2,2079.6664909093465,bic,ic_search,false,true,false,,
380,column_380,600,1,1,4,3483.473869845608,bic,ic_search,false,true,false,,
381,column_381,600,0,1,5,3062.969227945499,bic,ic_search,false,true,false,,
382,column_382,600,0,1,2,2458.1241816354323,bic,ic_search,false,true,false,,
383,column_383,600,1,1,2,2353.3368079829993,bic,ic_search,false,true,false,,
384,column_384,600,1,1,4,3483.473869845608,bic,ic_search,false,true,false,,
385,column_385,600,0,1,1,3040.8858210192748,bic,ic_search,false,true,false,,
386,column_386,600,0,1,2,2442.6428462013787,bic,ic_search,false,true,false,,
387,column_387,600,1,1,4,1722.2923120029857,bic,ic_search,false,true,false,,
388,column_388,600,1,1,4,3483.473869845608,bic,ic_search,false,true,false,,
389,column_389,600,0,1,1,2240.6263026747506,bic,ic_search,false,true,false,,
390,column_390,600,0,1,1,1989.3571360048625,bic,ic_search,false,true,false,,
391,column_391,600,0,1,5,1804.4554863586716,bic,ic_search,false,true,false,,
392,column_392,600,2,1,4,3344.484206280782,bic,ic_search,false,true,false,,
393,column_393,600,3,0,5,3253.799974732515,bic,ic_search,true,true,false,,
394,column_394,600,0,1,4,2997.0771285639858,bic,ic_search,false,true,false,,
395,column_395,600,1,1,5,3066.595134188618,bic,ic_search,false,true,false,,
396,column_396,600,2,1,4,3344.484206280782,bic,ic_search,false,true,false,,
397,column_397,600,3,0,5,3263.27466050566,bic,ic_search,true,true,false,,
398,column_398,600,0,1,5,2983.182379029885,bic,ic_search,false,true,false,,
399,column_399,600,1,1,3,3051.656938415525,bic,ic_search,false,true,false,,
400,column_400,600,1,1,2,3337.1356718922802,bic,ic_search,false,true,false,,
401,column_401,600,3,0,5,3206.2779096601,bic,ic_search,true,true,false,,
402,column_402,600,0,1,3,2964.9928494574647,bic,ic_search,false,true,false,,
403,column_403,600,1,1,2,3060.3478016927793,bic,ic_search,false,true,false,,
404,column_404,600,2,1,5,3479.8043023695145,bic,ic_search,false,true,false,,
405,column_405,600,1,1,2,3051.0823499782664,bic,ic_search,false,true,false,,
406,column_406,600,0,1,1,2824.3977422763933,bic,ic_search,false,true,false,,
407,column_407,600,1,1,2,1723.8771138628322,bic,ic_search,false,true,false,,
408,column_408,600,2,1,5,3511.7592651888967,bic,ic_search,false,true,false,,
409,column_409,600,1,1,2,3064.6407099731578,bic,ic_search,false,true,false,,
410,column_410,600,0,1,2,2868.187343658066,bic,ic_search,false,true,false,,
411,column_411,600,1,1,3,2689.2169528015716,bic,ic_search,false,true,false,,
412,column_412,600,2,1,5,3511.7592651888967,bic,ic_search,false,true,false,,
413,column_413,600,1,1,5,3089.759838492641,bic,ic_search,false,true,false,,
414,column_414,600,0,1,1,2835.6760955108125,bic,ic_search,false,true,false,,
415,column_415,600,1,1,3,2718.95972215064,bic,ic_search,false,true,false,,
416,column_416,600,2,1,5,3511.7592651888967,bic,ic_search,false,true,false,,
417,column_417,600,1,1,3,3064.186974172921,bic,ic_search,false,true,false,,
418,column_418,600,0,1,2,2881.9735740928213,bic,ic_search,false,true,false,,
419,column_419,600,1,1,2,2732.266872062921,bic,ic_search,false,true,false,,
420,column_420,600,2,1,5,3511.7592651888967,bic,ic_search,false,true,false,,
421,column_421,600,1,1,2,3048.000896048725,bic,ic_search,false,true,false,,
422,column_422,600,0,1,1,2830.5268179261025,bic,ic_search,false,true,false,,
423,column_423,600,1,1,2,2716.7193623227017,bic,ic_search,false,true,false,,
424,column_424,600,2,1,5,3511.7592651888967,bic,ic_search,false,true,false,,
425,column_425,600,2,0,5,3296.3254107930015,bic,ic_search,true,true,false,,
426,column_426,600,0,1,5,2920.252013246783,bic,ic_search,false,true,false,,
427,column_427,600,1,1,3,2085.5795204902897,bic,ic_search,false,true,false,,
428,column_428,600,2,1,5,3511.7592651888967,bic,ic_search,false,true,false,,
429,column_429,600,3,0,5,3306.2520765101212,bic,ic_search,true,true,false,,
430,column_430,600,0,1,4,2969.9611038523117,bic,ic_search,false,true,false,,
431,column_431,600,1,1,2,2077.1141977895245,bic,ic_search,false,true,false,,
432,column_432,600,2,1,5,3511.7592651888967,bic,ic_search,false,true,false,,
433,column_433,600,2,0,2,3249.6580818353264,bic,ic_search,true,true,false,,
434,column_434,600,0,1,4,2954.5590476051984,bic,ic_search,false,true,false,,
435,column_435,600,1,1,2,2086.123624695327,bic,ic_search,false,true,false,,
436,column_436,600,2,1,5,3511.7592651888967,bic,ic_search,false,true,false,,
437,column_437,600,0,1,5,3057.243490476937,bic,ic_search,false,true,false,,
438,column_438,600,0,1,5,2492.9614008824374,bic,ic_search,false,true,false,,
439,column_439,600,1,1,4,2320.111221447132,bic,ic_search,false,true,false,,
440,column_440,600,2,1,5,3511.7592651888967,bic,ic_search,false,true,false,,
441,column_441,600,0,1,1,2291.7177645478455,bic,ic_search,false,true,false,,
442,column_442,600,0,1,1,2003.169862253935,bic,ic_search,false,true,false,,
443,column_443,600,2,1,3,1336.5640664241412,bic,ic_search,false,true,false,,
444,column_444,600,2,1,5,3511.7592651888967,bic,ic_search,false,true,false,,
445,column_445,600,0,1,1,2255.049873890885,bic,ic_search,false,true,false,,
446,column_446,600,0,1,1,1979.080754992726,bic,ic_search,false,true,false,,
447,column_447,600,1,1,3,1708.011498618223,bic,ic_search,false,true,false,,
448,column_448,600,1,1,2,2731.2798957178284,bic,ic_search,false,true,false,,
449,column_449,600,0,1,5,3040.5156715417784,bic,ic_search,false,true,false,,
450,column_450,600,0,1,1,2430.2617653948814,bic,ic_search,false,true,false,,
451,column_451,600,0,1,1,1312.1835170362483,bic,ic_search,false,true,false,,
452,column_452,600,1,1,2,2731.2798957178284,bic,ic_search,false,true,false,,
453,column_453,600,0,1,5,3064.069021115683,bic,ic_search,false,true,false,,
454,column_454,600,0,1,1,2431.9173460702846,bic,ic_search,false,true,false,,
455,column_455,600,1,1,2,1272.056852837472,bic,ic_search,false,true,false,,
456,column_456,600,0,1,5,2757.5586140735877,bic,ic_search,false,true,false,,
457,column_457,600,1,1,4,3058.1447492560437,bic,ic_search,false,true,false,,
458,column_458,600,0,1,2,2486.161171730324,bic,ic_search,false,true,false,,
459,column_459,600,1,1,2,1279.484493948697,bic,ic_search,false,true,false,,
460,column_460,600,2,1,3,2766.4710746883648,bic,ic_search,false,true,false,,
461,column_461,600,1,1,2,3056.5890975415714,bic,ic_search,false,true,false,,
462,column_462,600,0,1,3,2510.0747676008573,bic,ic_search,false,true,false,,
463,column_463,600,1,1,2,1355.848072521364,bic,ic_search,false,true,false,,
464,column_464,600,1,1,2,2752.945755598505,bic,ic_search,false,true,false,,
465,column_465,600,1,1,3,3042.1914485753646,bic,ic_search,false,true,false,,
466,column_466,600,0,1,2,2448.5815378560674,bic,ic_search,false,true,false,,
467,column_467,600,1,1,3,1767.7751861427087,bic,ic_search,false,true,false,,
468,column_468,600,1,1,2,2752.945755598505,bic,ic_search,false,true,false,,
469,column_469,600,2,0,5,3236.2720374408273,bic,ic_search,true,true,false,,
470,column_470,600,0,1,2,2987.1906664174253,bic,ic_search,false,true,false,,
471,column_471,600,1,1,2,1809.798057620395,bic,ic_search,false,true,false,,
472,column_472,600,1,1,2,2752.945755598505,bic,ic_search,false,true,false,,
473,column_473,600,1,1,2,3114.480953616534,bic,ic_search,false,true,false,,
474,column_474,600,0,1,1,2915.480607807817,bic,ic_search,false,true,false,,
475,column_475,600,5,0,1,1873.0966862989462,bic,ic_search,true,true,false,,
476,column_476,600,1,1,2,2752.945755598505,bic,ic_search,false,true,false,,
477,column_477,600,1,1,4,3097.154679506685,bic,ic_search,false,true,false,,
478,column_478,600,1,1,2,2888.553822298476,bic,ic_search,false,true,false,,
479,column_479,600,1,1,2,2768.6487535106344,bic,ic_search,false,true,false,,
480,column_480,600,1,1,2,2752.945755598505,bic,ic_search,false,true,false,,
481,column_481,600,1,1,5,2983.625157692019,bic,ic_search,false,true,false,,
482,column_482,600,0,1,2,2843.3545105565586,bic,ic_search,false,true,false,,
483,column_483,600,1,1,3,2755.9938485075713,bic,ic_search,false,true,false,,
484,column_484,600,1,1,2,2752.945755598505,bic,ic_search,false,true,false,,
485,column_485,600,1,1,4,3037.7305622284607,bic,ic_search,false,true,false,,
486,column_486,600,0,1,3,2794.5718134610966,bic,ic_search,false,true,false,,
487,column_487,600,1,1,3,2734.859469770628,bic,ic_search,false,true,false,,
488,column_488,600,1,1,2,2752.945755598505,bic,ic_search,false,true,false,,
489,column_489,600,1,1,2,3059.351221906213,bic,ic_search,false,true,false,,
490,column_490,600,0,1,2,2788.916553997267,bic,ic_search,false,true,false,,
491,column_491,600,1,1,2,2386.7191490899686,bic,ic_search,false,true,false,,
492,column_492,600,1,1,2,2752.945755598505,bic,ic_search,false,true,false,,
493,column_493,600,0,1,2,3075.37033919943,bic,ic_search,false,true,false,,
494,column_494,600,0,1,3,2452.1984801867247,bic,ic_search,false,true,false,,
495,column_495,600,1,1,2,2295.1187627574814,bic,ic_search,false,true,false,,
496,column_496,600,1,1,2,2752.945755598505,bic,ic_search,false,true,false,,
497,column_497,600,0,1,1,2257.431972021884,bic,ic_search,false,true,false,,
498,column_498,600,0,1,1,1984.3535633865945,bic,ic_search,false,true,false,,
499,column_499,600,1,1,3,1333.5785942190996,bic,ic_search,false,true,false,,
500,column_500,600,1,1,2,2752.945755598505,bic,ic_search,false,true,false,,
501,column_501,600,0,1,1,2297.1038810654295,bic,ic_search,false,true,false,,
502,column_502,600,0,1,1,1953.5247610644728,bic,ic_search,false,true,false,,
503,column_503,600,3,1,5,1752.5917368876762,bic,ic_search,false,true,false,,
504,column_504,600,0,1,1,1949.0568388690638,bic,ic_search,false,true,false,,
505,column_505,600,0,1,1,2214.516341202902,bic,ic_search,false,true,false,,
506,column_506,600,0,1,1,1950.7818405776786,bic,ic_search,false,true,false,,
507,column_507,600,0,1,2,1314.9787053743237,bic,ic_search,false,true,false,,
508,column_508,600,0,1,1,1949.0568388690638,bic,ic_search,false,true,false,,
509,column_509,600,0,1,1,2227.1884033446463,bic,ic_search,false,true,false,,
510,column_510,600,0,1,1,2016.3307139707993,bic,ic_search,false,true,false,,
511,column_511,600,4,1,3,1291.8589176254245,bic,ic_search,false,true,false,,
512,column_512,600,0,1,2,1977.5765065631563,bic,ic_search,false,true,false,,
513,column_513,600,0,1,3,2237.3622880251905,bic,ic_search,false,true,false,,
514,column_514,600,0,1,1,1979.484348244085,bic,ic_search,false,true,false,,
515,column_515,600,1,1,2,1314.8324123548127,bic,ic_search,false,true,false,,
516,column_516,600,0,1,2,1946.5525845892896,bic,ic_search,false,true,false,,
517,column_517,600,0,1,1,2255.483491478804,bic,ic_search,false,true,false,,
518,column_518,600,0,1,1,1990.7582467164361,bic,ic_search,false,true,false,,
519,column_519,600,2,1,4,1266.7658013711466,bic,ic_search,false,true,false,,
520,column_520,600,0,1,1,1929.7550792172185,bic,ic_search,false,true,false,,
521,column_521,600,0,1,1,2252.974936271133,bic,ic_search,false,true,false,,
522,column_522,600,0,1,1,1966.5689557825146,bic,ic_search,false,true,false,,
523,column_523,600,1,1,2,1689.923783350364,bic,ic_search,false,true,false,,
524,column_524,600,0,1,1,1929.7550792172185,bic,ic_search,false,true,false,,
525,column_525,600,3,0,5,3286.002562407136,bic,ic_search,true,true,false,,
526,column_526,600,0,1,3,2989.3689055633395,bic,ic_search,false,true,false,,
527,column_527,600,2,0,4,1802.051642466351,bic,ic_search,true,true,false,,
528,column_528,600,0,1,1,1929.7550792172185,bic,ic_search,false,true,false,,
529,column_529,600,2,1,3,3051.47916572988,bic,ic_search,false,true,false,,
530,column_530,600,2,1,5,2490.0304541847668,bic,ic_search,false,true,false,,
531,column_531,600,1,1,3,1781.1846427855214,bic,ic_search,false,true,false,,
532,column_532,600,0,1,1,1929.7550792172185,bic,ic_search,false,true,false,,
533,column_533,600,2,1,5,3076.773098853034,bic,ic_search,false,true,false,,
534,column_534,600,0,1,1,2829.530502283809,bic,ic_search,false,true,false,,
535,column_535,600,1,1,5,1326.7991483426906,bic,ic_search,false,true,false,,
536,column_536,600,0,1,1,1929.7550792172185,bic,ic_search,false,true,false,,
537,column_537,600,1,1,5,3051.913675917221,bic,ic_search,false,true,false,,
538,column_538,600,0,1,2,2418.76626301043,bic,ic_search,false,true,false,,
539,column_539,600,1,1,2,2749.261073823138,bic,ic_search,false,true,false,,
540,column_540,600,0,1,1,1929.7550792172185,bic,ic_search,false,true,false,,
541,column_541,600,1,1,2,3036.3299922200426,bic,ic_search,false,true,false,,
542,column_542,600,1,1,4,2831.0612956321684,bic,ic_search,false,true,false,,
543,column_543,600,1,1,2,2728.5614539045064,bic,ic_search,false,true,false,,
544,column_544,600,0,1,1,1929.7550792172185,bic,ic_search,false,true,false,,
545,column_545,600,1,1,2,3059.933481402456,bic,ic_search,false,true,false,,
546,column_546,600,0,1,2,2863.86927083199,bic,ic_search,false,true,false,,
547,column_547,600,1,1,2,2749.2897537294507,bic,ic_search,false,true,false,,
548,column_548,600,0,1,1,1929.7550792172185,bic,ic_search,false,true,false,,
549,column_549,600,1,1,3,3084.0009972809153,bic,ic_search,false,true,false,,
550,column_550,600,0,1,1,2482.197184504628,bic,ic_search,false,true,false,,
551,column_551,600,1,1,2,1701.0217462528624,bic,ic_search,false,true,false,,
552,column_552,600,0,1,1,1929.7550792172185,bic,ic_search,false,true,false,,
553,column_553,600,0,1,1,2234.2182753316943,bic,ic_search,false,true,false,,
554,column_554,600,0,1,1,1988.9187084567404,bic,ic_search,false,true,false,,
555,column_555,600,1,1,4,1321.189949141129,bic,ic_search,false,true,false,,
556,column_556,600,0,1,1,1929.7550792172185,bic,ic_search,false,true,false,,
557,column_557,600,0,1,1,2275.832398151067,bic,ic_search,false,true,false,,
558,column_558,600,0,1,1,1978.5765360972305,bic,ic_search,false,true,false,,
559,column_559,600,1,1,2,1676.2823797119477,bic,ic_search,false,true,false,,
