algorithm_id,mask_family,db_masking_id,db_run_count,completed,not_completed,wrong_graph_policy,wrong_epochs,is_complete,blockers,db_run_ids
dcrnn,mar,st:mar:0.3,3,3,0,0,0,True,,b4b969cb-f72a-4c56-8855-83e33454ca3c|d6b91d16-a814-4732-8ce1-9fa89446b467|ed76e506-2dce-424a-bb26-699980f8d0af
dcrnn,mcar,st:mcar:0.3,3,3,0,0,0,True,,2f9573a7-718b-4561-9923-6fbf0e260922|a5cf438f-b5c7-4da1-9646-94d34f506135|e1888e26-9a21-4a8e-94fe-c6265c9cadeb
dcrnn,mnar,st:mnar:0.3,3,3,0,0,0,True,,4f18c204-57d6-4b20-9630-9642c65c9a61|b18396a5-e455-47fb-baa5-744d11244039|d221e0cc-105c-4529-8338-7b8ee73b46ae
dcrnn,node_holdout,st:node_holdout:0.3,3,3,0,0,0,True,,25b4ba6e-749c-46d9-aa07-a0cb2902ac2f|ccaeffff-41be-4795-a47b-43fe5249cfa6|dc05e44b-2c51-4cd2-8993-5801e9f8540d
dcrnn,sensor_dropout,st:sensor_dropout:0.3,3,3,0,0,0,True,,7fedc1a0-45ac-4e11-94c2-3589613e9862|b5d0034d-e130-46c0-8929-5744371c880d|baf96702-cc3f-48a9-9289-68ff1f14dfae
dcrnn,spatial_block,st:spatial_block:0.3,3,3,0,0,0,True,,3f15c43a-acd7-4002-b6c7-266f4cc1454e|5594a44e-d5e2-4408-b026-9949788facde|a9983fe4-9079-4939-9bfd-bfbb7ab9204f
grin,mar,st:mar:0.3,3,3,0,0,0,True,,4cb1a566-1c75-44c4-924d-5ceac4707a55|63909921-cc8d-418e-983d-18b6a51c8ba1|6c33dee9-761f-4ffe-910a-b10c80d156ab
grin,mcar,st:mcar:0.3,3,3,0,0,0,True,,27091999-4fcd-4fc7-b6bc-543280f9a5f7|388d993a-7afe-40df-b86c-b10eccd265b4|f6a43756-f9e2-4cd4-b6cf-d385681aa5c6
grin,mnar,st:mnar:0.3,3,3,0,0,0,True,,751eae6b-3559-4bdb-9978-d2f504fe661e|7c456c3e-0223-4cb5-aaa4-35bc20a821e2|b67af1ce-0b94-4d69-82cc-f8e0020bc53e
grin,node_holdout,st:node_holdout:0.3,3,3,0,0,0,True,,c5580478-bc6f-4964-a9dc-541f0f864afc|e18f9b85-b54a-4c61-bc75-53d6c78328ed|e35c8377-50a4-4af1-8307-21ff0e1260fe
grin,sensor_dropout,st:sensor_dropout:0.3,3,3,0,0,0,True,,139d4f68-bbe7-4aa5-b8cd-afb73da413e6|9534b5f7-e3be-40c3-b7e5-861add1c3aa3|d9342496-37ff-41f3-8db1-d009aa9d9bc3
grin,spatial_block,st:spatial_block:0.3,3,3,0,0,0,True,,01bed20e-eb8b-45f3-a32b-09076c07d86b|5074d2e4-90b5-42bc-abe4-221ede827733|86c534b8-c20a-41fb-80ff-48727b7ee048
ignnk,mar,st:mar:0.3,3,3,0,0,0,True,,123a3681-7ec2-4d61-b4d3-061615c6d02f|922e878b-c1f3-45c9-8789-c1912a47d8bb|ec287e1c-8389-4c7c-a281-c2f1cbaedff5
ignnk,mcar,st:mcar:0.3,3,3,0,0,0,True,,1bbeb965-db9c-497f-a33d-19b5dd04e086|32e97060-ee1f-47b5-9653-8a54782d62df|c932b6bc-7bf4-45ae-8760-3e132e99b544
ignnk,mnar,st:mnar:0.3,3,3,0,0,0,True,,95c9c393-ad77-43d8-b154-07e44738a679|bfe146c8-400f-4aa2-9ea9-5345d26d7ee7|d460f33c-6b10-46f5-b599-dfd2b879d892
ignnk,node_holdout,st:node_holdout:0.3,3,3,0,0,0,True,,205e515d-2e03-4bc9-bb4a-473799cb5e29|7b896e1d-db47-4582-af66-3c44dfd43e21|a5434f59-7566-47da-96d7-22f5122451fb
ignnk,sensor_dropout,st:sensor_dropout:0.3,3,3,0,0,0,True,,804870e3-e219-4afd-8e20-a5861b1a6861|a8804ecd-b512-4b47-90cc-eaa04f2a774c|ef2c67df-fe39-4acc-b14f-cf8dbc747eb2
ignnk,spatial_block,st:spatial_block:0.3,3,3,0,0,0,True,,0fc40a54-6a92-450a-b388-83fe41e69872|4e2cdf00-4bc2-4d8d-a42a-bf615bf8dcf8|f809bd08-f77d-4e03-a3cc-b6b0992c4da4
stgcn,mar,st:mar:0.3,3,3,0,0,0,True,,2076c8ce-29c6-48d8-8335-e20d5bccb10d|57e801ba-a878-4c04-aa5f-3f732e1e6988|b1abac0c-fadb-40bc-a5e9-6d2533f5e501
stgcn,mcar,st:mcar:0.3,3,3,0,0,0,True,,099f9978-5acb-49f4-bd39-1f54f8c9f174|a2fba592-e758-4c09-937e-81cfa2c0ea7d|d8cfebef-6571-4c94-97c7-6cc8bdfea127
stgcn,mnar,st:mnar:0.3,3,3,0,0,0,True,,2386b8dd-ea8a-4928-a14b-21fbdb19cafa|8be70a33-2afa-4d51-82b6-2ddef70c7336|e72fea51-02d1-489d-becc-76ce0614ca5f
stgcn,node_holdout,st:node_holdout:0.3,3,3,0,0,0,True,,78f5aaea-e980-444f-83e3-52f8c356eb68|af8c5fd9-3c98-4d50-a1f4-a46487dbad3a|e373527c-38ce-48a6-915c-98b74dc5d9f5
stgcn,sensor_dropout,st:sensor_dropout:0.3,3,3,0,0,0,True,,0222409a-48b2-44f1-87d0-1c5bdf3082a6|46c046fc-de27-4072-9b2f-0a5b564c3cbc|9278774f-f040-4f1c-8b04-9668cb805b5f
stgcn,spatial_block,st:spatial_block:0.3,3,3,0,0,0,True,,0ea58da5-0939-4e1f-8997-fe8e6e69eb52|30f01156-f4c8-4848-aff3-8b39df673172|599b6125-b4e5-482d-b6aa-16747a230c1e
