file_id,path,role,profile_id,recipe_count,row_count,checksum_sha256,required_for_run_planning,warnings
official_londonaq_st_benchmark.recipes.json,docs/assets/utils/experiments/lane2_spatiotemporal_londonaq/recipes/official_londonaq_st_benchmark.recipes.json,recipes,,15,15,d863e03182eb40885610deb6e324511bededd5dfa1ba2a2d91dedd8ddd8a74af,True,[]
official_londonaq_st_benchmark.tier_a.json,docs/assets/utils/experiments/lane2_spatiotemporal_londonaq/recipes/official_londonaq_st_benchmark.tier_a.json,tier_a,st_londonaq_tier_a_scientific_v1,6,6,669d3371fe284758e8371faf82d943077ccd58dbca161d265920ccfe9dbc730c,True,[]
official_londonaq_st_benchmark.tier_b.json,docs/assets/utils/experiments/lane2_spatiotemporal_londonaq/recipes/official_londonaq_st_benchmark.tier_b.json,tier_b,st_londonaq_tier_b_scientific_v1,15,15,c47238f885e7a6f8924ed134ff5549acd8fdd09947b663049be09f68a5b4ac61,True,[]
official_londonaq_st_benchmark.graph_sensitivity.json,docs/assets/utils/experiments/lane2_spatiotemporal_londonaq/recipes/official_londonaq_st_benchmark.graph_sensitivity.json,graph_sensitivity,st_londonaq_graph_sensitivity_v1,6,6,a23822fb12c3cc0913948e66738f4c4f26eb5c4e8a49d4f7946673dd69ad0863,True,[]
official_londonaq_st_benchmark.execution_order.json,docs/assets/utils/experiments/lane2_spatiotemporal_londonaq/recipes/official_londonaq_st_benchmark.execution_order.json,execution_order,,,,5ae371a50acbeedcc2be9414e697acb2137b45723cda5aec887e8bc37512a727,True,[]
official_londonaq_st_benchmark.profiles.json,docs/assets/utils/experiments/lane2_spatiotemporal_londonaq/recipes/official_londonaq_st_benchmark.profiles.json,profiles,,,,b90c51055a5a734f71ad4c5607b7444a5de77bf5b3405f3a2f4883f25eedc42f,True,[]
official_londonaq_st_benchmark.schema.json,docs/assets/utils/experiments/lane2_spatiotemporal_londonaq/recipes/official_londonaq_st_benchmark.schema.json,schema,,,,6086221c01ebb396cf3285c3ddc2b327fa18c194d50c998b3e42f0ffbf65bce0,True,[]
official_londonaq_st_benchmark.checksums.json,docs/assets/utils/experiments/lane2_spatiotemporal_londonaq/recipes/official_londonaq_st_benchmark.checksums.json,checksums,,,,806c889acd222c4bef0ee081966ec5cd6312e9d1a5c80a151010272925b1d7ea,False,[]
README.md,docs/assets/utils/experiments/lane2_spatiotemporal_londonaq/recipes/README.md,registry_readme,,,40,dbac7cd7d094fd9921d595d5c97af7352b6663555b221e50493f6303bc9d3401,False,[]
