algorithm,family,mechanism,rate,plan_name,run_id,result_id,loop_index,selected_loop,best_epoch,epochs_total,validation_metric_best,convergence_epoch,tail_loss_relative_std,test_rmse,test_mae,checkpoint_path,training_history_path
BRITS,dl_temporal,MAR,0.10,dl_benchmark_official_londonaq_mar10_test,aaf4c4d9-fad1-4846-99f2-58c5ae15c412,af992022-93b6-4c88-bff3-92670bb45cf6,0,0,200,200,0.1783,100,0.02521720989556084,39.201352853991644,28.661597678014065,repo://data/artifacts/aaf4c4d9-fad1-4846-99f2-58c5ae15c412/629b66a7-144c-4e53-b545-b7632fbebbf2/checkpoint/checkpoint_best_epoch0200_2026-05-10T090515.pt,H:\Documents\Uncompressed\byContext\ResearchCenter\Takoudjou\MasterDegree\inControlScienceEngineering\Experimentations\Interfaces\EviBench\data\artifacts\aaf4c4d9-fad1-4846-99f2-58c5ae15c412\629b66a7-144c-4e53-b545-b7632fbebbf2\history\training_history_2026-05-10T090624.json
BRITS,dl_temporal,MAR,0.30,dl_benchmark_official_londonaq_mar30_test,0409a654-fa31-4d10-af53-7bc6a4544260,315d330b-6e66-4dff-8a58-3803dcf206a1,2,2,183,200,0.4011,99,0.02448414395799974,38.95029356683888,28.959750338954024,repo://data/artifacts/0409a654-fa31-4d10-af53-7bc6a4544260/629b66a7-144c-4e53-b545-b7632fbebbf2/checkpoint/checkpoint_best_epoch0183_2026-05-09T003755.pt,H:\Documents\Uncompressed\byContext\ResearchCenter\Takoudjou\MasterDegree\inControlScienceEngineering\Experimentations\Interfaces\EviBench\data\artifacts\0409a654-fa31-4d10-af53-7bc6a4544260\629b66a7-144c-4e53-b545-b7632fbebbf2\history\training_history_2026-05-09T003756.json
BRITS,dl_temporal,MAR,0.50,dl_benchmark_official_londonaq_mar50_test,f407292d-e9db-45a1-be93-ecd2129e74e4,c13a84d0-a382-4e64-9417-9f37b9a32b09,0,0,27,200,0.0007,101,0.02652254153075202,39.73500388859595,29.229101681899902,repo://data/artifacts/f407292d-e9db-45a1-be93-ecd2129e74e4/629b66a7-144c-4e53-b545-b7632fbebbf2/checkpoint/checkpoint_best_epoch0027_2026-05-09T011152.pt,H:\Documents\Uncompressed\byContext\ResearchCenter\Takoudjou\MasterDegree\inControlScienceEngineering\Experimentations\Interfaces\EviBench\data\artifacts\f407292d-e9db-45a1-be93-ecd2129e74e4\629b66a7-144c-4e53-b545-b7632fbebbf2\history\training_history_2026-05-09T011302.json
BRITS,dl_temporal,MCAR,0.10,dl_benchmark_official_londonaq_mcar10_test,784d96c8-a887-4e8c-a7ff-02f060cbbb81,cd205205-2a27-45e5-a2fd-6c68742bad95,0,0,199,200,0.1453,104,0.026938978300349976,33.72579100241618,25.697512973020547,repo://data/artifacts/784d96c8-a887-4e8c-a7ff-02f060cbbb81/629b66a7-144c-4e53-b545-b7632fbebbf2/checkpoint/checkpoint_best_epoch0199_2026-05-10T085548.pt,H:\Documents\Uncompressed\byContext\ResearchCenter\Takoudjou\MasterDegree\inControlScienceEngineering\Experimentations\Interfaces\EviBench\data\artifacts\784d96c8-a887-4e8c-a7ff-02f060cbbb81\629b66a7-144c-4e53-b545-b7632fbebbf2\history\training_history_2026-05-10T085658.json
BRITS,dl_temporal,MCAR,0.30,diag_londonaq_brits_mcar30_tcurrent_flattened_w24_lr0p0003,fc3e5858-7b35-4967-a934-e3d3866c7d64,da4ece65-9c06-4af6-877a-763f628eb5e5,2,2,200,200,0.2993,132,0.030214128993003853,34.25277857395524,25.963667775074146,repo://data/artifacts/fc3e5858-7b35-4967-a934-e3d3866c7d64/629b66a7-144c-4e53-b545-b7632fbebbf2/checkpoint/checkpoint_best_epoch0200_2026-05-10T012557.pt,H:\Documents\Uncompressed\byContext\ResearchCenter\Takoudjou\MasterDegree\inControlScienceEngineering\Experimentations\Interfaces\EviBench\data\artifacts\fc3e5858-7b35-4967-a934-e3d3866c7d64\629b66a7-144c-4e53-b545-b7632fbebbf2\history\training_history_2026-05-10T012558.json
BRITS,dl_temporal,MCAR,0.50,dl_benchmark_official_londonaq_mcar50_test,651a78d3-b5ad-4250-8e83-7fedfa86ce54,ad029d46-8fdf-4269-9955-c26e37c664c2,1,1,198,200,0.3642,98,0.023562837015320092,34.10282268326799,25.92918510725402,repo://data/artifacts/651a78d3-b5ad-4250-8e83-7fedfa86ce54/629b66a7-144c-4e53-b545-b7632fbebbf2/checkpoint/checkpoint_best_epoch0198_2026-05-08T234120.pt,H:\Documents\Uncompressed\byContext\ResearchCenter\Takoudjou\MasterDegree\inControlScienceEngineering\Experimentations\Interfaces\EviBench\data\artifacts\651a78d3-b5ad-4250-8e83-7fedfa86ce54\629b66a7-144c-4e53-b545-b7632fbebbf2\history\training_history_2026-05-08T234230.json
BRITS,dl_temporal,MNAR,0.10,dl_benchmark_official_londonaq_mnar10_test,510bfec1-d262-4b84-8472-005df5802c17,6c4cad60-c99a-4c9a-ac81-93616c100242,0,0,195,200,0.2779,100,0.025641642361128036,46.661552831023464,37.38224553542862,repo://data/artifacts/510bfec1-d262-4b84-8472-005df5802c17/629b66a7-144c-4e53-b545-b7632fbebbf2/checkpoint/checkpoint_best_epoch0195_2026-05-10T084335.pt,H:\Documents\Uncompressed\byContext\ResearchCenter\Takoudjou\MasterDegree\inControlScienceEngineering\Experimentations\Interfaces\EviBench\data\artifacts\510bfec1-d262-4b84-8472-005df5802c17\629b66a7-144c-4e53-b545-b7632fbebbf2\history\training_history_2026-05-10T084517.json
BRITS,dl_temporal,MNAR,0.30,dl_benchmark_official_londonaq_mnar30_test,8609c825-b7c6-415e-a7f7-35bf34f54610,c237f2d3-a06b-4f3c-b072-7e0c18843c6c,1,1,24,200,0.0006,101,0.02609027532262571,47.04470355053182,37.68461135387602,repo://data/artifacts/8609c825-b7c6-415e-a7f7-35bf34f54610/629b66a7-144c-4e53-b545-b7632fbebbf2/checkpoint/checkpoint_best_epoch0024_2026-05-09T004912.pt,H:\Documents\Uncompressed\byContext\ResearchCenter\Takoudjou\MasterDegree\inControlScienceEngineering\Experimentations\Interfaces\EviBench\data\artifacts\8609c825-b7c6-415e-a7f7-35bf34f54610\629b66a7-144c-4e53-b545-b7632fbebbf2\history\training_history_2026-05-09T005020.json
BRITS,dl_temporal,MNAR,0.50,dl_benchmark_official_londonaq_mnar50_test,a46a2f9a-5eac-4e47-8679-9f246ed75c39,3caaf34e-bc77-4d43-bd45-5dcf3c6dc1c2,0,0,46,200,0.0,102,0.02566014614018241,47.09079011511336,37.73741662268562,repo://data/artifacts/a46a2f9a-5eac-4e47-8679-9f246ed75c39/629b66a7-144c-4e53-b545-b7632fbebbf2/checkpoint/checkpoint_best_epoch0058_2026-05-09T010225.pt,H:\Documents\Uncompressed\byContext\ResearchCenter\Takoudjou\MasterDegree\inControlScienceEngineering\Experimentations\Interfaces\EviBench\data\artifacts\a46a2f9a-5eac-4e47-8679-9f246ed75c39\629b66a7-144c-4e53-b545-b7632fbebbf2\history\training_history_2026-05-09T010332.json
GRU-D,dl_temporal,MAR,0.10,dl_benchmark_official_londonaq_mar10_test,aaf4c4d9-fad1-4846-99f2-58c5ae15c412,9fde0203-9615-4fe5-b08b-78964faad4c8,1,1,199,200,1.7451927661895752,94,0.08369943163595617,36.7192275418382,27.131488544363844,repo://data/artifacts/aaf4c4d9-fad1-4846-99f2-58c5ae15c412/a3b5081b-0f46-419d-8018-61bd8997fef3/checkpoint/checkpoint_best_epoch0199_2026-05-10T090200.pt,H:\Documents\Uncompressed\byContext\ResearchCenter\Takoudjou\MasterDegree\inControlScienceEngineering\Experimentations\Interfaces\EviBench\data\artifacts\aaf4c4d9-fad1-4846-99f2-58c5ae15c412\a3b5081b-0f46-419d-8018-61bd8997fef3\history\training_history_2026-05-10T090404.json
GRU-D,dl_temporal,MAR,0.30,dl_benchmark_official_londonaq_mar30_test,0409a654-fa31-4d10-af53-7bc6a4544260,ea447f15-1622-4456-84ba-581c8cd6b802,1,1,200,200,1.7594757080078125,88,0.07394035575623598,37.79109760302814,27.507124363300104,repo://data/artifacts/0409a654-fa31-4d10-af53-7bc6a4544260/a3b5081b-0f46-419d-8018-61bd8997fef3/checkpoint/checkpoint_best_epoch0200_2026-05-09T003219.pt,H:\Documents\Uncompressed\byContext\ResearchCenter\Takoudjou\MasterDegree\inControlScienceEngineering\Experimentations\Interfaces\EviBench\data\artifacts\0409a654-fa31-4d10-af53-7bc6a4544260\a3b5081b-0f46-419d-8018-61bd8997fef3\history\training_history_2026-05-09T003421.json
GRU-D,dl_temporal,MAR,0.50,dl_benchmark_official_londonaq_mar50_test,f407292d-e9db-45a1-be93-ecd2129e74e4,d85edc62-81e4-4f71-b800-aa989025f82d,1,1,6,200,7.973900210345164e-05,90,0.07784760607279781,40.676422059622354,29.45657628639101,repo://data/artifacts/f407292d-e9db-45a1-be93-ecd2129e74e4/a3b5081b-0f46-419d-8018-61bd8997fef3/checkpoint/checkpoint_best_epoch0006_2026-05-09T010846.pt,H:\Documents\Uncompressed\byContext\ResearchCenter\Takoudjou\MasterDegree\inControlScienceEngineering\Experimentations\Interfaces\EviBench\data\artifacts\f407292d-e9db-45a1-be93-ecd2129e74e4\a3b5081b-0f46-419d-8018-61bd8997fef3\history\training_history_2026-05-09T011044.json
GRU-D,dl_temporal,MCAR,0.10,dl_benchmark_official_londonaq_mcar10_test,784d96c8-a887-4e8c-a7ff-02f060cbbb81,7adbc39b-7310-4a17-a65c-9a7d01a9a8ed,2,2,200,200,1.1300876140594482,93,0.08643761389526256,28.85976283400036,20.551170525498062,repo://data/artifacts/784d96c8-a887-4e8c-a7ff-02f060cbbb81/a3b5081b-0f46-419d-8018-61bd8997fef3/checkpoint/checkpoint_best_epoch0200_2026-05-10T085443.pt,H:\Documents\Uncompressed\byContext\ResearchCenter\Takoudjou\MasterDegree\inControlScienceEngineering\Experimentations\Interfaces\EviBench\data\artifacts\784d96c8-a887-4e8c-a7ff-02f060cbbb81\a3b5081b-0f46-419d-8018-61bd8997fef3\history\training_history_2026-05-10T085443.json
GRU-D,dl_temporal,MCAR,0.30,diag_londonaq_gru_d_mcar30_tcurrent_flattened_w24_lr0p0003,eff12a24-5602-41cb-be8f-53099a608429,ea4219ef-b83e-46ec-8f89-618b46069edd,1,1,200,200,1.4670019149780273,154,0.08202903355926627,32.55007013027749,23.034078453786908,repo://data/artifacts/eff12a24-5602-41cb-be8f-53099a608429/a3b5081b-0f46-419d-8018-61bd8997fef3/checkpoint/checkpoint_best_epoch0200_2026-05-10T010429.pt,H:\Documents\Uncompressed\byContext\ResearchCenter\Takoudjou\MasterDegree\inControlScienceEngineering\Experimentations\Interfaces\EviBench\data\artifacts\eff12a24-5602-41cb-be8f-53099a608429\a3b5081b-0f46-419d-8018-61bd8997fef3\history\training_history_2026-05-10T010721.json
GRU-D,dl_temporal,MCAR,0.50,dl_benchmark_official_londonaq_mcar50_test,651a78d3-b5ad-4250-8e83-7fedfa86ce54,49a6d44c-5704-45c6-83e6-c89b58bcbd80,0,0,200,200,1.1708791255950928,89,0.07857522194448668,30.549496608578806,21.573368244031116,repo://data/artifacts/651a78d3-b5ad-4250-8e83-7fedfa86ce54/a3b5081b-0f46-419d-8018-61bd8997fef3/checkpoint/checkpoint_best_epoch0200_2026-05-08T233647.pt,H:\Documents\Uncompressed\byContext\ResearchCenter\Takoudjou\MasterDegree\inControlScienceEngineering\Experimentations\Interfaces\EviBench\data\artifacts\651a78d3-b5ad-4250-8e83-7fedfa86ce54\a3b5081b-0f46-419d-8018-61bd8997fef3\history\training_history_2026-05-08T233853.json
GRU-D,dl_temporal,MNAR,0.10,dl_benchmark_official_londonaq_mnar10_test,510bfec1-d262-4b84-8472-005df5802c17,fcf90204-d59a-40e9-9750-24a904ef6b9e,1,1,200,200,2.608797788619995,90,0.08039043392116202,42.471727433493704,33.66532702872155,repo://data/artifacts/510bfec1-d262-4b84-8472-005df5802c17/a3b5081b-0f46-419d-8018-61bd8997fef3/checkpoint/checkpoint_best_epoch0200_2026-05-10T083832.pt,H:\Documents\Uncompressed\byContext\ResearchCenter\Takoudjou\MasterDegree\inControlScienceEngineering\Experimentations\Interfaces\EviBench\data\artifacts\510bfec1-d262-4b84-8472-005df5802c17\a3b5081b-0f46-419d-8018-61bd8997fef3\history\training_history_2026-05-10T084111.json
GRU-D,dl_temporal,MNAR,0.30,dl_benchmark_official_londonaq_mnar30_test,8609c825-b7c6-415e-a7f7-35bf34f54610,4fc495f0-dcc3-490b-a251-f3017a32c7b4,0,0,43,200,1.1057906704081688e-05,89,0.07285848791491813,45.228159018669245,35.75061808474284,repo://data/artifacts/8609c825-b7c6-415e-a7f7-35bf34f54610/a3b5081b-0f46-419d-8018-61bd8997fef3/checkpoint/checkpoint_best_epoch0043_2026-05-09T004453.pt,H:\Documents\Uncompressed\byContext\ResearchCenter\Takoudjou\MasterDegree\inControlScienceEngineering\Experimentations\Interfaces\EviBench\data\artifacts\8609c825-b7c6-415e-a7f7-35bf34f54610\a3b5081b-0f46-419d-8018-61bd8997fef3\history\training_history_2026-05-09T004652.json
GRU-D,dl_temporal,MNAR,0.50,dl_benchmark_official_londonaq_mnar50_test,a46a2f9a-5eac-4e47-8679-9f246ed75c39,c414181c-c6fe-4041-9d79-83a63c7d8a29,2,2,3,200,0.027206560596823692,94,0.07653183620313565,44.48537431736818,34.5478925153601,repo://data/artifacts/a46a2f9a-5eac-4e47-8679-9f246ed75c39/a3b5081b-0f46-419d-8018-61bd8997fef3/checkpoint/checkpoint_best_epoch0003_2026-05-09T010119.pt,H:\Documents\Uncompressed\byContext\ResearchCenter\Takoudjou\MasterDegree\inControlScienceEngineering\Experimentations\Interfaces\EviBench\data\artifacts\a46a2f9a-5eac-4e47-8679-9f246ed75c39\a3b5081b-0f46-419d-8018-61bd8997fef3\history\training_history_2026-05-09T010119.json
SAITS,dl_temporal,MAR,0.10,dl_benchmark_official_londonaq_mar10_test,aaf4c4d9-fad1-4846-99f2-58c5ae15c412,c579f6ea-d6df-4505-86a1-2faae318f8aa,1,1,196,200,0.8954,77,0.012173832462404449,44.27333566707907,29.534102798732942,repo://data/artifacts/aaf4c4d9-fad1-4846-99f2-58c5ae15c412/510e6b79-4247-4ad4-af90-164ef33d9250/checkpoint/checkpoint_best_epoch0196_2026-05-10T090639.pt,H:\Documents\Uncompressed\byContext\ResearchCenter\Takoudjou\MasterDegree\inControlScienceEngineering\Experimentations\Interfaces\EviBench\data\artifacts\aaf4c4d9-fad1-4846-99f2-58c5ae15c412\510e6b79-4247-4ad4-af90-164ef33d9250\history\training_history_2026-05-10T090646.json
SAITS,dl_temporal,MAR,0.30,dl_benchmark_official_londonaq_mar30_test,0409a654-fa31-4d10-af53-7bc6a4544260,9b083b19-32de-4a65-8a80-c9b44a14d932,0,0,194,200,1.1233,77,0.014011899204271603,31.83262563255183,24.092804485607562,repo://data/artifacts/0409a654-fa31-4d10-af53-7bc6a4544260/510e6b79-4247-4ad4-af90-164ef33d9250/checkpoint/checkpoint_best_epoch0194_2026-05-09T003803.pt,H:\Documents\Uncompressed\byContext\ResearchCenter\Takoudjou\MasterDegree\inControlScienceEngineering\Experimentations\Interfaces\EviBench\data\artifacts\0409a654-fa31-4d10-af53-7bc6a4544260\510e6b79-4247-4ad4-af90-164ef33d9250\history\training_history_2026-05-09T003811.json
SAITS,dl_temporal,MAR,0.50,dl_benchmark_official_londonaq_mar50_test,f407292d-e9db-45a1-be93-ecd2129e74e4,342bebf1-703e-49ab-9b47-2b6dd10b2d80,2,2,117,200,0.0,74,0.012084581414076825,30.857233405318116,23.808074106394503,repo://data/artifacts/f407292d-e9db-45a1-be93-ecd2129e74e4/510e6b79-4247-4ad4-af90-164ef33d9250/checkpoint/checkpoint_best_epoch0149_2026-05-09T011325.pt,H:\Documents\Uncompressed\byContext\ResearchCenter\Takoudjou\MasterDegree\inControlScienceEngineering\Experimentations\Interfaces\EviBench\data\artifacts\f407292d-e9db-45a1-be93-ecd2129e74e4\510e6b79-4247-4ad4-af90-164ef33d9250\history\training_history_2026-05-09T011325.json
SAITS,dl_temporal,MCAR,0.10,dl_benchmark_official_londonaq_mcar10_test,784d96c8-a887-4e8c-a7ff-02f060cbbb81,dbcb9b8f-fe55-4e4d-9c91-4b525f0c3dd3,2,2,184,200,0.6302,79,0.013791597168220732,34.97513848026699,22.63190316262116,repo://data/artifacts/784d96c8-a887-4e8c-a7ff-02f060cbbb81/510e6b79-4247-4ad4-af90-164ef33d9250/checkpoint/checkpoint_best_epoch0184_2026-05-10T085721.pt,H:\Documents\Uncompressed\byContext\ResearchCenter\Takoudjou\MasterDegree\inControlScienceEngineering\Experimentations\Interfaces\EviBench\data\artifacts\784d96c8-a887-4e8c-a7ff-02f060cbbb81\510e6b79-4247-4ad4-af90-164ef33d9250\history\training_history_2026-05-10T085722.json
SAITS,dl_temporal,MCAR,0.30,diag_londonaq_saits_mcar30_tnode_wise_w24_lr0p0003,ff2cbe55-9e26-48ce-b8ad-4e75d3813460,08061a59-c85d-4e56-9c6b-b9420d64cf0a,0,0,200,200,0.838,109,0.016940670324444372,27.447873755055703,20.164480521900078,repo://data/artifacts/ff2cbe55-9e26-48ce-b8ad-4e75d3813460/510e6b79-4247-4ad4-af90-164ef33d9250/checkpoint/checkpoint_best_epoch0200_2026-05-10T013909.pt,H:\Documents\Uncompressed\byContext\ResearchCenter\Takoudjou\MasterDegree\inControlScienceEngineering\Experimentations\Interfaces\EviBench\data\artifacts\ff2cbe55-9e26-48ce-b8ad-4e75d3813460\510e6b79-4247-4ad4-af90-164ef33d9250\history\training_history_2026-05-10T013922.json
SAITS,dl_temporal,MCAR,0.50,dl_benchmark_official_londonaq_mcar50_test,651a78d3-b5ad-4250-8e83-7fedfa86ce54,112ca15e-f9af-4499-b75c-a059135bd3f6,0,0,199,200,0.6875,73,0.015143522552342234,30.15088719544659,20.979508879469964,repo://data/artifacts/651a78d3-b5ad-4250-8e83-7fedfa86ce54/510e6b79-4247-4ad4-af90-164ef33d9250/checkpoint/checkpoint_best_epoch0199_2026-05-08T234238.pt,H:\Documents\Uncompressed\byContext\ResearchCenter\Takoudjou\MasterDegree\inControlScienceEngineering\Experimentations\Interfaces\EviBench\data\artifacts\651a78d3-b5ad-4250-8e83-7fedfa86ce54\510e6b79-4247-4ad4-af90-164ef33d9250\history\training_history_2026-05-08T234247.json
SAITS,dl_temporal,MNAR,0.10,dl_benchmark_official_londonaq_mnar10_test,510bfec1-d262-4b84-8472-005df5802c17,87ab2939-b849-4816-a1d7-cd3854fa1e11,1,1,157,200,1.2847,73,0.01475429148545141,32.446014151207834,24.61838264851652,repo://data/artifacts/510bfec1-d262-4b84-8472-005df5802c17/510e6b79-4247-4ad4-af90-164ef33d9250/checkpoint/checkpoint_best_epoch0157_2026-05-10T084541.pt,H:\Documents\Uncompressed\byContext\ResearchCenter\Takoudjou\MasterDegree\inControlScienceEngineering\Experimentations\Interfaces\EviBench\data\artifacts\510bfec1-d262-4b84-8472-005df5802c17\510e6b79-4247-4ad4-af90-164ef33d9250\history\training_history_2026-05-10T084553.json
SAITS,dl_temporal,MNAR,0.30,dl_benchmark_official_londonaq_mnar30_test,8609c825-b7c6-415e-a7f7-35bf34f54610,6cbd296c-e019-48ee-994d-0a6b188d50a5,1,1,26,200,0.0,70,0.01115681408252422,36.55836902981678,28.52428212525981,repo://data/artifacts/8609c825-b7c6-415e-a7f7-35bf34f54610/510e6b79-4247-4ad4-af90-164ef33d9250/checkpoint/checkpoint_best_epoch0026_2026-05-09T005035.pt,H:\Documents\Uncompressed\byContext\ResearchCenter\Takoudjou\MasterDegree\inControlScienceEngineering\Experimentations\Interfaces\EviBench\data\artifacts\8609c825-b7c6-415e-a7f7-35bf34f54610\510e6b79-4247-4ad4-af90-164ef33d9250\history\training_history_2026-05-09T005042.json
SAITS,dl_temporal,MNAR,0.50,dl_benchmark_official_londonaq_mnar50_test,a46a2f9a-5eac-4e47-8679-9f246ed75c39,38572b51-b293-4e79-9730-bea84b41251d,0,0,188,200,0.0017,80,0.013883820655793955,30.14727597222344,23.725625846509875,repo://data/artifacts/a46a2f9a-5eac-4e47-8679-9f246ed75c39/510e6b79-4247-4ad4-af90-164ef33d9250/checkpoint/checkpoint_best_epoch0188_2026-05-09T010339.pt,H:\Documents\Uncompressed\byContext\ResearchCenter\Takoudjou\MasterDegree\inControlScienceEngineering\Experimentations\Interfaces\EviBench\data\artifacts\a46a2f9a-5eac-4e47-8679-9f246ed75c39\510e6b79-4247-4ad4-af90-164ef33d9250\history\training_history_2026-05-09T010347.json
SAITS-LC,dl_temporal,MAR,0.10,dl_benchmark_official_londonaq_mar10_test,aaf4c4d9-fad1-4846-99f2-58c5ae15c412,af80c3dd-810f-425f-891e-f69d8aa61d43,1,1,189,200,1.0294,76,0.014820324265506194,31.861125051949003,24.163105236762735,repo://data/artifacts/aaf4c4d9-fad1-4846-99f2-58c5ae15c412/3d7dd928-9794-4869-81ec-76fbdda1db01/checkpoint/checkpoint_best_epoch0189_2026-05-10T090700.pt,H:\Documents\Uncompressed\byContext\ResearchCenter\Takoudjou\MasterDegree\inControlScienceEngineering\Experimentations\Interfaces\EviBench\data\artifacts\aaf4c4d9-fad1-4846-99f2-58c5ae15c412\3d7dd928-9794-4869-81ec-76fbdda1db01\history\training_history_2026-05-10T090707.json
SAITS-LC,dl_temporal,MAR,0.30,dl_benchmark_official_londonaq_mar30_test,0409a654-fa31-4d10-af53-7bc6a4544260,b0b05c11-8f62-439b-8b66-8058af6610c3,0,0,195,200,0.9695,77,0.014054665215024261,39.03308338971253,27.95245397650296,repo://data/artifacts/0409a654-fa31-4d10-af53-7bc6a4544260/3d7dd928-9794-4869-81ec-76fbdda1db01/checkpoint/checkpoint_best_epoch0195_2026-05-09T003819.pt,H:\Documents\Uncompressed\byContext\ResearchCenter\Takoudjou\MasterDegree\inControlScienceEngineering\Experimentations\Interfaces\EviBench\data\artifacts\0409a654-fa31-4d10-af53-7bc6a4544260\3d7dd928-9794-4869-81ec-76fbdda1db01\history\training_history_2026-05-09T003827.json
SAITS-LC,dl_temporal,MAR,0.50,dl_benchmark_official_londonaq_mar50_test,f407292d-e9db-45a1-be93-ecd2129e74e4,f4a5cf69-0fea-47df-a440-2de0b8a3a08d,1,1,6,200,0.0003,77,0.012696391525136425,33.06003276520465,26.481991501099557,repo://data/artifacts/f407292d-e9db-45a1-be93-ecd2129e74e4/3d7dd928-9794-4869-81ec-76fbdda1db01/checkpoint/checkpoint_best_epoch0006_2026-05-09T011340.pt,H:\Documents\Uncompressed\byContext\ResearchCenter\Takoudjou\MasterDegree\inControlScienceEngineering\Experimentations\Interfaces\EviBench\data\artifacts\f407292d-e9db-45a1-be93-ecd2129e74e4\3d7dd928-9794-4869-81ec-76fbdda1db01\history\training_history_2026-05-09T011348.json
SAITS-LC,dl_temporal,MCAR,0.10,dl_benchmark_official_londonaq_mcar10_test,784d96c8-a887-4e8c-a7ff-02f060cbbb81,035d7199-c35a-42c8-a05d-58270a397eb5,0,0,189,200,0.6777,74,0.01202404096728315,29.31381571347065,20.52833417855967,repo://data/artifacts/784d96c8-a887-4e8c-a7ff-02f060cbbb81/3d7dd928-9794-4869-81ec-76fbdda1db01/checkpoint/checkpoint_best_epoch0189_2026-05-10T085730.pt,H:\Documents\Uncompressed\byContext\ResearchCenter\Takoudjou\MasterDegree\inControlScienceEngineering\Experimentations\Interfaces\EviBench\data\artifacts\784d96c8-a887-4e8c-a7ff-02f060cbbb81\3d7dd928-9794-4869-81ec-76fbdda1db01\history\training_history_2026-05-10T085738.json
SAITS-LC,dl_temporal,MCAR,0.30,diag_londonaq_saits_lc_mcar30_tnode_wise_w24_lr0p001,90c83870-0e2f-4502-bb86-1dacaab1dd25,a6cf5029-d48d-4b18-acf1-cbde982c9b8e,1,1,189,200,0.672,74,0.013705746638963711,33.355617835919574,22.104519588670332,repo://data/artifacts/90c83870-0e2f-4502-bb86-1dacaab1dd25/3d7dd928-9794-4869-81ec-76fbdda1db01/checkpoint/checkpoint_best_epoch0189_2026-05-09T230448.pt,H:\Documents\Uncompressed\byContext\ResearchCenter\Takoudjou\MasterDegree\inControlScienceEngineering\Experimentations\Interfaces\EviBench\data\artifacts\90c83870-0e2f-4502-bb86-1dacaab1dd25\3d7dd928-9794-4869-81ec-76fbdda1db01\history\training_history_2026-05-09T230501.json
SAITS-LC,dl_temporal,MCAR,0.50,dl_benchmark_official_londonaq_mcar50_test,651a78d3-b5ad-4250-8e83-7fedfa86ce54,4268ad01-97d8-4cba-aba7-2cd869dd1ad8,1,1,200,200,0.7029,74,0.014215303507567263,30.821234097978795,21.06759774607713,repo://data/artifacts/651a78d3-b5ad-4250-8e83-7fedfa86ce54/3d7dd928-9794-4869-81ec-76fbdda1db01/checkpoint/checkpoint_best_epoch0200_2026-05-08T234303.pt,H:\Documents\Uncompressed\byContext\ResearchCenter\Takoudjou\MasterDegree\inControlScienceEngineering\Experimentations\Interfaces\EviBench\data\artifacts\651a78d3-b5ad-4250-8e83-7fedfa86ce54\3d7dd928-9794-4869-81ec-76fbdda1db01\history\training_history_2026-05-08T234312.json
SAITS-LC,dl_temporal,MNAR,0.10,dl_benchmark_official_londonaq_mnar10_test,510bfec1-d262-4b84-8472-005df5802c17,9bb089b4-e59b-4617-a232-2303e9d69811,0,0,191,200,1.3841,81,0.010616154556879314,34.594224576981574,26.094277539570815,repo://data/artifacts/510bfec1-d262-4b84-8472-005df5802c17/3d7dd928-9794-4869-81ec-76fbdda1db01/checkpoint/checkpoint_best_epoch0191_2026-05-10T084606.pt,H:\Documents\Uncompressed\byContext\ResearchCenter\Takoudjou\MasterDegree\inControlScienceEngineering\Experimentations\Interfaces\EviBench\data\artifacts\510bfec1-d262-4b84-8472-005df5802c17\3d7dd928-9794-4869-81ec-76fbdda1db01\history\training_history_2026-05-10T084618.json
SAITS-LC,dl_temporal,MNAR,0.30,dl_benchmark_official_londonaq_mnar30_test,8609c825-b7c6-415e-a7f7-35bf34f54610,ca6041ad-da2a-4600-a30c-e4cc799aba1f,0,0,63,200,0.0,76,0.011191137867275327,30.89956225949449,24.220254632064837,repo://data/artifacts/8609c825-b7c6-415e-a7f7-35bf34f54610/3d7dd928-9794-4869-81ec-76fbdda1db01/checkpoint/checkpoint_best_epoch0096_2026-05-09T005049.pt,H:\Documents\Uncompressed\byContext\ResearchCenter\Takoudjou\MasterDegree\inControlScienceEngineering\Experimentations\Interfaces\EviBench\data\artifacts\8609c825-b7c6-415e-a7f7-35bf34f54610\3d7dd928-9794-4869-81ec-76fbdda1db01\history\training_history_2026-05-09T005057.json
SAITS-LC,dl_temporal,MNAR,0.50,dl_benchmark_official_londonaq_mnar50_test,a46a2f9a-5eac-4e47-8679-9f246ed75c39,50ab0a51-bba3-4ec8-b7ce-341e3a147cc6,0,0,95,200,0.0006,81,0.015623075795446459,32.6309003039056,25.462498725780385,repo://data/artifacts/a46a2f9a-5eac-4e47-8679-9f246ed75c39/3d7dd928-9794-4869-81ec-76fbdda1db01/checkpoint/checkpoint_best_epoch0095_2026-05-09T010354.pt,H:\Documents\Uncompressed\byContext\ResearchCenter\Takoudjou\MasterDegree\inControlScienceEngineering\Experimentations\Interfaces\EviBench\data\artifacts\a46a2f9a-5eac-4e47-8679-9f246ed75c39\3d7dd928-9794-4869-81ec-76fbdda1db01\history\training_history_2026-05-09T010401.json
SAITS-LCH,dl_temporal,MAR,0.10,dl_benchmark_official_londonaq_mar10_test,aaf4c4d9-fad1-4846-99f2-58c5ae15c412,f16ea3a3-0c43-4ba8-80df-db30e51bbbe0,0,0,199,200,0.9428,76,0.013116292328264877,36.005220182004585,26.49532053915478,repo://data/artifacts/aaf4c4d9-fad1-4846-99f2-58c5ae15c412/58ff40b4-4e64-4d2d-bf7d-0602447331fa/checkpoint/checkpoint_best_epoch0199_2026-05-10T090715.pt,H:\Documents\Uncompressed\byContext\ResearchCenter\Takoudjou\MasterDegree\inControlScienceEngineering\Experimentations\Interfaces\EviBench\data\artifacts\aaf4c4d9-fad1-4846-99f2-58c5ae15c412\58ff40b4-4e64-4d2d-bf7d-0602447331fa\history\training_history_2026-05-10T090722.json
SAITS-LCH,dl_temporal,MAR,0.30,dl_benchmark_official_londonaq_mar30_test,0409a654-fa31-4d10-af53-7bc6a4544260,771ff55e-5008-4f28-9a88-5726ce397aa1,0,0,199,200,1.108,79,0.013381831871360045,32.3972568323192,24.54518267291493,repo://data/artifacts/0409a654-fa31-4d10-af53-7bc6a4544260/58ff40b4-4e64-4d2d-bf7d-0602447331fa/checkpoint/checkpoint_best_epoch0199_2026-05-09T003834.pt,H:\Documents\Uncompressed\byContext\ResearchCenter\Takoudjou\MasterDegree\inControlScienceEngineering\Experimentations\Interfaces\EviBench\data\artifacts\0409a654-fa31-4d10-af53-7bc6a4544260\58ff40b4-4e64-4d2d-bf7d-0602447331fa\history\training_history_2026-05-09T003842.json
SAITS-LCH,dl_temporal,MAR,0.50,dl_benchmark_official_londonaq_mar50_test,f407292d-e9db-45a1-be93-ecd2129e74e4,61cc0034-d96a-4458-a241-9f9437cc2de1,0,0,150,200,0.0019,77,0.014494528608497328,31.428177482174956,23.930659494698784,repo://data/artifacts/f407292d-e9db-45a1-be93-ecd2129e74e4/58ff40b4-4e64-4d2d-bf7d-0602447331fa/checkpoint/checkpoint_best_epoch0150_2026-05-09T011355.pt,H:\Documents\Uncompressed\byContext\ResearchCenter\Takoudjou\MasterDegree\inControlScienceEngineering\Experimentations\Interfaces\EviBench\data\artifacts\f407292d-e9db-45a1-be93-ecd2129e74e4\58ff40b4-4e64-4d2d-bf7d-0602447331fa\history\training_history_2026-05-09T011403.json
SAITS-LCH,dl_temporal,MCAR,0.10,dl_benchmark_official_londonaq_mcar10_test,784d96c8-a887-4e8c-a7ff-02f060cbbb81,05f169bc-4a70-4ca4-87c5-11af6970b187,0,0,169,200,0.668,81,0.015921321556534068,32.17172437954499,21.826994587194687,repo://data/artifacts/784d96c8-a887-4e8c-a7ff-02f060cbbb81/58ff40b4-4e64-4d2d-bf7d-0602447331fa/checkpoint/checkpoint_best_epoch0169_2026-05-10T085746.pt,H:\Documents\Uncompressed\byContext\ResearchCenter\Takoudjou\MasterDegree\inControlScienceEngineering\Experimentations\Interfaces\EviBench\data\artifacts\784d96c8-a887-4e8c-a7ff-02f060cbbb81\58ff40b4-4e64-4d2d-bf7d-0602447331fa\history\training_history_2026-05-10T085753.json
SAITS-LCH,dl_temporal,MCAR,0.30,dl_benchmark_official_londonaq_mcar30_test,5a49af3a-2435-470b-8d82-cac8b772983d,fcf516c2-b602-4427-b3cd-bc6a192fff81,0,0,196,200,0.5993,76,0.014212814885427142,36.12922679583199,23.30268834641882,repo://data/artifacts/5a49af3a-2435-470b-8d82-cac8b772983d/58ff40b4-4e64-4d2d-bf7d-0602447331fa/checkpoint/checkpoint_best_epoch0196_2026-05-08T233406.pt,H:\Documents\Uncompressed\byContext\ResearchCenter\Takoudjou\MasterDegree\inControlScienceEngineering\Experimentations\Interfaces\EviBench\data\artifacts\5a49af3a-2435-470b-8d82-cac8b772983d\58ff40b4-4e64-4d2d-bf7d-0602447331fa\history\training_history_2026-05-08T233414.json
SAITS-LCH,dl_temporal,MCAR,0.50,dl_benchmark_official_londonaq_mcar50_test,651a78d3-b5ad-4250-8e83-7fedfa86ce54,95dc1fea-3bbf-4c7f-9fe2-9f3f28744392,0,0,196,200,0.6699,74,0.013767283487264203,31.226281804632105,21.55485251758897,repo://data/artifacts/651a78d3-b5ad-4250-8e83-7fedfa86ce54/58ff40b4-4e64-4d2d-bf7d-0602447331fa/checkpoint/checkpoint_best_epoch0196_2026-05-08T234320.pt,H:\Documents\Uncompressed\byContext\ResearchCenter\Takoudjou\MasterDegree\inControlScienceEngineering\Experimentations\Interfaces\EviBench\data\artifacts\651a78d3-b5ad-4250-8e83-7fedfa86ce54\58ff40b4-4e64-4d2d-bf7d-0602447331fa\history\training_history_2026-05-08T234329.json
SAITS-LCH,dl_temporal,MNAR,0.10,dl_benchmark_official_londonaq_mnar10_test,510bfec1-d262-4b84-8472-005df5802c17,25168ea0-1251-4ebf-96cb-2c49b617d14c,1,1,164,200,1.3972,81,0.015333323306934134,31.384040724599856,24.82425569287786,repo://data/artifacts/510bfec1-d262-4b84-8472-005df5802c17/58ff40b4-4e64-4d2d-bf7d-0602447331fa/checkpoint/checkpoint_best_epoch0164_2026-05-10T084641.pt,H:\Documents\Uncompressed\byContext\ResearchCenter\Takoudjou\MasterDegree\inControlScienceEngineering\Experimentations\Interfaces\EviBench\data\artifacts\510bfec1-d262-4b84-8472-005df5802c17\58ff40b4-4e64-4d2d-bf7d-0602447331fa\history\training_history_2026-05-10T084653.json
SAITS-LCH,dl_temporal,MNAR,0.30,dl_benchmark_official_londonaq_mnar30_test,8609c825-b7c6-415e-a7f7-35bf34f54610,fa5050f8-9738-49f6-971b-b9681d6bffb7,0,0,20,200,0.0,76,0.014617698974991725,36.972136362011014,28.458159208029972,repo://data/artifacts/8609c825-b7c6-415e-a7f7-35bf34f54610/58ff40b4-4e64-4d2d-bf7d-0602447331fa/checkpoint/checkpoint_best_epoch0025_2026-05-09T005104.pt,H:\Documents\Uncompressed\byContext\ResearchCenter\Takoudjou\MasterDegree\inControlScienceEngineering\Experimentations\Interfaces\EviBench\data\artifacts\8609c825-b7c6-415e-a7f7-35bf34f54610\58ff40b4-4e64-4d2d-bf7d-0602447331fa\history\training_history_2026-05-09T005111.json
SAITS-LCH,dl_temporal,MNAR,0.50,dl_benchmark_official_londonaq_mnar50_test,a46a2f9a-5eac-4e47-8679-9f246ed75c39,bbc62d08-f52a-4280-b0cf-c9ce4426f971,1,1,173,200,0.0002,78,0.01512745140414373,31.258598763207456,24.501488914335532,repo://data/artifacts/a46a2f9a-5eac-4e47-8679-9f246ed75c39/58ff40b4-4e64-4d2d-bf7d-0602447331fa/checkpoint/checkpoint_best_epoch0173_2026-05-09T010416.pt,H:\Documents\Uncompressed\byContext\ResearchCenter\Takoudjou\MasterDegree\inControlScienceEngineering\Experimentations\Interfaces\EviBench\data\artifacts\a46a2f9a-5eac-4e47-8679-9f246ed75c39\58ff40b4-4e64-4d2d-bf7d-0602447331fa\history\training_history_2026-05-09T010423.json
Simple GRU,dl_temporal,MAR,0.10,dl_benchmark_official_londonaq_mar10_test,aaf4c4d9-fad1-4846-99f2-58c5ae15c412,819ed4c1-d496-4bb4-895b-a08a6dba4971,2,2,200,200,1.7298158407211304,87,0.07954935056998312,39.01155547371948,28.266702401327603,repo://data/artifacts/aaf4c4d9-fad1-4846-99f2-58c5ae15c412/d151ee3e-d2c6-4782-a2c5-55f830b29564/checkpoint/checkpoint_best_epoch0200_2026-05-10T085814.pt,H:\Documents\Uncompressed\byContext\ResearchCenter\Takoudjou\MasterDegree\inControlScienceEngineering\Experimentations\Interfaces\EviBench\data\artifacts\aaf4c4d9-fad1-4846-99f2-58c5ae15c412\d151ee3e-d2c6-4782-a2c5-55f830b29564\history\training_history_2026-05-10T085814.json
Simple GRU,dl_temporal,MAR,0.30,dl_benchmark_official_londonaq_mar30_test,0409a654-fa31-4d10-af53-7bc6a4544260,9621c7ff-3869-41bb-b3d1-f203165c6bca,0,0,200,200,1.613387942314148,90,0.07467888046047055,33.718283980977574,24.853891750215222,repo://data/artifacts/0409a654-fa31-4d10-af53-7bc6a4544260/d151ee3e-d2c6-4782-a2c5-55f830b29564/checkpoint/checkpoint_best_epoch0200_2026-05-09T002818.pt,H:\Documents\Uncompressed\byContext\ResearchCenter\Takoudjou\MasterDegree\inControlScienceEngineering\Experimentations\Interfaces\EviBench\data\artifacts\0409a654-fa31-4d10-af53-7bc6a4544260\d151ee3e-d2c6-4782-a2c5-55f830b29564\history\training_history_2026-05-09T002819.json
Simple GRU,dl_temporal,MAR,0.50,dl_benchmark_official_londonaq_mar50_test,f407292d-e9db-45a1-be93-ecd2129e74e4,2717ef2e-6fb3-4c9d-8f14-5b06fedd73bd,0,0,200,200,0.026420962065458298,91,0.07591629907981692,38.35541855590759,27.75809209120824,repo://data/artifacts/f407292d-e9db-45a1-be93-ecd2129e74e4/d151ee3e-d2c6-4782-a2c5-55f830b29564/checkpoint/checkpoint_best_epoch0200_2026-05-09T010444.pt,H:\Documents\Uncompressed\byContext\ResearchCenter\Takoudjou\MasterDegree\inControlScienceEngineering\Experimentations\Interfaces\EviBench\data\artifacts\f407292d-e9db-45a1-be93-ecd2129e74e4\d151ee3e-d2c6-4782-a2c5-55f830b29564\history\training_history_2026-05-09T010445.json
Simple GRU,dl_temporal,MCAR,0.10,dl_benchmark_official_londonaq_mcar10_test,784d96c8-a887-4e8c-a7ff-02f060cbbb81,eda03237-c55f-4471-8162-6903348983fd,0,0,200,200,1.0854694843292236,89,0.06652185606898554,29.289204060971347,20.866525237506796,repo://data/artifacts/784d96c8-a887-4e8c-a7ff-02f060cbbb81/d151ee3e-d2c6-4782-a2c5-55f830b29564/checkpoint/checkpoint_best_epoch0200_2026-05-10T084721.pt,H:\Documents\Uncompressed\byContext\ResearchCenter\Takoudjou\MasterDegree\inControlScienceEngineering\Experimentations\Interfaces\EviBench\data\artifacts\784d96c8-a887-4e8c-a7ff-02f060cbbb81\d151ee3e-d2c6-4782-a2c5-55f830b29564\history\training_history_2026-05-10T084722.json
Simple GRU,dl_temporal,MCAR,0.30,dl_benchmark_official_londonaq_mcar30_test,5a49af3a-2435-470b-8d82-cac8b772983d,ad2e382f-42a8-4886-b404-722b190d6e3e,0,0,200,200,1.159963607788086,86,0.07609856045635267,29.3123776599914,20.914279648805145,repo://data/artifacts/5a49af3a-2435-470b-8d82-cac8b772983d/d151ee3e-d2c6-4782-a2c5-55f830b29564/checkpoint/checkpoint_best_epoch0200_2026-05-08T232452.pt,H:\Documents\Uncompressed\byContext\ResearchCenter\Takoudjou\MasterDegree\inControlScienceEngineering\Experimentations\Interfaces\EviBench\data\artifacts\5a49af3a-2435-470b-8d82-cac8b772983d\d151ee3e-d2c6-4782-a2c5-55f830b29564\history\training_history_2026-05-08T232453.json
Simple GRU,dl_temporal,MCAR,0.50,dl_benchmark_official_londonaq_mcar50_test,651a78d3-b5ad-4250-8e83-7fedfa86ce54,ae64892d-01b7-48c4-b81f-41f1865d5f35,1,1,200,200,1.1326591968536377,83,0.06690263345261296,29.741387428005652,20.915629609301646,repo://data/artifacts/651a78d3-b5ad-4250-8e83-7fedfa86ce54/d151ee3e-d2c6-4782-a2c5-55f830b29564/checkpoint/checkpoint_best_epoch0200_2026-05-08T233436.pt,H:\Documents\Uncompressed\byContext\ResearchCenter\Takoudjou\MasterDegree\inControlScienceEngineering\Experimentations\Interfaces\EviBench\data\artifacts\651a78d3-b5ad-4250-8e83-7fedfa86ce54\d151ee3e-d2c6-4782-a2c5-55f830b29564\history\training_history_2026-05-08T233437.json
Simple GRU,dl_temporal,MNAR,0.10,dl_benchmark_official_londonaq_mnar10_test,510bfec1-d262-4b84-8472-005df5802c17,b6ea3214-9ad7-4bfe-b270-a81e6da35348,1,1,200,200,2.622316360473633,97,0.08618292230001436,40.47195153948473,32.25499133078648,repo://data/artifacts/510bfec1-d262-4b84-8472-005df5802c17/d151ee3e-d2c6-4782-a2c5-55f830b29564/checkpoint/checkpoint_best_epoch0200_2026-05-10T083255.pt,H:\Documents\Uncompressed\byContext\ResearchCenter\Takoudjou\MasterDegree\inControlScienceEngineering\Experimentations\Interfaces\EviBench\data\artifacts\510bfec1-d262-4b84-8472-005df5802c17\d151ee3e-d2c6-4782-a2c5-55f830b29564\history\training_history_2026-05-10T083256.json
Simple GRU,dl_temporal,MNAR,0.30,dl_benchmark_official_londonaq_mnar30_test,8609c825-b7c6-415e-a7f7-35bf34f54610,f101d587-77a9-492a-bfcc-a3d0524c3b6a,2,2,84,200,1.12286102194048e-06,96,0.07649998236724122,40.85599961040097,32.43452784137787,repo://data/artifacts/8609c825-b7c6-415e-a7f7-35bf34f54610/d151ee3e-d2c6-4782-a2c5-55f830b29564/checkpoint/checkpoint_best_epoch0084_2026-05-09T004253.pt,H:\Documents\Uncompressed\byContext\ResearchCenter\Takoudjou\MasterDegree\inControlScienceEngineering\Experimentations\Interfaces\EviBench\data\artifacts\8609c825-b7c6-415e-a7f7-35bf34f54610\d151ee3e-d2c6-4782-a2c5-55f830b29564\history\training_history_2026-05-09T004253.json
Simple GRU,dl_temporal,MNAR,0.50,dl_benchmark_official_londonaq_mnar50_test,a46a2f9a-5eac-4e47-8679-9f246ed75c39,84bc6d69-7836-45cf-96fb-1652a2b925df,0,0,13,200,7.739437569398433e-05,89,0.07749241810547249,41.403609796385716,33.00566011147637,repo://data/artifacts/a46a2f9a-5eac-4e47-8679-9f246ed75c39/d151ee3e-d2c6-4782-a2c5-55f830b29564/checkpoint/checkpoint_best_epoch0013_2026-05-09T005517.pt,H:\Documents\Uncompressed\byContext\ResearchCenter\Takoudjou\MasterDegree\inControlScienceEngineering\Experimentations\Interfaces\EviBench\data\artifacts\a46a2f9a-5eac-4e47-8679-9f246ed75c39\d151ee3e-d2c6-4782-a2c5-55f830b29564\history\training_history_2026-05-09T005519.json
Simple LSTM,dl_temporal,MAR,0.10,dl_benchmark_official_londonaq_mar10_test,aaf4c4d9-fad1-4846-99f2-58c5ae15c412,36e50fc6-89fa-4bc2-9e1b-d7f9ed922a87,0,0,200,200,1.5511858463287354,103,0.08566332042778069,36.26792277245778,26.38872636653482,repo://data/artifacts/aaf4c4d9-fad1-4846-99f2-58c5ae15c412/8cb5f071-edb8-4d00-9e53-0ae2a8c871de/checkpoint/checkpoint_best_epoch0200_2026-05-10T085810.pt,H:\Documents\Uncompressed\byContext\ResearchCenter\Takoudjou\MasterDegree\inControlScienceEngineering\Experimentations\Interfaces\EviBench\data\artifacts\aaf4c4d9-fad1-4846-99f2-58c5ae15c412\8cb5f071-edb8-4d00-9e53-0ae2a8c871de\history\training_history_2026-05-10T085811.json
Simple LSTM,dl_temporal,MAR,0.30,dl_benchmark_official_londonaq_mar30_test,0409a654-fa31-4d10-af53-7bc6a4544260,1e8fb226-f809-42ee-b1fb-4466c5347bfa,1,1,200,200,1.8085957765579224,102,0.09086706667531291,37.36066295963761,26.897142284987773,repo://data/artifacts/0409a654-fa31-4d10-af53-7bc6a4544260/8cb5f071-edb8-4d00-9e53-0ae2a8c871de/checkpoint/checkpoint_best_epoch0200_2026-05-09T002816.pt,H:\Documents\Uncompressed\byContext\ResearchCenter\Takoudjou\MasterDegree\inControlScienceEngineering\Experimentations\Interfaces\EviBench\data\artifacts\0409a654-fa31-4d10-af53-7bc6a4544260\8cb5f071-edb8-4d00-9e53-0ae2a8c871de\history\training_history_2026-05-09T002817.json
Simple LSTM,dl_temporal,MAR,0.50,dl_benchmark_official_londonaq_mar50_test,f407292d-e9db-45a1-be93-ecd2129e74e4,3292d895-c6d0-4ea0-92b9-56ef3ff0d5fd,2,2,13,200,0.0030541883315891027,107,0.08639314522775214,34.80517918803604,26.023466649583522,repo://data/artifacts/f407292d-e9db-45a1-be93-ecd2129e74e4/8cb5f071-edb8-4d00-9e53-0ae2a8c871de/checkpoint/checkpoint_best_epoch0013_2026-05-09T010443.pt,H:\Documents\Uncompressed\byContext\ResearchCenter\Takoudjou\MasterDegree\inControlScienceEngineering\Experimentations\Interfaces\EviBench\data\artifacts\f407292d-e9db-45a1-be93-ecd2129e74e4\8cb5f071-edb8-4d00-9e53-0ae2a8c871de\history\training_history_2026-05-09T010443.json
Simple LSTM,dl_temporal,MCAR,0.10,dl_benchmark_official_londonaq_mcar10_test,784d96c8-a887-4e8c-a7ff-02f060cbbb81,80425b6f-cf17-4af0-a1ce-f68beda6da27,1,1,200,200,1.153625726699829,100,0.08412901320520653,29.712324533870436,20.3874484112547,repo://data/artifacts/784d96c8-a887-4e8c-a7ff-02f060cbbb81/8cb5f071-edb8-4d00-9e53-0ae2a8c871de/checkpoint/checkpoint_best_epoch0200_2026-05-10T084717.pt,H:\Documents\Uncompressed\byContext\ResearchCenter\Takoudjou\MasterDegree\inControlScienceEngineering\Experimentations\Interfaces\EviBench\data\artifacts\784d96c8-a887-4e8c-a7ff-02f060cbbb81\8cb5f071-edb8-4d00-9e53-0ae2a8c871de\history\training_history_2026-05-10T084719.json
Simple LSTM,dl_temporal,MCAR,0.30,dl_benchmark_official_londonaq_mcar30_test,5a49af3a-2435-470b-8d82-cac8b772983d,90e55a97-d396-45e9-aacc-18ca7e3b0141,1,1,200,200,1.1112309694290161,103,0.0849131138141912,30.056479039013308,20.518702590583008,repo://data/artifacts/5a49af3a-2435-470b-8d82-cac8b772983d/8cb5f071-edb8-4d00-9e53-0ae2a8c871de/checkpoint/checkpoint_best_epoch0200_2026-05-08T232450.pt,H:\Documents\Uncompressed\byContext\ResearchCenter\Takoudjou\MasterDegree\inControlScienceEngineering\Experimentations\Interfaces\EviBench\data\artifacts\5a49af3a-2435-470b-8d82-cac8b772983d\8cb5f071-edb8-4d00-9e53-0ae2a8c871de\history\training_history_2026-05-08T232451.json
Simple LSTM,dl_temporal,MCAR,0.50,dl_benchmark_official_londonaq_mcar50_test,651a78d3-b5ad-4250-8e83-7fedfa86ce54,56c6d840-3b14-4ca5-901d-91780d246056,1,1,200,200,1.1742960214614868,91,0.06414122197944278,30.748290656257925,20.9945670511082,repo://data/artifacts/651a78d3-b5ad-4250-8e83-7fedfa86ce54/8cb5f071-edb8-4d00-9e53-0ae2a8c871de/checkpoint/checkpoint_best_epoch0200_2026-05-08T233433.pt,H:\Documents\Uncompressed\byContext\ResearchCenter\Takoudjou\MasterDegree\inControlScienceEngineering\Experimentations\Interfaces\EviBench\data\artifacts\651a78d3-b5ad-4250-8e83-7fedfa86ce54\8cb5f071-edb8-4d00-9e53-0ae2a8c871de\history\training_history_2026-05-08T233434.json
Simple LSTM,dl_temporal,MNAR,0.10,dl_benchmark_official_londonaq_mnar10_test,510bfec1-d262-4b84-8472-005df5802c17,5ce44181-3884-4f59-80e5-af68ebed8d34,1,1,200,200,2.4404373168945312,110,0.09076309475795602,39.22318409870342,30.96065062693166,repo://data/artifacts/510bfec1-d262-4b84-8472-005df5802c17/8cb5f071-edb8-4d00-9e53-0ae2a8c871de/checkpoint/checkpoint_best_epoch0200_2026-05-10T083252.pt,H:\Documents\Uncompressed\byContext\ResearchCenter\Takoudjou\MasterDegree\inControlScienceEngineering\Experimentations\Interfaces\EviBench\data\artifacts\510bfec1-d262-4b84-8472-005df5802c17\8cb5f071-edb8-4d00-9e53-0ae2a8c871de\history\training_history_2026-05-10T083253.json
Simple LSTM,dl_temporal,MNAR,0.30,dl_benchmark_official_londonaq_mnar30_test,8609c825-b7c6-415e-a7f7-35bf34f54610,16a66eac-6222-4526-a0ab-0b4589291ca6,0,0,159,200,4.213237758676769e-09,114,0.08802796164245277,39.460092928723654,31.320753167698122,repo://data/artifacts/8609c825-b7c6-415e-a7f7-35bf34f54610/8cb5f071-edb8-4d00-9e53-0ae2a8c871de/checkpoint/checkpoint_best_epoch0159_2026-05-09T004248.pt,H:\Documents\Uncompressed\byContext\ResearchCenter\Takoudjou\MasterDegree\inControlScienceEngineering\Experimentations\Interfaces\EviBench\data\artifacts\8609c825-b7c6-415e-a7f7-35bf34f54610\8cb5f071-edb8-4d00-9e53-0ae2a8c871de\history\training_history_2026-05-09T004250.json
Simple LSTM,dl_temporal,MNAR,0.50,dl_benchmark_official_londonaq_mnar50_test,a46a2f9a-5eac-4e47-8679-9f246ed75c39,ec1e8b32-6b4c-4849-a19e-09f8c2d82dd6,2,2,27,200,7.552227998530725e-06,103,0.07874112030348995,38.553487469852605,30.97121929954332,repo://data/artifacts/a46a2f9a-5eac-4e47-8679-9f246ed75c39/8cb5f071-edb8-4d00-9e53-0ae2a8c871de/checkpoint/checkpoint_best_epoch0027_2026-05-09T005516.pt,H:\Documents\Uncompressed\byContext\ResearchCenter\Takoudjou\MasterDegree\inControlScienceEngineering\Experimentations\Interfaces\EviBench\data\artifacts\a46a2f9a-5eac-4e47-8679-9f246ed75c39\8cb5f071-edb8-4d00-9e53-0ae2a8c871de\history\training_history_2026-05-09T005516.json
Simple RNN,dl_temporal,MAR,0.10,dl_benchmark_official_londonaq_mar10_test,aaf4c4d9-fad1-4846-99f2-58c5ae15c412,1e3ae747-bc63-44fb-99b8-5560475cc7cd,0,0,200,200,1.4422266483306885,93,0.0753159301670405,30.19684100433179,23.033742784637496,repo://data/artifacts/aaf4c4d9-fad1-4846-99f2-58c5ae15c412/41a3c283-a634-4e93-b791-b468b3578521/checkpoint/checkpoint_best_epoch0200_2026-05-10T085808.pt,H:\Documents\Uncompressed\byContext\ResearchCenter\Takoudjou\MasterDegree\inControlScienceEngineering\Experimentations\Interfaces\EviBench\data\artifacts\aaf4c4d9-fad1-4846-99f2-58c5ae15c412\41a3c283-a634-4e93-b791-b468b3578521\history\training_history_2026-05-10T085809.json
Simple RNN,dl_temporal,MAR,0.30,dl_benchmark_official_londonaq_mar30_test,0409a654-fa31-4d10-af53-7bc6a4544260,f7f14c9e-1eca-4388-8ef2-3b27034a00b7,1,1,200,200,1.7083632946014404,92,0.08116425083047062,34.8784601450441,25.658831173177795,repo://data/artifacts/0409a654-fa31-4d10-af53-7bc6a4544260/41a3c283-a634-4e93-b791-b468b3578521/checkpoint/checkpoint_best_epoch0200_2026-05-09T002813.pt,H:\Documents\Uncompressed\byContext\ResearchCenter\Takoudjou\MasterDegree\inControlScienceEngineering\Experimentations\Interfaces\EviBench\data\artifacts\0409a654-fa31-4d10-af53-7bc6a4544260\41a3c283-a634-4e93-b791-b468b3578521\history\training_history_2026-05-09T002814.json
Simple RNN,dl_temporal,MAR,0.50,dl_benchmark_official_londonaq_mar50_test,f407292d-e9db-45a1-be93-ecd2129e74e4,199a4f3c-4b84-434a-a3cd-e798ea3cf1de,1,1,18,200,5.6406464864267036e-05,88,0.08346354170563722,35.00888742416295,25.999967243104468,repo://data/artifacts/f407292d-e9db-45a1-be93-ecd2129e74e4/41a3c283-a634-4e93-b791-b468b3578521/checkpoint/checkpoint_best_epoch0018_2026-05-09T010438.pt,H:\Documents\Uncompressed\byContext\ResearchCenter\Takoudjou\MasterDegree\inControlScienceEngineering\Experimentations\Interfaces\EviBench\data\artifacts\f407292d-e9db-45a1-be93-ecd2129e74e4\41a3c283-a634-4e93-b791-b468b3578521\history\training_history_2026-05-09T010439.json
Simple RNN,dl_temporal,MCAR,0.10,dl_benchmark_official_londonaq_mcar10_test,784d96c8-a887-4e8c-a7ff-02f060cbbb81,59cd9a6d-7ca9-4579-bf8d-0b05646266e0,0,0,200,200,1.0172324180603027,83,0.06651608029131378,27.300149276732174,19.521375086284745,repo://data/artifacts/784d96c8-a887-4e8c-a7ff-02f060cbbb81/41a3c283-a634-4e93-b791-b468b3578521/checkpoint/checkpoint_best_epoch0200_2026-05-10T084713.pt,H:\Documents\Uncompressed\byContext\ResearchCenter\Takoudjou\MasterDegree\inControlScienceEngineering\Experimentations\Interfaces\EviBench\data\artifacts\784d96c8-a887-4e8c-a7ff-02f060cbbb81\41a3c283-a634-4e93-b791-b468b3578521\history\training_history_2026-05-10T084714.json
Simple RNN,dl_temporal,MCAR,0.30,dl_benchmark_official_londonaq_mcar30_test,5a49af3a-2435-470b-8d82-cac8b772983d,7d731b57-3892-43ac-ad34-884b89b0b937,1,1,200,200,1.0889105796813965,90,0.07192319301652561,27.475514620018146,20.178560458710457,repo://data/artifacts/5a49af3a-2435-470b-8d82-cac8b772983d/41a3c283-a634-4e93-b791-b468b3578521/checkpoint/checkpoint_best_epoch0200_2026-05-08T232447.pt,H:\Documents\Uncompressed\byContext\ResearchCenter\Takoudjou\MasterDegree\inControlScienceEngineering\Experimentations\Interfaces\EviBench\data\artifacts\5a49af3a-2435-470b-8d82-cac8b772983d\41a3c283-a634-4e93-b791-b468b3578521\history\training_history_2026-05-08T232448.json
Simple RNN,dl_temporal,MCAR,0.50,dl_benchmark_official_londonaq_mcar50_test,651a78d3-b5ad-4250-8e83-7fedfa86ce54,c57019e8-734c-4cae-88b9-e4af21c92caa,1,1,200,200,1.197142243385315,84,0.0735518646446943,29.589093903488724,20.91626299202329,repo://data/artifacts/651a78d3-b5ad-4250-8e83-7fedfa86ce54/41a3c283-a634-4e93-b791-b468b3578521/checkpoint/checkpoint_best_epoch0200_2026-05-08T233430.pt,H:\Documents\Uncompressed\byContext\ResearchCenter\Takoudjou\MasterDegree\inControlScienceEngineering\Experimentations\Interfaces\EviBench\data\artifacts\651a78d3-b5ad-4250-8e83-7fedfa86ce54\41a3c283-a634-4e93-b791-b468b3578521\history\training_history_2026-05-08T233431.json
Simple RNN,dl_temporal,MNAR,0.10,dl_benchmark_official_londonaq_mnar10_test,510bfec1-d262-4b84-8472-005df5802c17,46194a80-9f22-4517-a97f-0b870890e666,0,0,200,200,2.36039400100708,89,0.07319039814271461,38.971880662140435,31.07569623116682,repo://data/artifacts/510bfec1-d262-4b84-8472-005df5802c17/41a3c283-a634-4e93-b791-b468b3578521/checkpoint/checkpoint_best_epoch0200_2026-05-10T083249.pt,H:\Documents\Uncompressed\byContext\ResearchCenter\Takoudjou\MasterDegree\inControlScienceEngineering\Experimentations\Interfaces\EviBench\data\artifacts\510bfec1-d262-4b84-8472-005df5802c17\41a3c283-a634-4e93-b791-b468b3578521\history\training_history_2026-05-10T083250.json
Simple RNN,dl_temporal,MNAR,0.30,dl_benchmark_official_londonaq_mnar30_test,8609c825-b7c6-415e-a7f7-35bf34f54610,738a3685-2c1b-4110-b22b-b592f75be51f,1,1,164,200,4.2800456867553294e-07,88,0.07767425684532354,39.09024826461933,30.99915964060966,repo://data/artifacts/8609c825-b7c6-415e-a7f7-35bf34f54610/41a3c283-a634-4e93-b791-b468b3578521/checkpoint/checkpoint_best_epoch0164_2026-05-09T004246.pt,H:\Documents\Uncompressed\byContext\ResearchCenter\Takoudjou\MasterDegree\inControlScienceEngineering\Experimentations\Interfaces\EviBench\data\artifacts\8609c825-b7c6-415e-a7f7-35bf34f54610\41a3c283-a634-4e93-b791-b468b3578521\history\training_history_2026-05-09T004247.json
Simple RNN,dl_temporal,MNAR,0.50,dl_benchmark_official_londonaq_mnar50_test,a46a2f9a-5eac-4e47-8679-9f246ed75c39,927c846d-6eb1-40ee-bf3c-bc5bef65181d,0,0,39,200,2.866485829144949e-06,90,0.07869749507544324,40.37049915195074,32.05623467366668,repo://data/artifacts/a46a2f9a-5eac-4e47-8679-9f246ed75c39/41a3c283-a634-4e93-b791-b468b3578521/checkpoint/checkpoint_best_epoch0039_2026-05-09T005512.pt,H:\Documents\Uncompressed\byContext\ResearchCenter\Takoudjou\MasterDegree\inControlScienceEngineering\Experimentations\Interfaces\EviBench\data\artifacts\a46a2f9a-5eac-4e47-8679-9f246ed75c39\41a3c283-a634-4e93-b791-b468b3578521\history\training_history_2026-05-09T005513.json
