run_id,family,rate,algorithm,phase,realization,realized_rate,rmse,mae,train_s,completed_at,PM25,PM10,SO2,NO2,CO,O3
428a5a48-5882-4ff4-8989-e6f13af6c336,mar,0.1,brits,test,test_r000,0.1022,29.063628,18.320108,0.0,2026-08-18T19:07:17.319347+00:00,nan,nan,nan,nan,nan,nan
428a5a48-5882-4ff4-8989-e6f13af6c336,mar,0.1,brits,test,test_r001,0.0987,30.141763,18.587800,0.0,2026-08-18T19:08:32.255316+00:00,nan,nan,nan,nan,nan,nan
428a5a48-5882-4ff4-8989-e6f13af6c336,mar,0.1,brits,test,test_r002,0.0896,29.110525,18.335807,0.0,2026-08-18T19:09:51.833661+00:00,nan,nan,nan,nan,nan,nan
428a5a48-5882-4ff4-8989-e6f13af6c336,mar,0.1,brits,test,test_r003,0.1011,27.643432,17.387864,0.0,2026-08-18T19:11:15.907071+00:00,nan,nan,nan,nan,nan,nan
428a5a48-5882-4ff4-8989-e6f13af6c336,mar,0.1,brits,test,test_r004,0.0991,30.141338,18.516598,0.0,2026-08-18T19:12:32.999988+00:00,nan,nan,nan,nan,nan,nan
428a5a48-5882-4ff4-8989-e6f13af6c336,mar,0.1,brits,test,test_r005,0.0994,27.748263,17.416534,0.0,2026-08-18T19:13:48.934949+00:00,nan,nan,nan,nan,nan,nan
428a5a48-5882-4ff4-8989-e6f13af6c336,mar,0.1,brits,test,test_r006,0.0997,27.966406,17.582166,0.0,2026-08-18T19:15:01.848191+00:00,nan,nan,nan,nan,nan,nan
428a5a48-5882-4ff4-8989-e6f13af6c336,mar,0.1,brits,test,test_r007,0.1012,27.771713,17.479636,0.0,2026-08-18T19:16:21.351199+00:00,nan,nan,nan,nan,nan,nan
428a5a48-5882-4ff4-8989-e6f13af6c336,mar,0.1,brits,test,test_r008,0.0903,29.683317,18.470513,0.0,2026-08-18T19:17:44.333196+00:00,nan,nan,nan,nan,nan,nan
428a5a48-5882-4ff4-8989-e6f13af6c336,mar,0.1,brits,test,test_r009,0.0890,29.660693,18.574352,0.0,2026-08-18T19:18:57.577324+00:00,nan,nan,nan,nan,nan,nan
428a5a48-5882-4ff4-8989-e6f13af6c336,mar,0.1,brits,test,test_r010,0.0913,29.592102,18.540405,0.0,2026-08-18T19:20:16.694207+00:00,nan,nan,nan,nan,nan,nan
428a5a48-5882-4ff4-8989-e6f13af6c336,mar,0.1,brits,test,test_r011,0.1009,27.994850,17.636559,0.0,2026-08-18T19:21:31.948776+00:00,nan,nan,nan,nan,nan,nan
428a5a48-5882-4ff4-8989-e6f13af6c336,mar,0.1,brits,test,test_r012,0.1013,29.081890,18.267924,0.0,2026-08-18T19:22:53.412542+00:00,nan,nan,nan,nan,nan,nan
428a5a48-5882-4ff4-8989-e6f13af6c336,mar,0.1,brits,test,test_r013,0.0918,29.664055,18.459980,0.0,2026-08-18T19:24:54.531812+00:00,nan,nan,nan,nan,nan,nan
428a5a48-5882-4ff4-8989-e6f13af6c336,mar,0.1,brits,test,test_r014,0.1014,29.419971,18.350875,0.0,2026-08-18T19:26:23.285763+00:00,nan,nan,nan,nan,nan,nan
428a5a48-5882-4ff4-8989-e6f13af6c336,mar,0.1,brits,test,test_r015,0.1026,29.507321,18.451956,0.0,2026-08-18T19:27:47.186931+00:00,nan,nan,nan,nan,nan,nan
428a5a48-5882-4ff4-8989-e6f13af6c336,mar,0.1,brits,test,test_r016,0.1003,29.324378,18.417426,0.0,2026-08-18T19:29:12.885344+00:00,nan,nan,nan,nan,nan,nan
428a5a48-5882-4ff4-8989-e6f13af6c336,mar,0.1,brits,test,test_r017,0.0916,29.421587,18.449611,0.0,2026-08-18T19:30:44.456515+00:00,nan,nan,nan,nan,nan,nan
428a5a48-5882-4ff4-8989-e6f13af6c336,mar,0.1,brits,test,test_r018,0.0955,30.310264,18.752934,0.0,2026-08-18T19:32:12.012808+00:00,nan,nan,nan,nan,nan,nan
428a5a48-5882-4ff4-8989-e6f13af6c336,mar,0.1,brits,test,test_r019,0.1015,27.710720,17.470248,0.0,2026-08-18T19:33:35.548070+00:00,nan,nan,nan,nan,nan,nan
428a5a48-5882-4ff4-8989-e6f13af6c336,mar,0.1,brits,train,,0.0000,nan,nan,0.0,2026-08-18T18:59:32.503246+00:00,nan,nan,nan,nan,nan,nan
428a5a48-5882-4ff4-8989-e6f13af6c336,mar,0.1,brits,validate,test_r000,0.0000,30.763888,18.951724,0.0,2026-08-18T19:01:25.276249+00:00,nan,nan,nan,nan,nan,nan
428a5a48-5882-4ff4-8989-e6f13af6c336,mar,0.1,saits,test,test_r000,0.1022,8.766841,5.040527,0.0,2026-08-18T19:01:31.991575+00:00,nan,nan,nan,nan,nan,nan
428a5a48-5882-4ff4-8989-e6f13af6c336,mar,0.1,saits,test,test_r001,0.0987,8.988282,5.248129,0.0,2026-08-18T19:01:37.925018+00:00,nan,nan,nan,nan,nan,nan
428a5a48-5882-4ff4-8989-e6f13af6c336,mar,0.1,saits,test,test_r002,0.0896,8.843559,5.118100,0.0,2026-08-18T19:01:43.756500+00:00,nan,nan,nan,nan,nan,nan
428a5a48-5882-4ff4-8989-e6f13af6c336,mar,0.1,saits,test,test_r003,0.1011,8.105536,4.888612,0.0,2026-08-18T19:01:49.782145+00:00,nan,nan,nan,nan,nan,nan
428a5a48-5882-4ff4-8989-e6f13af6c336,mar,0.1,saits,test,test_r004,0.0991,8.859544,5.189718,0.0,2026-08-18T19:01:55.727959+00:00,nan,nan,nan,nan,nan,nan
428a5a48-5882-4ff4-8989-e6f13af6c336,mar,0.1,saits,test,test_r005,0.0994,8.015930,4.875595,0.0,2026-08-18T19:02:02.278771+00:00,nan,nan,nan,nan,nan,nan
428a5a48-5882-4ff4-8989-e6f13af6c336,mar,0.1,saits,test,test_r006,0.0997,8.385793,4.873900,0.0,2026-08-18T19:02:09.178241+00:00,nan,nan,nan,nan,nan,nan
428a5a48-5882-4ff4-8989-e6f13af6c336,mar,0.1,saits,test,test_r007,0.1012,8.112490,4.895639,0.0,2026-08-18T19:02:16.155746+00:00,nan,nan,nan,nan,nan,nan
428a5a48-5882-4ff4-8989-e6f13af6c336,mar,0.1,saits,test,test_r008,0.0903,9.143172,5.158839,0.0,2026-08-18T19:02:23.709815+00:00,nan,nan,nan,nan,nan,nan
428a5a48-5882-4ff4-8989-e6f13af6c336,mar,0.1,saits,test,test_r009,0.0890,9.018566,5.178368,0.0,2026-08-18T19:02:30.862755+00:00,nan,nan,nan,nan,nan,nan
428a5a48-5882-4ff4-8989-e6f13af6c336,mar,0.1,saits,test,test_r010,0.0913,8.752565,5.173947,0.0,2026-08-18T19:02:38.239551+00:00,nan,nan,nan,nan,nan,nan
428a5a48-5882-4ff4-8989-e6f13af6c336,mar,0.1,saits,test,test_r011,0.1009,8.265861,4.927558,0.0,2026-08-18T19:02:45.550810+00:00,nan,nan,nan,nan,nan,nan
428a5a48-5882-4ff4-8989-e6f13af6c336,mar,0.1,saits,test,test_r012,0.1013,8.412153,5.023451,0.0,2026-08-18T19:02:52.903075+00:00,nan,nan,nan,nan,nan,nan
428a5a48-5882-4ff4-8989-e6f13af6c336,mar,0.1,saits,test,test_r013,0.0918,8.841117,5.079463,0.0,2026-08-18T19:03:00.702926+00:00,nan,nan,nan,nan,nan,nan
428a5a48-5882-4ff4-8989-e6f13af6c336,mar,0.1,saits,test,test_r014,0.1014,8.875255,5.023347,0.0,2026-08-18T19:03:08.481650+00:00,nan,nan,nan,nan,nan,nan
428a5a48-5882-4ff4-8989-e6f13af6c336,mar,0.1,saits,test,test_r015,0.1026,8.452881,5.023417,0.0,2026-08-18T19:03:16.045452+00:00,nan,nan,nan,nan,nan,nan
428a5a48-5882-4ff4-8989-e6f13af6c336,mar,0.1,saits,test,test_r016,0.1003,8.569570,5.077320,0.0,2026-08-18T19:03:24.006230+00:00,nan,nan,nan,nan,nan,nan
428a5a48-5882-4ff4-8989-e6f13af6c336,mar,0.1,saits,test,test_r017,0.0916,8.827805,5.151210,0.0,2026-08-18T19:03:31.141050+00:00,nan,nan,nan,nan,nan,nan
428a5a48-5882-4ff4-8989-e6f13af6c336,mar,0.1,saits,test,test_r018,0.0955,9.282853,5.271316,0.0,2026-08-18T19:03:38.396987+00:00,nan,nan,nan,nan,nan,nan
428a5a48-5882-4ff4-8989-e6f13af6c336,mar,0.1,saits,test,test_r019,0.1015,8.158146,4.898639,0.0,2026-08-18T19:03:46.151020+00:00,nan,nan,nan,nan,nan,nan
428a5a48-5882-4ff4-8989-e6f13af6c336,mar,0.1,saits,train,,0.0000,nan,nan,0.0,2026-08-18T16:56:56.613777+00:00,nan,nan,nan,nan,nan,nan
428a5a48-5882-4ff4-8989-e6f13af6c336,mar,0.1,saits,validate,test_r000,0.0000,9.495541,5.435701,0.0,2026-08-18T18:59:47.360242+00:00,nan,nan,nan,nan,nan,nan
428a5a48-5882-4ff4-8989-e6f13af6c336,mar,0.1,saits_lc,test,test_r000,0.1022,8.740622,5.030555,0.0,2026-08-18T19:03:53.623934+00:00,nan,nan,nan,nan,nan,nan
428a5a48-5882-4ff4-8989-e6f13af6c336,mar,0.1,saits_lc,test,test_r001,0.0987,8.874732,5.159385,0.0,2026-08-18T19:04:00.705851+00:00,nan,nan,nan,nan,nan,nan
428a5a48-5882-4ff4-8989-e6f13af6c336,mar,0.1,saits_lc,test,test_r002,0.0896,8.800091,5.092413,0.0,2026-08-18T19:04:07.996032+00:00,nan,nan,nan,nan,nan,nan
428a5a48-5882-4ff4-8989-e6f13af6c336,mar,0.1,saits_lc,test,test_r003,0.1011,8.195981,4.910245,0.0,2026-08-18T19:04:14.253978+00:00,nan,nan,nan,nan,nan,nan
428a5a48-5882-4ff4-8989-e6f13af6c336,mar,0.1,saits_lc,test,test_r004,0.0991,8.805232,5.134894,0.0,2026-08-18T19:04:21.448366+00:00,nan,nan,nan,nan,nan,nan
428a5a48-5882-4ff4-8989-e6f13af6c336,mar,0.1,saits_lc,test,test_r005,0.0994,8.103520,4.887310,0.0,2026-08-18T19:04:28.349163+00:00,nan,nan,nan,nan,nan,nan
428a5a48-5882-4ff4-8989-e6f13af6c336,mar,0.1,saits_lc,test,test_r006,0.0997,8.472987,4.908208,0.0,2026-08-18T19:04:35.328925+00:00,nan,nan,nan,nan,nan,nan
428a5a48-5882-4ff4-8989-e6f13af6c336,mar,0.1,saits_lc,test,test_r007,0.1012,8.188673,4.900242,0.0,2026-08-18T19:04:43.375960+00:00,nan,nan,nan,nan,nan,nan
428a5a48-5882-4ff4-8989-e6f13af6c336,mar,0.1,saits_lc,test,test_r008,0.0903,9.064291,5.117665,0.0,2026-08-18T19:04:49.681120+00:00,nan,nan,nan,nan,nan,nan
428a5a48-5882-4ff4-8989-e6f13af6c336,mar,0.1,saits_lc,test,test_r009,0.0890,8.971634,5.151590,0.0,2026-08-18T19:04:55.183054+00:00,nan,nan,nan,nan,nan,nan
428a5a48-5882-4ff4-8989-e6f13af6c336,mar,0.1,saits_lc,test,test_r010,0.0913,8.692860,5.146304,0.0,2026-08-18T19:05:01.119850+00:00,nan,nan,nan,nan,nan,nan
428a5a48-5882-4ff4-8989-e6f13af6c336,mar,0.1,saits_lc,test,test_r011,0.1009,8.361193,4.956431,0.0,2026-08-18T19:05:07.613744+00:00,nan,nan,nan,nan,nan,nan
428a5a48-5882-4ff4-8989-e6f13af6c336,mar,0.1,saits_lc,test,test_r012,0.1013,8.393333,5.006106,0.0,2026-08-18T19:05:14.181249+00:00,nan,nan,nan,nan,nan,nan
428a5a48-5882-4ff4-8989-e6f13af6c336,mar,0.1,saits_lc,test,test_r013,0.0918,8.842832,5.094993,0.0,2026-08-18T19:05:20.413154+00:00,nan,nan,nan,nan,nan,nan
428a5a48-5882-4ff4-8989-e6f13af6c336,mar,0.1,saits_lc,test,test_r014,0.1014,8.842544,5.016305,0.0,2026-08-18T19:05:26.776928+00:00,nan,nan,nan,nan,nan,nan
428a5a48-5882-4ff4-8989-e6f13af6c336,mar,0.1,saits_lc,test,test_r015,0.1026,8.434652,5.010252,0.0,2026-08-18T19:05:34.098762+00:00,nan,nan,nan,nan,nan,nan
428a5a48-5882-4ff4-8989-e6f13af6c336,mar,0.1,saits_lc,test,test_r016,0.1003,8.549424,5.072074,0.0,2026-08-18T19:05:41.897276+00:00,nan,nan,nan,nan,nan,nan
428a5a48-5882-4ff4-8989-e6f13af6c336,mar,0.1,saits_lc,test,test_r017,0.0916,8.756871,5.108836,0.0,2026-08-18T19:05:48.075005+00:00,nan,nan,nan,nan,nan,nan
428a5a48-5882-4ff4-8989-e6f13af6c336,mar,0.1,saits_lc,test,test_r018,0.0955,9.109457,5.133941,0.0,2026-08-18T19:05:54.788811+00:00,nan,nan,nan,nan,nan,nan
428a5a48-5882-4ff4-8989-e6f13af6c336,mar,0.1,saits_lc,test,test_r019,0.1015,8.246314,4.927730,0.0,2026-08-18T19:06:01.352762+00:00,nan,nan,nan,nan,nan,nan
428a5a48-5882-4ff4-8989-e6f13af6c336,mar,0.1,saits_lc,train,,0.0000,nan,nan,0.0,2026-08-18T17:08:14.141734+00:00,nan,nan,nan,nan,nan,nan
428a5a48-5882-4ff4-8989-e6f13af6c336,mar,0.1,saits_lc,validate,test_r000,0.0000,9.470168,5.426565,0.0,2026-08-18T19:00:01.945369+00:00,nan,nan,nan,nan,nan,nan
2f8e2707-0342-479a-92a1-f829ca84a843,mcar,0.1,brits,test,test_r000,0.1001,28.929640,18.375629,0.0,2026-08-18T12:48:35.533812+00:00,nan,nan,nan,nan,nan,nan
2f8e2707-0342-479a-92a1-f829ca84a843,mcar,0.1,brits,test,test_r001,0.1003,28.827572,18.311690,0.0,2026-08-18T12:55:34.104435+00:00,nan,nan,nan,nan,nan,nan
2f8e2707-0342-479a-92a1-f829ca84a843,mcar,0.1,brits,test,test_r002,0.1000,28.495926,18.199872,0.0,2026-08-18T12:57:29.137273+00:00,nan,nan,nan,nan,nan,nan
2f8e2707-0342-479a-92a1-f829ca84a843,mcar,0.1,brits,test,test_r003,0.1001,28.744621,18.159748,0.0,2026-08-18T13:01:52.466346+00:00,nan,nan,nan,nan,nan,nan
2f8e2707-0342-479a-92a1-f829ca84a843,mcar,0.1,brits,test,test_r004,0.0998,28.823438,18.292125,0.0,2026-08-18T13:03:02.177846+00:00,nan,nan,nan,nan,nan,nan
2f8e2707-0342-479a-92a1-f829ca84a843,mcar,0.1,brits,test,test_r005,0.1003,28.860075,18.323753,0.0,2026-08-18T13:08:22.357192+00:00,nan,nan,nan,nan,nan,nan
2f8e2707-0342-479a-92a1-f829ca84a843,mcar,0.1,brits,test,test_r006,0.1001,28.965111,18.372086,0.0,2026-08-18T13:10:49.089448+00:00,nan,nan,nan,nan,nan,nan
2f8e2707-0342-479a-92a1-f829ca84a843,mcar,0.1,brits,test,test_r007,0.1004,28.855241,18.326443,0.0,2026-08-18T13:12:51.494859+00:00,nan,nan,nan,nan,nan,nan
2f8e2707-0342-479a-92a1-f829ca84a843,mcar,0.1,brits,test,test_r008,0.0997,28.576183,18.144798,0.0,2026-08-18T13:14:05.916064+00:00,nan,nan,nan,nan,nan,nan
2f8e2707-0342-479a-92a1-f829ca84a843,mcar,0.1,brits,test,test_r009,0.0999,28.587179,18.151585,0.0,2026-08-18T13:18:07.823543+00:00,nan,nan,nan,nan,nan,nan
2f8e2707-0342-479a-92a1-f829ca84a843,mcar,0.1,brits,test,test_r010,0.1000,28.711721,18.183452,0.0,2026-08-18T13:23:48.609836+00:00,nan,nan,nan,nan,nan,nan
2f8e2707-0342-479a-92a1-f829ca84a843,mcar,0.1,brits,test,test_r011,0.0996,28.705814,18.154011,0.0,2026-08-18T13:25:10.907551+00:00,nan,nan,nan,nan,nan,nan
2f8e2707-0342-479a-92a1-f829ca84a843,mcar,0.1,brits,test,test_r012,0.1008,28.652671,18.232462,0.0,2026-08-18T13:27:03.195224+00:00,nan,nan,nan,nan,nan,nan
2f8e2707-0342-479a-92a1-f829ca84a843,mcar,0.1,brits,test,test_r013,0.1000,28.960272,18.304172,0.0,2026-08-18T13:28:39.148659+00:00,nan,nan,nan,nan,nan,nan
2f8e2707-0342-479a-92a1-f829ca84a843,mcar,0.1,brits,test,test_r014,0.0998,28.487575,18.136661,0.0,2026-08-18T13:29:28.341567+00:00,nan,nan,nan,nan,nan,nan
2f8e2707-0342-479a-92a1-f829ca84a843,mcar,0.1,brits,test,test_r015,0.1001,28.482097,18.078089,0.0,2026-08-18T13:30:22.683436+00:00,nan,nan,nan,nan,nan,nan
2f8e2707-0342-479a-92a1-f829ca84a843,mcar,0.1,brits,test,test_r016,0.1002,28.712163,18.219612,0.0,2026-08-18T13:31:17.162375+00:00,nan,nan,nan,nan,nan,nan
2f8e2707-0342-479a-92a1-f829ca84a843,mcar,0.1,brits,test,test_r017,0.0997,28.508553,18.152972,0.0,2026-08-18T13:32:06.964184+00:00,nan,nan,nan,nan,nan,nan
2f8e2707-0342-479a-92a1-f829ca84a843,mcar,0.1,brits,test,test_r018,0.1005,28.569744,18.098643,0.0,2026-08-18T13:33:01.558979+00:00,nan,nan,nan,nan,nan,nan
2f8e2707-0342-479a-92a1-f829ca84a843,mcar,0.1,brits,test,test_r019,0.1003,28.657223,18.238091,0.0,2026-08-18T13:33:55.402967+00:00,nan,nan,nan,nan,nan,nan
2f8e2707-0342-479a-92a1-f829ca84a843,mcar,0.1,brits,train,,0.0000,nan,nan,0.0,2026-08-18T12:40:32.732513+00:00,nan,nan,nan,nan,nan,nan
2f8e2707-0342-479a-92a1-f829ca84a843,mcar,0.1,brits,validate,test_r000,0.0000,29.964628,18.518893,0.0,2026-08-18T12:41:30.212664+00:00,nan,nan,nan,nan,nan,nan
2f8e2707-0342-479a-92a1-f829ca84a843,mcar,0.1,saits,test,test_r000,0.1001,7.901786,4.623758,0.0,2026-08-18T12:41:34.704164+00:00,nan,nan,nan,nan,nan,nan
2f8e2707-0342-479a-92a1-f829ca84a843,mcar,0.1,saits,test,test_r001,0.1003,8.088862,4.671818,0.0,2026-08-18T12:41:39.015502+00:00,nan,nan,nan,nan,nan,nan
2f8e2707-0342-479a-92a1-f829ca84a843,mcar,0.1,saits,test,test_r002,0.1000,7.800612,4.614191,0.0,2026-08-18T12:41:43.288552+00:00,nan,nan,nan,nan,nan,nan
2f8e2707-0342-479a-92a1-f829ca84a843,mcar,0.1,saits,test,test_r003,0.1001,7.940312,4.604979,0.0,2026-08-18T12:41:47.654744+00:00,nan,nan,nan,nan,nan,nan
2f8e2707-0342-479a-92a1-f829ca84a843,mcar,0.1,saits,test,test_r004,0.0998,7.816608,4.631511,0.0,2026-08-18T12:41:51.932504+00:00,nan,nan,nan,nan,nan,nan
2f8e2707-0342-479a-92a1-f829ca84a843,mcar,0.1,saits,test,test_r005,0.1003,7.989110,4.658654,0.0,2026-08-18T12:41:56.593396+00:00,nan,nan,nan,nan,nan,nan
2f8e2707-0342-479a-92a1-f829ca84a843,mcar,0.1,saits,test,test_r006,0.1001,7.986679,4.669299,0.0,2026-08-18T12:42:01.956551+00:00,nan,nan,nan,nan,nan,nan
2f8e2707-0342-479a-92a1-f829ca84a843,mcar,0.1,saits,test,test_r007,0.1004,8.066896,4.699443,0.0,2026-08-18T12:42:07.865415+00:00,nan,nan,nan,nan,nan,nan
2f8e2707-0342-479a-92a1-f829ca84a843,mcar,0.1,saits,test,test_r008,0.0997,7.925862,4.622967,0.0,2026-08-18T12:42:13.127773+00:00,nan,nan,nan,nan,nan,nan
2f8e2707-0342-479a-92a1-f829ca84a843,mcar,0.1,saits,test,test_r009,0.0999,7.902167,4.638280,0.0,2026-08-18T12:42:19.153494+00:00,nan,nan,nan,nan,nan,nan
2f8e2707-0342-479a-92a1-f829ca84a843,mcar,0.1,saits,test,test_r010,0.1000,7.889847,4.609996,0.0,2026-08-18T12:42:26.692509+00:00,nan,nan,nan,nan,nan,nan
2f8e2707-0342-479a-92a1-f829ca84a843,mcar,0.1,saits,test,test_r011,0.0996,7.945297,4.613166,0.0,2026-08-18T12:42:35.190813+00:00,nan,nan,nan,nan,nan,nan
2f8e2707-0342-479a-92a1-f829ca84a843,mcar,0.1,saits,test,test_r012,0.1008,7.889688,4.634390,0.0,2026-08-18T12:42:44.106202+00:00,nan,nan,nan,nan,nan,nan
2f8e2707-0342-479a-92a1-f829ca84a843,mcar,0.1,saits,test,test_r013,0.1000,8.290601,4.679126,0.0,2026-08-18T12:42:50.727823+00:00,nan,nan,nan,nan,nan,nan
2f8e2707-0342-479a-92a1-f829ca84a843,mcar,0.1,saits,test,test_r014,0.0998,7.873539,4.623242,0.0,2026-08-18T12:42:57.560216+00:00,nan,nan,nan,nan,nan,nan
2f8e2707-0342-479a-92a1-f829ca84a843,mcar,0.1,saits,test,test_r015,0.1001,7.926636,4.621021,0.0,2026-08-18T12:43:07.197294+00:00,nan,nan,nan,nan,nan,nan
2f8e2707-0342-479a-92a1-f829ca84a843,mcar,0.1,saits,test,test_r016,0.1002,7.764515,4.605904,0.0,2026-08-18T12:43:18.862156+00:00,nan,nan,nan,nan,nan,nan
2f8e2707-0342-479a-92a1-f829ca84a843,mcar,0.1,saits,test,test_r017,0.0997,7.805327,4.594581,0.0,2026-08-18T12:43:25.928326+00:00,nan,nan,nan,nan,nan,nan
2f8e2707-0342-479a-92a1-f829ca84a843,mcar,0.1,saits,test,test_r018,0.1005,7.732442,4.582648,0.0,2026-08-18T12:43:33.694351+00:00,nan,nan,nan,nan,nan,nan
2f8e2707-0342-479a-92a1-f829ca84a843,mcar,0.1,saits,test,test_r019,0.1003,7.822846,4.603868,0.0,2026-08-18T12:43:44.293076+00:00,nan,nan,nan,nan,nan,nan
2f8e2707-0342-479a-92a1-f829ca84a843,mcar,0.1,saits,train,,0.0000,nan,nan,0.0,2026-08-18T10:44:35.059231+00:00,nan,nan,nan,nan,nan,nan
2f8e2707-0342-479a-92a1-f829ca84a843,mcar,0.1,saits,validate,test_r000,0.0000,8.303159,4.794730,0.0,2026-08-18T12:40:37.082634+00:00,nan,nan,nan,nan,nan,nan
2f8e2707-0342-479a-92a1-f829ca84a843,mcar,0.1,saits_lc,test,test_r000,0.1001,7.888941,4.610000,0.0,2026-08-18T12:43:56.199291+00:00,nan,nan,nan,nan,nan,nan
2f8e2707-0342-479a-92a1-f829ca84a843,mcar,0.1,saits_lc,test,test_r001,0.1003,8.124843,4.669375,0.0,2026-08-18T12:44:03.651528+00:00,nan,nan,nan,nan,nan,nan
2f8e2707-0342-479a-92a1-f829ca84a843,mcar,0.1,saits_lc,test,test_r002,0.1000,7.761623,4.585996,0.0,2026-08-18T12:44:10.380630+00:00,nan,nan,nan,nan,nan,nan
2f8e2707-0342-479a-92a1-f829ca84a843,mcar,0.1,saits_lc,test,test_r003,0.1001,7.935599,4.591878,0.0,2026-08-18T12:44:16.652277+00:00,nan,nan,nan,nan,nan,nan
2f8e2707-0342-479a-92a1-f829ca84a843,mcar,0.1,saits_lc,test,test_r004,0.0998,7.834243,4.623384,0.0,2026-08-18T12:44:24.464269+00:00,nan,nan,nan,nan,nan,nan
2f8e2707-0342-479a-92a1-f829ca84a843,mcar,0.1,saits_lc,test,test_r005,0.1003,7.979811,4.654913,0.0,2026-08-18T12:44:32.139838+00:00,nan,nan,nan,nan,nan,nan
2f8e2707-0342-479a-92a1-f829ca84a843,mcar,0.1,saits_lc,test,test_r006,0.1001,7.951127,4.650495,0.0,2026-08-18T12:44:43.043411+00:00,nan,nan,nan,nan,nan,nan
2f8e2707-0342-479a-92a1-f829ca84a843,mcar,0.1,saits_lc,test,test_r007,0.1004,8.019340,4.654562,0.0,2026-08-18T12:45:04.495688+00:00,nan,nan,nan,nan,nan,nan
2f8e2707-0342-479a-92a1-f829ca84a843,mcar,0.1,saits_lc,test,test_r008,0.0997,7.936198,4.625313,0.0,2026-08-18T12:45:25.711375+00:00,nan,nan,nan,nan,nan,nan
2f8e2707-0342-479a-92a1-f829ca84a843,mcar,0.1,saits_lc,test,test_r009,0.0999,7.904478,4.615076,0.0,2026-08-18T12:45:32.521904+00:00,nan,nan,nan,nan,nan,nan
2f8e2707-0342-479a-92a1-f829ca84a843,mcar,0.1,saits_lc,test,test_r010,0.1000,7.909078,4.621067,0.0,2026-08-18T12:45:40.062755+00:00,nan,nan,nan,nan,nan,nan
2f8e2707-0342-479a-92a1-f829ca84a843,mcar,0.1,saits_lc,test,test_r011,0.0996,7.963546,4.597862,0.0,2026-08-18T12:45:47.394601+00:00,nan,nan,nan,nan,nan,nan
2f8e2707-0342-479a-92a1-f829ca84a843,mcar,0.1,saits_lc,test,test_r012,0.1008,7.869701,4.608863,0.0,2026-08-18T12:45:53.432686+00:00,nan,nan,nan,nan,nan,nan
2f8e2707-0342-479a-92a1-f829ca84a843,mcar,0.1,saits_lc,test,test_r013,0.1000,8.262928,4.650228,0.0,2026-08-18T12:45:59.162243+00:00,nan,nan,nan,nan,nan,nan
2f8e2707-0342-479a-92a1-f829ca84a843,mcar,0.1,saits_lc,test,test_r014,0.0998,7.849725,4.597407,0.0,2026-08-18T12:46:05.326713+00:00,nan,nan,nan,nan,nan,nan
2f8e2707-0342-479a-92a1-f829ca84a843,mcar,0.1,saits_lc,test,test_r015,0.1001,7.911482,4.598203,0.0,2026-08-18T12:46:11.381266+00:00,nan,nan,nan,nan,nan,nan
2f8e2707-0342-479a-92a1-f829ca84a843,mcar,0.1,saits_lc,test,test_r016,0.1002,7.801292,4.612578,0.0,2026-08-18T12:46:18.076686+00:00,nan,nan,nan,nan,nan,nan
2f8e2707-0342-479a-92a1-f829ca84a843,mcar,0.1,saits_lc,test,test_r017,0.0997,7.808859,4.585460,0.0,2026-08-18T12:46:25.275748+00:00,nan,nan,nan,nan,nan,nan
2f8e2707-0342-479a-92a1-f829ca84a843,mcar,0.1,saits_lc,test,test_r018,0.1005,7.732792,4.564404,0.0,2026-08-18T12:46:42.130869+00:00,nan,nan,nan,nan,nan,nan
2f8e2707-0342-479a-92a1-f829ca84a843,mcar,0.1,saits_lc,test,test_r019,0.1003,7.841309,4.587513,0.0,2026-08-18T12:46:50.160742+00:00,nan,nan,nan,nan,nan,nan
2f8e2707-0342-479a-92a1-f829ca84a843,mcar,0.1,saits_lc,train,,0.0000,nan,nan,0.0,2026-08-18T10:49:26.340639+00:00,nan,nan,nan,nan,nan,nan
2f8e2707-0342-479a-92a1-f829ca84a843,mcar,0.1,saits_lc,validate,test_r000,0.0000,8.440698,4.839807,0.0,2026-08-18T12:40:41.625017+00:00,nan,nan,nan,nan,nan,nan
03d28e1b-6d95-4190-be64-7ea5859ad6d0,mnar,0.1,brits,test,test_r000,0.0190,46.135111,30.231497,0.0,2026-08-19T06:55:28.646130+00:00,nan,nan,nan,nan,nan,nan
03d28e1b-6d95-4190-be64-7ea5859ad6d0,mnar,0.1,brits,test,test_r001,0.0186,45.755684,29.955169,0.0,2026-08-19T06:57:03.302979+00:00,nan,nan,nan,nan,nan,nan
03d28e1b-6d95-4190-be64-7ea5859ad6d0,mnar,0.1,brits,test,test_r002,0.0186,45.897794,29.956196,0.0,2026-08-19T06:58:32.250597+00:00,nan,nan,nan,nan,nan,nan
03d28e1b-6d95-4190-be64-7ea5859ad6d0,mnar,0.1,brits,test,test_r003,0.0188,45.920033,30.151215,0.0,2026-08-19T06:59:55.048384+00:00,nan,nan,nan,nan,nan,nan
03d28e1b-6d95-4190-be64-7ea5859ad6d0,mnar,0.1,brits,test,test_r004,0.0187,45.837971,30.210156,0.0,2026-08-19T07:01:24.152700+00:00,nan,nan,nan,nan,nan,nan
03d28e1b-6d95-4190-be64-7ea5859ad6d0,mnar,0.1,brits,test,test_r005,0.0187,45.752846,29.862328,0.0,2026-08-19T07:02:58.665079+00:00,nan,nan,nan,nan,nan,nan
03d28e1b-6d95-4190-be64-7ea5859ad6d0,mnar,0.1,brits,test,test_r006,0.0186,46.424488,30.370064,0.0,2026-08-19T07:04:28.652528+00:00,nan,nan,nan,nan,nan,nan
03d28e1b-6d95-4190-be64-7ea5859ad6d0,mnar,0.1,brits,test,test_r007,0.0189,45.843970,30.149718,0.0,2026-08-19T07:06:00.911955+00:00,nan,nan,nan,nan,nan,nan
03d28e1b-6d95-4190-be64-7ea5859ad6d0,mnar,0.1,brits,test,test_r008,0.0187,45.569528,29.798221,0.0,2026-08-19T07:07:48.795690+00:00,nan,nan,nan,nan,nan,nan
03d28e1b-6d95-4190-be64-7ea5859ad6d0,mnar,0.1,brits,test,test_r009,0.0183,46.982681,30.296672,0.0,2026-08-19T07:09:24.601676+00:00,nan,nan,nan,nan,nan,nan
03d28e1b-6d95-4190-be64-7ea5859ad6d0,mnar,0.1,brits,test,test_r010,0.0189,45.662671,29.938674,0.0,2026-08-19T07:11:20.101969+00:00,nan,nan,nan,nan,nan,nan
03d28e1b-6d95-4190-be64-7ea5859ad6d0,mnar,0.1,brits,test,test_r011,0.0185,47.171843,30.923371,0.0,2026-08-19T07:14:06.889491+00:00,nan,nan,nan,nan,nan,nan
03d28e1b-6d95-4190-be64-7ea5859ad6d0,mnar,0.1,brits,test,test_r012,0.0188,46.307872,30.487529,0.0,2026-08-19T07:16:11.585559+00:00,nan,nan,nan,nan,nan,nan
03d28e1b-6d95-4190-be64-7ea5859ad6d0,mnar,0.1,brits,test,test_r013,0.0186,45.962423,30.133494,0.0,2026-08-19T07:18:06.806251+00:00,nan,nan,nan,nan,nan,nan
03d28e1b-6d95-4190-be64-7ea5859ad6d0,mnar,0.1,brits,test,test_r014,0.0185,45.859291,29.926946,0.0,2026-08-19T07:20:44.746297+00:00,nan,nan,nan,nan,nan,nan
03d28e1b-6d95-4190-be64-7ea5859ad6d0,mnar,0.1,brits,test,test_r015,0.0189,45.301328,29.871546,0.0,2026-08-19T07:23:08.889999+00:00,nan,nan,nan,nan,nan,nan
03d28e1b-6d95-4190-be64-7ea5859ad6d0,mnar,0.1,brits,test,test_r016,0.0188,46.081359,30.007498,0.0,2026-08-19T07:27:34.248867+00:00,nan,nan,nan,nan,nan,nan
03d28e1b-6d95-4190-be64-7ea5859ad6d0,mnar,0.1,brits,test,test_r017,0.0186,45.628776,29.862007,0.0,2026-08-19T07:29:55.987991+00:00,nan,nan,nan,nan,nan,nan
03d28e1b-6d95-4190-be64-7ea5859ad6d0,mnar,0.1,brits,test,test_r018,0.0188,46.135480,30.339625,0.0,2026-08-19T07:31:20.234450+00:00,nan,nan,nan,nan,nan,nan
03d28e1b-6d95-4190-be64-7ea5859ad6d0,mnar,0.1,brits,test,test_r019,0.0188,45.404231,29.774432,0.0,2026-08-19T07:32:36.324868+00:00,nan,nan,nan,nan,nan,nan
03d28e1b-6d95-4190-be64-7ea5859ad6d0,mnar,0.1,brits,train,,0.0000,nan,nan,0.0,2026-08-19T06:40:09.977550+00:00,nan,nan,nan,nan,nan,nan
03d28e1b-6d95-4190-be64-7ea5859ad6d0,mnar,0.1,brits,validate,test_r000,0.0000,49.111374,30.554988,0.0,2026-08-19T06:47:57.979201+00:00,nan,nan,nan,nan,nan,nan
03d28e1b-6d95-4190-be64-7ea5859ad6d0,mnar,0.1,saits,test,test_r000,0.0190,11.082401,6.701849,0.0,2026-08-19T06:48:08.086212+00:00,nan,nan,nan,nan,nan,nan
03d28e1b-6d95-4190-be64-7ea5859ad6d0,mnar,0.1,saits,test,test_r001,0.0186,11.603816,6.827005,0.0,2026-08-19T06:48:16.324976+00:00,nan,nan,nan,nan,nan,nan
03d28e1b-6d95-4190-be64-7ea5859ad6d0,mnar,0.1,saits,test,test_r002,0.0186,11.331815,6.767452,0.0,2026-08-19T06:48:27.565224+00:00,nan,nan,nan,nan,nan,nan
03d28e1b-6d95-4190-be64-7ea5859ad6d0,mnar,0.1,saits,test,test_r003,0.0188,11.440469,6.758948,0.0,2026-08-19T06:48:34.694449+00:00,nan,nan,nan,nan,nan,nan
03d28e1b-6d95-4190-be64-7ea5859ad6d0,mnar,0.1,saits,test,test_r004,0.0187,10.921104,6.693296,0.0,2026-08-19T06:48:46.598909+00:00,nan,nan,nan,nan,nan,nan
03d28e1b-6d95-4190-be64-7ea5859ad6d0,mnar,0.1,saits,test,test_r005,0.0187,11.600684,6.742730,0.0,2026-08-19T06:48:59.348643+00:00,nan,nan,nan,nan,nan,nan
03d28e1b-6d95-4190-be64-7ea5859ad6d0,mnar,0.1,saits,test,test_r006,0.0186,12.015988,6.830258,0.0,2026-08-19T06:49:09.499103+00:00,nan,nan,nan,nan,nan,nan
03d28e1b-6d95-4190-be64-7ea5859ad6d0,mnar,0.1,saits,test,test_r007,0.0189,10.960973,6.727160,0.0,2026-08-19T06:49:16.618522+00:00,nan,nan,nan,nan,nan,nan
03d28e1b-6d95-4190-be64-7ea5859ad6d0,mnar,0.1,saits,test,test_r008,0.0187,11.220455,6.728458,0.0,2026-08-19T06:49:24.663795+00:00,nan,nan,nan,nan,nan,nan
03d28e1b-6d95-4190-be64-7ea5859ad6d0,mnar,0.1,saits,test,test_r009,0.0183,13.313741,6.919993,0.0,2026-08-19T06:49:33.359836+00:00,nan,nan,nan,nan,nan,nan
03d28e1b-6d95-4190-be64-7ea5859ad6d0,mnar,0.1,saits,test,test_r010,0.0189,11.311740,6.750006,0.0,2026-08-19T06:49:44.244145+00:00,nan,nan,nan,nan,nan,nan
03d28e1b-6d95-4190-be64-7ea5859ad6d0,mnar,0.1,saits,test,test_r011,0.0185,12.619146,6.961686,0.0,2026-08-19T06:49:53.526762+00:00,nan,nan,nan,nan,nan,nan
03d28e1b-6d95-4190-be64-7ea5859ad6d0,mnar,0.1,saits,test,test_r012,0.0188,11.371037,6.717841,0.0,2026-08-19T06:50:01.966954+00:00,nan,nan,nan,nan,nan,nan
03d28e1b-6d95-4190-be64-7ea5859ad6d0,mnar,0.1,saits,test,test_r013,0.0186,11.226512,6.795143,0.0,2026-08-19T06:50:09.650841+00:00,nan,nan,nan,nan,nan,nan
03d28e1b-6d95-4190-be64-7ea5859ad6d0,mnar,0.1,saits,test,test_r014,0.0185,11.397988,6.756859,0.0,2026-08-19T06:50:16.895369+00:00,nan,nan,nan,nan,nan,nan
03d28e1b-6d95-4190-be64-7ea5859ad6d0,mnar,0.1,saits,test,test_r015,0.0189,11.468213,6.714632,0.0,2026-08-19T06:50:24.878184+00:00,nan,nan,nan,nan,nan,nan
03d28e1b-6d95-4190-be64-7ea5859ad6d0,mnar,0.1,saits,test,test_r016,0.0188,10.883501,6.631682,0.0,2026-08-19T06:50:32.790939+00:00,nan,nan,nan,nan,nan,nan
03d28e1b-6d95-4190-be64-7ea5859ad6d0,mnar,0.1,saits,test,test_r017,0.0186,11.751639,6.709174,0.0,2026-08-19T06:50:42.453394+00:00,nan,nan,nan,nan,nan,nan
03d28e1b-6d95-4190-be64-7ea5859ad6d0,mnar,0.1,saits,test,test_r018,0.0188,11.790962,6.804665,0.0,2026-08-19T06:50:53.735229+00:00,nan,nan,nan,nan,nan,nan
03d28e1b-6d95-4190-be64-7ea5859ad6d0,mnar,0.1,saits,test,test_r019,0.0188,11.620866,6.730651,0.0,2026-08-19T06:51:01.453229+00:00,nan,nan,nan,nan,nan,nan
03d28e1b-6d95-4190-be64-7ea5859ad6d0,mnar,0.1,saits,train,,0.0000,nan,nan,0.0,2026-08-19T00:40:53.448931+00:00,nan,nan,nan,nan,nan,nan
03d28e1b-6d95-4190-be64-7ea5859ad6d0,mnar,0.1,saits,validate,test_r000,0.0000,12.420494,7.255281,0.0,2026-08-19T06:40:29.576128+00:00,nan,nan,nan,nan,nan,nan
03d28e1b-6d95-4190-be64-7ea5859ad6d0,mnar,0.1,saits_lc,test,test_r000,0.0190,11.263662,6.853171,0.0,2026-08-19T06:51:10.225198+00:00,nan,nan,nan,nan,nan,nan
03d28e1b-6d95-4190-be64-7ea5859ad6d0,mnar,0.1,saits_lc,test,test_r001,0.0186,11.825551,6.970326,0.0,2026-08-19T06:51:18.246540+00:00,nan,nan,nan,nan,nan,nan
03d28e1b-6d95-4190-be64-7ea5859ad6d0,mnar,0.1,saits_lc,test,test_r002,0.0186,11.435159,6.877472,0.0,2026-08-19T06:51:26.298918+00:00,nan,nan,nan,nan,nan,nan
03d28e1b-6d95-4190-be64-7ea5859ad6d0,mnar,0.1,saits_lc,test,test_r003,0.0188,11.578935,6.917132,0.0,2026-08-19T06:51:43.235612+00:00,nan,nan,nan,nan,nan,nan
03d28e1b-6d95-4190-be64-7ea5859ad6d0,mnar,0.1,saits_lc,test,test_r004,0.0187,11.022378,6.828878,0.0,2026-08-19T06:51:50.400295+00:00,nan,nan,nan,nan,nan,nan
03d28e1b-6d95-4190-be64-7ea5859ad6d0,mnar,0.1,saits_lc,test,test_r005,0.0187,11.751621,6.863556,0.0,2026-08-19T06:51:57.509489+00:00,nan,nan,nan,nan,nan,nan
03d28e1b-6d95-4190-be64-7ea5859ad6d0,mnar,0.1,saits_lc,test,test_r006,0.0186,12.111934,6.965699,0.0,2026-08-19T06:52:04.777775+00:00,nan,nan,nan,nan,nan,nan
03d28e1b-6d95-4190-be64-7ea5859ad6d0,mnar,0.1,saits_lc,test,test_r007,0.0189,11.142199,6.907963,0.0,2026-08-19T06:52:13.332539+00:00,nan,nan,nan,nan,nan,nan
03d28e1b-6d95-4190-be64-7ea5859ad6d0,mnar,0.1,saits_lc,test,test_r008,0.0187,11.328077,6.880203,0.0,2026-08-19T06:52:21.255788+00:00,nan,nan,nan,nan,nan,nan
03d28e1b-6d95-4190-be64-7ea5859ad6d0,mnar,0.1,saits_lc,test,test_r009,0.0183,13.595049,7.134579,0.0,2026-08-19T06:52:29.795655+00:00,nan,nan,nan,nan,nan,nan
03d28e1b-6d95-4190-be64-7ea5859ad6d0,mnar,0.1,saits_lc,test,test_r010,0.0189,11.467366,6.850626,0.0,2026-08-19T06:52:37.174363+00:00,nan,nan,nan,nan,nan,nan
03d28e1b-6d95-4190-be64-7ea5859ad6d0,mnar,0.1,saits_lc,test,test_r011,0.0185,12.806656,7.151173,0.0,2026-08-19T06:52:44.762292+00:00,nan,nan,nan,nan,nan,nan
03d28e1b-6d95-4190-be64-7ea5859ad6d0,mnar,0.1,saits_lc,test,test_r012,0.0188,11.492968,6.835373,0.0,2026-08-19T06:52:51.973108+00:00,nan,nan,nan,nan,nan,nan
03d28e1b-6d95-4190-be64-7ea5859ad6d0,mnar,0.1,saits_lc,test,test_r013,0.0186,11.346900,6.940277,0.0,2026-08-19T06:52:59.096525+00:00,nan,nan,nan,nan,nan,nan
03d28e1b-6d95-4190-be64-7ea5859ad6d0,mnar,0.1,saits_lc,test,test_r014,0.0185,11.656282,6.911588,0.0,2026-08-19T06:53:05.640167+00:00,nan,nan,nan,nan,nan,nan
03d28e1b-6d95-4190-be64-7ea5859ad6d0,mnar,0.1,saits_lc,test,test_r015,0.0189,11.560640,6.810361,0.0,2026-08-19T06:53:12.326364+00:00,nan,nan,nan,nan,nan,nan
03d28e1b-6d95-4190-be64-7ea5859ad6d0,mnar,0.1,saits_lc,test,test_r016,0.0188,11.044010,6.798813,0.0,2026-08-19T06:53:19.033798+00:00,nan,nan,nan,nan,nan,nan
03d28e1b-6d95-4190-be64-7ea5859ad6d0,mnar,0.1,saits_lc,test,test_r017,0.0186,11.935011,6.857375,0.0,2026-08-19T06:53:26.191552+00:00,nan,nan,nan,nan,nan,nan
03d28e1b-6d95-4190-be64-7ea5859ad6d0,mnar,0.1,saits_lc,test,test_r018,0.0188,11.869846,6.915117,0.0,2026-08-19T06:53:33.629336+00:00,nan,nan,nan,nan,nan,nan
03d28e1b-6d95-4190-be64-7ea5859ad6d0,mnar,0.1,saits_lc,test,test_r019,0.0188,11.748396,6.866290,0.0,2026-08-19T06:53:42.632332+00:00,nan,nan,nan,nan,nan,nan
03d28e1b-6d95-4190-be64-7ea5859ad6d0,mnar,0.1,saits_lc,train,,0.0000,nan,nan,0.0,2026-08-19T00:51:42.440577+00:00,nan,nan,nan,nan,nan,nan
03d28e1b-6d95-4190-be64-7ea5859ad6d0,mnar,0.1,saits_lc,validate,test_r000,0.0000,12.576224,7.308087,0.0,2026-08-19T06:40:48.626313+00:00,nan,nan,nan,nan,nan,nan
2273c281-5bc4-40ce-9f23-830609f5fc04,mar,0.3,brits,test,test_r000,0.3046,29.004862,18.083881,0.0,2026-08-18T22:28:51.318203+00:00,nan,nan,nan,nan,nan,nan
2273c281-5bc4-40ce-9f23-830609f5fc04,mar,0.3,brits,test,test_r001,0.2961,30.105114,18.396829,0.0,2026-08-18T22:35:30.844803+00:00,nan,nan,nan,nan,nan,nan
2273c281-5bc4-40ce-9f23-830609f5fc04,mar,0.3,brits,test,test_r002,0.2699,29.377507,18.304211,0.0,2026-08-18T22:41:59.624550+00:00,nan,nan,nan,nan,nan,nan
2273c281-5bc4-40ce-9f23-830609f5fc04,mar,0.3,brits,test,test_r003,0.2994,27.582230,17.171523,0.0,2026-08-18T22:48:29.221441+00:00,nan,nan,nan,nan,nan,nan
2273c281-5bc4-40ce-9f23-830609f5fc04,mar,0.3,brits,test,test_r004,0.2947,30.116285,18.387276,0.0,2026-08-18T22:55:09.856563+00:00,nan,nan,nan,nan,nan,nan
2273c281-5bc4-40ce-9f23-830609f5fc04,mar,0.3,brits,test,test_r005,0.2999,27.638377,17.156943,0.0,2026-08-18T23:01:41.304646+00:00,nan,nan,nan,nan,nan,nan
2273c281-5bc4-40ce-9f23-830609f5fc04,mar,0.3,brits,test,test_r006,0.3011,27.702112,17.201142,0.0,2026-08-18T23:08:08.197565+00:00,nan,nan,nan,nan,nan,nan
2273c281-5bc4-40ce-9f23-830609f5fc04,mar,0.3,brits,test,test_r007,0.2998,27.579789,17.149680,0.0,2026-08-18T23:14:47.174672+00:00,nan,nan,nan,nan,nan,nan
2273c281-5bc4-40ce-9f23-830609f5fc04,mar,0.3,brits,test,test_r008,0.2724,29.542449,18.319193,0.0,2026-08-18T23:21:18.655991+00:00,nan,nan,nan,nan,nan,nan
2273c281-5bc4-40ce-9f23-830609f5fc04,mar,0.3,brits,test,test_r009,0.2713,29.608575,18.402095,0.0,2026-08-18T23:27:49.899332+00:00,nan,nan,nan,nan,nan,nan
2273c281-5bc4-40ce-9f23-830609f5fc04,mar,0.3,brits,test,test_r010,0.2713,29.454779,18.322174,0.0,2026-08-18T23:34:29.324042+00:00,nan,nan,nan,nan,nan,nan
2273c281-5bc4-40ce-9f23-830609f5fc04,mar,0.3,brits,test,test_r011,0.3008,27.657618,17.209472,0.0,2026-08-18T23:41:01.868797+00:00,nan,nan,nan,nan,nan,nan
2273c281-5bc4-40ce-9f23-830609f5fc04,mar,0.3,brits,test,test_r012,0.3057,29.127464,18.139845,0.0,2026-08-18T23:47:30.857821+00:00,nan,nan,nan,nan,nan,nan
2273c281-5bc4-40ce-9f23-830609f5fc04,mar,0.3,brits,test,test_r013,0.2771,29.704899,18.421025,0.0,2026-08-18T23:54:11.711924+00:00,nan,nan,nan,nan,nan,nan
2273c281-5bc4-40ce-9f23-830609f5fc04,mar,0.3,brits,test,test_r014,0.3037,29.175610,18.131981,0.0,2026-08-19T00:00:43.976220+00:00,nan,nan,nan,nan,nan,nan
2273c281-5bc4-40ce-9f23-830609f5fc04,mar,0.3,brits,test,test_r015,0.3057,29.117805,18.100984,0.0,2026-08-19T00:07:13.424146+00:00,nan,nan,nan,nan,nan,nan
2273c281-5bc4-40ce-9f23-830609f5fc04,mar,0.3,brits,test,test_r016,0.3047,29.030356,18.140282,0.0,2026-08-19T00:13:53.797311+00:00,nan,nan,nan,nan,nan,nan
2273c281-5bc4-40ce-9f23-830609f5fc04,mar,0.3,brits,test,test_r017,0.2708,29.399593,18.276372,0.0,2026-08-19T00:20:23.301292+00:00,nan,nan,nan,nan,nan,nan
2273c281-5bc4-40ce-9f23-830609f5fc04,mar,0.3,brits,test,test_r018,0.2876,30.531054,18.666957,0.0,2026-08-19T00:26:56.055430+00:00,nan,nan,nan,nan,nan,nan
2273c281-5bc4-40ce-9f23-830609f5fc04,mar,0.3,brits,test,test_r019,0.3029,27.616253,17.159465,0.0,2026-08-19T00:33:37.627143+00:00,nan,nan,nan,nan,nan,nan
2273c281-5bc4-40ce-9f23-830609f5fc04,mar,0.3,brits,train,,0.0000,nan,nan,0.0,2026-08-18T22:02:03.704506+00:00,nan,nan,nan,nan,nan,nan
2273c281-5bc4-40ce-9f23-830609f5fc04,mar,0.3,brits,validate,test_r000,0.0000,30.820405,18.657747,0.0,2026-08-18T22:09:23.767836+00:00,nan,nan,nan,nan,nan,nan
2273c281-5bc4-40ce-9f23-830609f5fc04,mar,0.3,saits,test,test_r000,0.3046,9.337860,5.560363,0.0,2026-08-18T22:09:43.473992+00:00,nan,nan,nan,nan,nan,nan
2273c281-5bc4-40ce-9f23-830609f5fc04,mar,0.3,saits,test,test_r001,0.2961,9.723270,5.769325,0.0,2026-08-18T22:10:02.621031+00:00,nan,nan,nan,nan,nan,nan
2273c281-5bc4-40ce-9f23-830609f5fc04,mar,0.3,saits,test,test_r002,0.2699,9.486393,5.648386,0.0,2026-08-18T22:10:22.482443+00:00,nan,nan,nan,nan,nan,nan
2273c281-5bc4-40ce-9f23-830609f5fc04,mar,0.3,saits,test,test_r003,0.2994,9.313897,5.664463,0.0,2026-08-18T22:10:42.140454+00:00,nan,nan,nan,nan,nan,nan
2273c281-5bc4-40ce-9f23-830609f5fc04,mar,0.3,saits,test,test_r004,0.2947,9.838488,5.757718,0.0,2026-08-18T22:11:01.392429+00:00,nan,nan,nan,nan,nan,nan
2273c281-5bc4-40ce-9f23-830609f5fc04,mar,0.3,saits,test,test_r005,0.2999,9.464629,5.699820,0.0,2026-08-18T22:11:20.842793+00:00,nan,nan,nan,nan,nan,nan
2273c281-5bc4-40ce-9f23-830609f5fc04,mar,0.3,saits,test,test_r006,0.3011,9.395477,5.650290,0.0,2026-08-18T22:11:40.373796+00:00,nan,nan,nan,nan,nan,nan
2273c281-5bc4-40ce-9f23-830609f5fc04,mar,0.3,saits,test,test_r007,0.2998,9.426143,5.670193,0.0,2026-08-18T22:11:59.876522+00:00,nan,nan,nan,nan,nan,nan
2273c281-5bc4-40ce-9f23-830609f5fc04,mar,0.3,saits,test,test_r008,0.2724,9.654262,5.636463,0.0,2026-08-18T22:12:19.316004+00:00,nan,nan,nan,nan,nan,nan
2273c281-5bc4-40ce-9f23-830609f5fc04,mar,0.3,saits,test,test_r009,0.2713,9.565436,5.667097,0.0,2026-08-18T22:12:38.539682+00:00,nan,nan,nan,nan,nan,nan
2273c281-5bc4-40ce-9f23-830609f5fc04,mar,0.3,saits,test,test_r010,0.2713,9.512309,5.641992,0.0,2026-08-18T22:12:58.245260+00:00,nan,nan,nan,nan,nan,nan
2273c281-5bc4-40ce-9f23-830609f5fc04,mar,0.3,saits,test,test_r011,0.3008,9.457745,5.667445,0.0,2026-08-18T22:13:17.792633+00:00,nan,nan,nan,nan,nan,nan
2273c281-5bc4-40ce-9f23-830609f5fc04,mar,0.3,saits,test,test_r012,0.3057,9.286550,5.555781,0.0,2026-08-18T22:13:37.090699+00:00,nan,nan,nan,nan,nan,nan
2273c281-5bc4-40ce-9f23-830609f5fc04,mar,0.3,saits,test,test_r013,0.2771,9.652606,5.582598,0.0,2026-08-18T22:13:55.998832+00:00,nan,nan,nan,nan,nan,nan
2273c281-5bc4-40ce-9f23-830609f5fc04,mar,0.3,saits,test,test_r014,0.3037,9.366488,5.566989,0.0,2026-08-18T22:14:15.476614+00:00,nan,nan,nan,nan,nan,nan
2273c281-5bc4-40ce-9f23-830609f5fc04,mar,0.3,saits,test,test_r015,0.3057,9.308238,5.571049,0.0,2026-08-18T22:14:34.863417+00:00,nan,nan,nan,nan,nan,nan
2273c281-5bc4-40ce-9f23-830609f5fc04,mar,0.3,saits,test,test_r016,0.3047,9.261328,5.590063,0.0,2026-08-18T22:14:54.126582+00:00,nan,nan,nan,nan,nan,nan
2273c281-5bc4-40ce-9f23-830609f5fc04,mar,0.3,saits,test,test_r017,0.2708,9.488286,5.610320,0.0,2026-08-18T22:15:13.339988+00:00,nan,nan,nan,nan,nan,nan
2273c281-5bc4-40ce-9f23-830609f5fc04,mar,0.3,saits,test,test_r018,0.2876,9.764704,5.666023,0.0,2026-08-18T22:15:32.589603+00:00,nan,nan,nan,nan,nan,nan
2273c281-5bc4-40ce-9f23-830609f5fc04,mar,0.3,saits,test,test_r019,0.3029,9.360116,5.684248,0.0,2026-08-18T22:15:52.407506+00:00,nan,nan,nan,nan,nan,nan
2273c281-5bc4-40ce-9f23-830609f5fc04,mar,0.3,saits,train,,0.0000,nan,nan,0.0,2026-08-18T19:49:46.606489+00:00,nan,nan,nan,nan,nan,nan
2273c281-5bc4-40ce-9f23-830609f5fc04,mar,0.3,saits,validate,test_r000,0.0000,10.347988,5.890919,0.0,2026-08-18T22:02:22.682819+00:00,nan,nan,nan,nan,nan,nan
2273c281-5bc4-40ce-9f23-830609f5fc04,mar,0.3,saits_lc,test,test_r000,0.3046,9.355465,5.560305,0.0,2026-08-18T22:16:12.165946+00:00,nan,nan,nan,nan,nan,nan
2273c281-5bc4-40ce-9f23-830609f5fc04,mar,0.3,saits_lc,test,test_r001,0.2961,9.668679,5.717755,0.0,2026-08-18T22:16:31.681662+00:00,nan,nan,nan,nan,nan,nan
2273c281-5bc4-40ce-9f23-830609f5fc04,mar,0.3,saits_lc,test,test_r002,0.2699,9.425341,5.599569,0.0,2026-08-18T22:16:50.873485+00:00,nan,nan,nan,nan,nan,nan
2273c281-5bc4-40ce-9f23-830609f5fc04,mar,0.3,saits_lc,test,test_r003,0.2994,9.458673,5.739905,0.0,2026-08-18T22:17:10.234956+00:00,nan,nan,nan,nan,nan,nan
2273c281-5bc4-40ce-9f23-830609f5fc04,mar,0.3,saits_lc,test,test_r004,0.2947,9.795981,5.695381,0.0,2026-08-18T22:17:29.833842+00:00,nan,nan,nan,nan,nan,nan
2273c281-5bc4-40ce-9f23-830609f5fc04,mar,0.3,saits_lc,test,test_r005,0.2999,9.590267,5.761193,0.0,2026-08-18T22:17:48.711000+00:00,nan,nan,nan,nan,nan,nan
2273c281-5bc4-40ce-9f23-830609f5fc04,mar,0.3,saits_lc,test,test_r006,0.3011,9.545132,5.733286,0.0,2026-08-18T22:18:08.368965+00:00,nan,nan,nan,nan,nan,nan
2273c281-5bc4-40ce-9f23-830609f5fc04,mar,0.3,saits_lc,test,test_r007,0.2998,9.526975,5.738399,0.0,2026-08-18T22:18:27.462820+00:00,nan,nan,nan,nan,nan,nan
2273c281-5bc4-40ce-9f23-830609f5fc04,mar,0.3,saits_lc,test,test_r008,0.2724,9.624214,5.602472,0.0,2026-08-18T22:18:47.062639+00:00,nan,nan,nan,nan,nan,nan
2273c281-5bc4-40ce-9f23-830609f5fc04,mar,0.3,saits_lc,test,test_r009,0.2713,9.533292,5.623795,0.0,2026-08-18T22:19:06.325088+00:00,nan,nan,nan,nan,nan,nan
2273c281-5bc4-40ce-9f23-830609f5fc04,mar,0.3,saits_lc,test,test_r010,0.2713,9.460720,5.597932,0.0,2026-08-18T22:19:25.690975+00:00,nan,nan,nan,nan,nan,nan
2273c281-5bc4-40ce-9f23-830609f5fc04,mar,0.3,saits_lc,test,test_r011,0.3008,9.570690,5.740765,0.0,2026-08-18T22:19:45.298625+00:00,nan,nan,nan,nan,nan,nan
2273c281-5bc4-40ce-9f23-830609f5fc04,mar,0.3,saits_lc,test,test_r012,0.3057,9.309436,5.560980,0.0,2026-08-18T22:20:04.657693+00:00,nan,nan,nan,nan,nan,nan
2273c281-5bc4-40ce-9f23-830609f5fc04,mar,0.3,saits_lc,test,test_r013,0.2771,9.635508,5.576339,0.0,2026-08-18T22:20:24.121321+00:00,nan,nan,nan,nan,nan,nan
2273c281-5bc4-40ce-9f23-830609f5fc04,mar,0.3,saits_lc,test,test_r014,0.3037,9.407190,5.576826,0.0,2026-08-18T22:20:43.772188+00:00,nan,nan,nan,nan,nan,nan
2273c281-5bc4-40ce-9f23-830609f5fc04,mar,0.3,saits_lc,test,test_r015,0.3057,9.331414,5.572610,0.0,2026-08-18T22:21:03.285129+00:00,nan,nan,nan,nan,nan,nan
2273c281-5bc4-40ce-9f23-830609f5fc04,mar,0.3,saits_lc,test,test_r016,0.3047,9.248344,5.586450,0.0,2026-08-18T22:21:22.682944+00:00,nan,nan,nan,nan,nan,nan
2273c281-5bc4-40ce-9f23-830609f5fc04,mar,0.3,saits_lc,test,test_r017,0.2708,9.490176,5.590379,0.0,2026-08-18T22:21:41.870175+00:00,nan,nan,nan,nan,nan,nan
2273c281-5bc4-40ce-9f23-830609f5fc04,mar,0.3,saits_lc,test,test_r018,0.2876,9.910770,5.752537,0.0,2026-08-18T22:22:00.887005+00:00,nan,nan,nan,nan,nan,nan
2273c281-5bc4-40ce-9f23-830609f5fc04,mar,0.3,saits_lc,test,test_r019,0.3029,9.506004,5.756871,0.0,2026-08-18T22:22:20.454056+00:00,nan,nan,nan,nan,nan,nan
2273c281-5bc4-40ce-9f23-830609f5fc04,mar,0.3,saits_lc,train,,0.0000,nan,nan,0.0,2026-08-18T20:02:02.893109+00:00,nan,nan,nan,nan,nan,nan
2273c281-5bc4-40ce-9f23-830609f5fc04,mar,0.3,saits_lc,validate,test_r000,0.0000,10.303448,5.884233,0.0,2026-08-18T22:02:41.880244+00:00,nan,nan,nan,nan,nan,nan
9445c372-e4f3-4d4f-b296-15ad00b9ceaa,mcar,0.3,brits,test,test_r000,0.3002,28.684621,18.181330,0.0,2026-08-18T16:24:14.648854+00:00,nan,nan,nan,nan,nan,nan
9445c372-e4f3-4d4f-b296-15ad00b9ceaa,mcar,0.3,brits,test,test_r001,0.3005,28.733823,18.240302,0.0,2026-08-18T16:25:19.491969+00:00,nan,nan,nan,nan,nan,nan
9445c372-e4f3-4d4f-b296-15ad00b9ceaa,mcar,0.3,brits,test,test_r002,0.3003,28.714121,18.212216,0.0,2026-08-18T16:26:23.480836+00:00,nan,nan,nan,nan,nan,nan
9445c372-e4f3-4d4f-b296-15ad00b9ceaa,mcar,0.3,brits,test,test_r003,0.3004,28.688846,18.184847,0.0,2026-08-18T16:27:30.098804+00:00,nan,nan,nan,nan,nan,nan
9445c372-e4f3-4d4f-b296-15ad00b9ceaa,mcar,0.3,brits,test,test_r004,0.2990,28.711097,18.251461,0.0,2026-08-18T16:29:03.739080+00:00,nan,nan,nan,nan,nan,nan
9445c372-e4f3-4d4f-b296-15ad00b9ceaa,mcar,0.3,brits,test,test_r005,0.3006,28.672771,18.168102,0.0,2026-08-18T16:30:08.610859+00:00,nan,nan,nan,nan,nan,nan
9445c372-e4f3-4d4f-b296-15ad00b9ceaa,mcar,0.3,brits,test,test_r006,0.3011,28.851166,18.289073,0.0,2026-08-18T16:31:13.527628+00:00,nan,nan,nan,nan,nan,nan
9445c372-e4f3-4d4f-b296-15ad00b9ceaa,mcar,0.3,brits,test,test_r007,0.3002,28.806163,18.247912,0.0,2026-08-18T16:32:18.512983+00:00,nan,nan,nan,nan,nan,nan
9445c372-e4f3-4d4f-b296-15ad00b9ceaa,mcar,0.3,brits,test,test_r008,0.2993,28.768977,18.206213,0.0,2026-08-18T16:33:39.440773+00:00,nan,nan,nan,nan,nan,nan
9445c372-e4f3-4d4f-b296-15ad00b9ceaa,mcar,0.3,brits,test,test_r009,0.3000,28.694563,18.221045,0.0,2026-08-18T16:34:51.066965+00:00,nan,nan,nan,nan,nan,nan
9445c372-e4f3-4d4f-b296-15ad00b9ceaa,mcar,0.3,brits,test,test_r010,0.3002,28.771822,18.205911,0.0,2026-08-18T16:36:28.519017+00:00,nan,nan,nan,nan,nan,nan
9445c372-e4f3-4d4f-b296-15ad00b9ceaa,mcar,0.3,brits,test,test_r011,0.3000,28.775757,18.218368,0.0,2026-08-18T16:38:39.232405+00:00,nan,nan,nan,nan,nan,nan
9445c372-e4f3-4d4f-b296-15ad00b9ceaa,mcar,0.3,brits,test,test_r012,0.3019,28.601529,18.173899,0.0,2026-08-18T16:39:46.122987+00:00,nan,nan,nan,nan,nan,nan
9445c372-e4f3-4d4f-b296-15ad00b9ceaa,mcar,0.3,brits,test,test_r013,0.2998,28.753446,18.244197,0.0,2026-08-18T16:40:56.795240+00:00,nan,nan,nan,nan,nan,nan
9445c372-e4f3-4d4f-b296-15ad00b9ceaa,mcar,0.3,brits,test,test_r014,0.2997,28.624395,18.142106,0.0,2026-08-18T16:42:43.489304+00:00,nan,nan,nan,nan,nan,nan
9445c372-e4f3-4d4f-b296-15ad00b9ceaa,mcar,0.3,brits,test,test_r015,0.3001,28.625970,18.147212,0.0,2026-08-18T16:44:03.838399+00:00,nan,nan,nan,nan,nan,nan
9445c372-e4f3-4d4f-b296-15ad00b9ceaa,mcar,0.3,brits,test,test_r016,0.2996,28.815233,18.244502,0.0,2026-08-18T16:45:23.860754+00:00,nan,nan,nan,nan,nan,nan
9445c372-e4f3-4d4f-b296-15ad00b9ceaa,mcar,0.3,brits,test,test_r017,0.3009,28.725834,18.256061,0.0,2026-08-18T16:47:18.582606+00:00,nan,nan,nan,nan,nan,nan
9445c372-e4f3-4d4f-b296-15ad00b9ceaa,mcar,0.3,brits,test,test_r018,0.3000,28.622734,18.143855,0.0,2026-08-18T16:48:30.858101+00:00,nan,nan,nan,nan,nan,nan
9445c372-e4f3-4d4f-b296-15ad00b9ceaa,mcar,0.3,brits,test,test_r019,0.2999,28.748889,18.220588,0.0,2026-08-18T16:49:40.744691+00:00,nan,nan,nan,nan,nan,nan
9445c372-e4f3-4d4f-b296-15ad00b9ceaa,mcar,0.3,brits,train,,0.0000,nan,nan,0.0,2026-08-18T16:16:43.267026+00:00,nan,nan,nan,nan,nan,nan
9445c372-e4f3-4d4f-b296-15ad00b9ceaa,mcar,0.3,brits,validate,test_r000,0.0000,30.206294,18.636609,0.0,2026-08-18T16:18:30.988819+00:00,nan,nan,nan,nan,nan,nan
9445c372-e4f3-4d4f-b296-15ad00b9ceaa,mcar,0.3,saits,test,test_r000,0.3002,8.502676,4.902104,0.0,2026-08-18T16:18:37.942438+00:00,nan,nan,nan,nan,nan,nan
9445c372-e4f3-4d4f-b296-15ad00b9ceaa,mcar,0.3,saits,test,test_r001,0.3005,8.500571,4.923378,0.0,2026-08-18T16:18:43.787776+00:00,nan,nan,nan,nan,nan,nan
9445c372-e4f3-4d4f-b296-15ad00b9ceaa,mcar,0.3,saits,test,test_r002,0.3003,8.415518,4.903050,0.0,2026-08-18T16:18:49.790606+00:00,nan,nan,nan,nan,nan,nan
9445c372-e4f3-4d4f-b296-15ad00b9ceaa,mcar,0.3,saits,test,test_r003,0.3004,8.391220,4.902935,0.0,2026-08-18T16:18:55.580435+00:00,nan,nan,nan,nan,nan,nan
9445c372-e4f3-4d4f-b296-15ad00b9ceaa,mcar,0.3,saits,test,test_r004,0.2990,8.447395,4.912104,0.0,2026-08-18T16:19:01.199671+00:00,nan,nan,nan,nan,nan,nan
9445c372-e4f3-4d4f-b296-15ad00b9ceaa,mcar,0.3,saits,test,test_r005,0.3006,8.475324,4.909115,0.0,2026-08-18T16:19:06.412863+00:00,nan,nan,nan,nan,nan,nan
9445c372-e4f3-4d4f-b296-15ad00b9ceaa,mcar,0.3,saits,test,test_r006,0.3011,8.487165,4.929667,0.0,2026-08-18T16:19:12.194311+00:00,nan,nan,nan,nan,nan,nan
9445c372-e4f3-4d4f-b296-15ad00b9ceaa,mcar,0.3,saits,test,test_r007,0.3002,8.485567,4.917824,0.0,2026-08-18T16:19:18.116342+00:00,nan,nan,nan,nan,nan,nan
9445c372-e4f3-4d4f-b296-15ad00b9ceaa,mcar,0.3,saits,test,test_r008,0.2993,8.489391,4.913964,0.0,2026-08-18T16:19:24.194920+00:00,nan,nan,nan,nan,nan,nan
9445c372-e4f3-4d4f-b296-15ad00b9ceaa,mcar,0.3,saits,test,test_r009,0.3000,8.410512,4.912026,0.0,2026-08-18T16:19:30.442972+00:00,nan,nan,nan,nan,nan,nan
9445c372-e4f3-4d4f-b296-15ad00b9ceaa,mcar,0.3,saits,test,test_r010,0.3002,8.428526,4.921577,0.0,2026-08-18T16:19:36.001113+00:00,nan,nan,nan,nan,nan,nan
9445c372-e4f3-4d4f-b296-15ad00b9ceaa,mcar,0.3,saits,test,test_r011,0.3000,8.485203,4.920834,0.0,2026-08-18T16:19:41.770597+00:00,nan,nan,nan,nan,nan,nan
9445c372-e4f3-4d4f-b296-15ad00b9ceaa,mcar,0.3,saits,test,test_r012,0.3019,8.346609,4.897924,0.0,2026-08-18T16:19:49.325573+00:00,nan,nan,nan,nan,nan,nan
9445c372-e4f3-4d4f-b296-15ad00b9ceaa,mcar,0.3,saits,test,test_r013,0.2998,8.537721,4.923687,0.0,2026-08-18T16:19:55.492425+00:00,nan,nan,nan,nan,nan,nan
9445c372-e4f3-4d4f-b296-15ad00b9ceaa,mcar,0.3,saits,test,test_r014,0.2997,8.365257,4.892652,0.0,2026-08-18T16:20:03.953991+00:00,nan,nan,nan,nan,nan,nan
9445c372-e4f3-4d4f-b296-15ad00b9ceaa,mcar,0.3,saits,test,test_r015,0.3001,8.427449,4.916407,0.0,2026-08-18T16:20:10.290555+00:00,nan,nan,nan,nan,nan,nan
9445c372-e4f3-4d4f-b296-15ad00b9ceaa,mcar,0.3,saits,test,test_r016,0.2996,8.486782,4.919843,0.0,2026-08-18T16:20:16.193570+00:00,nan,nan,nan,nan,nan,nan
9445c372-e4f3-4d4f-b296-15ad00b9ceaa,mcar,0.3,saits,test,test_r017,0.3009,8.395005,4.905083,0.0,2026-08-18T16:20:22.133737+00:00,nan,nan,nan,nan,nan,nan
9445c372-e4f3-4d4f-b296-15ad00b9ceaa,mcar,0.3,saits,test,test_r018,0.3000,8.307379,4.894584,0.0,2026-08-18T16:20:28.158606+00:00,nan,nan,nan,nan,nan,nan
9445c372-e4f3-4d4f-b296-15ad00b9ceaa,mcar,0.3,saits,test,test_r019,0.2999,8.439467,4.890701,0.0,2026-08-18T16:20:33.470782+00:00,nan,nan,nan,nan,nan,nan
9445c372-e4f3-4d4f-b296-15ad00b9ceaa,mcar,0.3,saits,train,,0.0000,nan,nan,0.0,2026-08-18T13:43:05.455685+00:00,nan,nan,nan,nan,nan,nan
9445c372-e4f3-4d4f-b296-15ad00b9ceaa,mcar,0.3,saits,validate,test_r000,0.0000,8.928862,5.114085,0.0,2026-08-18T16:16:54.782140+00:00,nan,nan,nan,nan,nan,nan
9445c372-e4f3-4d4f-b296-15ad00b9ceaa,mcar,0.3,saits_lc,test,test_r000,0.3002,8.530098,4.978262,0.0,2026-08-18T16:20:39.999984+00:00,nan,nan,nan,nan,nan,nan
9445c372-e4f3-4d4f-b296-15ad00b9ceaa,mcar,0.3,saits_lc,test,test_r001,0.3005,8.533684,4.997503,0.0,2026-08-18T16:20:46.224215+00:00,nan,nan,nan,nan,nan,nan
9445c372-e4f3-4d4f-b296-15ad00b9ceaa,mcar,0.3,saits_lc,test,test_r002,0.3003,8.452415,4.972960,0.0,2026-08-18T16:20:52.695262+00:00,nan,nan,nan,nan,nan,nan
9445c372-e4f3-4d4f-b296-15ad00b9ceaa,mcar,0.3,saits_lc,test,test_r003,0.3004,8.411346,4.976919,0.0,2026-08-18T16:20:58.378621+00:00,nan,nan,nan,nan,nan,nan
9445c372-e4f3-4d4f-b296-15ad00b9ceaa,mcar,0.3,saits_lc,test,test_r004,0.2990,8.473182,4.991455,0.0,2026-08-18T16:21:04.681174+00:00,nan,nan,nan,nan,nan,nan
9445c372-e4f3-4d4f-b296-15ad00b9ceaa,mcar,0.3,saits_lc,test,test_r005,0.3006,8.506633,4.987234,0.0,2026-08-18T16:21:11.192531+00:00,nan,nan,nan,nan,nan,nan
9445c372-e4f3-4d4f-b296-15ad00b9ceaa,mcar,0.3,saits_lc,test,test_r006,0.3011,8.500621,4.996927,0.0,2026-08-18T16:21:18.194239+00:00,nan,nan,nan,nan,nan,nan
9445c372-e4f3-4d4f-b296-15ad00b9ceaa,mcar,0.3,saits_lc,test,test_r007,0.3002,8.510227,4.993638,0.0,2026-08-18T16:21:24.479231+00:00,nan,nan,nan,nan,nan,nan
9445c372-e4f3-4d4f-b296-15ad00b9ceaa,mcar,0.3,saits_lc,test,test_r008,0.2993,8.539844,4.992369,0.0,2026-08-18T16:21:30.738511+00:00,nan,nan,nan,nan,nan,nan
9445c372-e4f3-4d4f-b296-15ad00b9ceaa,mcar,0.3,saits_lc,test,test_r009,0.3000,8.426254,4.980820,0.0,2026-08-18T16:21:37.150899+00:00,nan,nan,nan,nan,nan,nan
9445c372-e4f3-4d4f-b296-15ad00b9ceaa,mcar,0.3,saits_lc,test,test_r010,0.3002,8.442826,4.989180,0.0,2026-08-18T16:21:43.943678+00:00,nan,nan,nan,nan,nan,nan
9445c372-e4f3-4d4f-b296-15ad00b9ceaa,mcar,0.3,saits_lc,test,test_r011,0.3000,8.489915,4.981098,0.0,2026-08-18T16:21:50.406604+00:00,nan,nan,nan,nan,nan,nan
9445c372-e4f3-4d4f-b296-15ad00b9ceaa,mcar,0.3,saits_lc,test,test_r012,0.3019,8.384920,4.972621,0.0,2026-08-18T16:21:56.803135+00:00,nan,nan,nan,nan,nan,nan
9445c372-e4f3-4d4f-b296-15ad00b9ceaa,mcar,0.3,saits_lc,test,test_r013,0.2998,8.584727,5.005442,0.0,2026-08-18T16:22:03.202322+00:00,nan,nan,nan,nan,nan,nan
9445c372-e4f3-4d4f-b296-15ad00b9ceaa,mcar,0.3,saits_lc,test,test_r014,0.2997,8.384371,4.953987,0.0,2026-08-18T16:22:09.931418+00:00,nan,nan,nan,nan,nan,nan
9445c372-e4f3-4d4f-b296-15ad00b9ceaa,mcar,0.3,saits_lc,test,test_r015,0.3001,8.427040,4.971026,0.0,2026-08-18T16:22:16.189021+00:00,nan,nan,nan,nan,nan,nan
9445c372-e4f3-4d4f-b296-15ad00b9ceaa,mcar,0.3,saits_lc,test,test_r016,0.2996,8.533807,4.997315,0.0,2026-08-18T16:22:22.733614+00:00,nan,nan,nan,nan,nan,nan
9445c372-e4f3-4d4f-b296-15ad00b9ceaa,mcar,0.3,saits_lc,test,test_r017,0.3009,8.432036,4.980223,0.0,2026-08-18T16:22:28.657078+00:00,nan,nan,nan,nan,nan,nan
9445c372-e4f3-4d4f-b296-15ad00b9ceaa,mcar,0.3,saits_lc,test,test_r018,0.3000,8.346575,4.961078,0.0,2026-08-18T16:22:39.246652+00:00,nan,nan,nan,nan,nan,nan
9445c372-e4f3-4d4f-b296-15ad00b9ceaa,mcar,0.3,saits_lc,test,test_r019,0.2999,8.480041,4.973664,0.0,2026-08-18T16:22:59.129112+00:00,nan,nan,nan,nan,nan,nan
9445c372-e4f3-4d4f-b296-15ad00b9ceaa,mcar,0.3,saits_lc,train,,0.0000,nan,nan,0.0,2026-08-18T13:52:53.121193+00:00,nan,nan,nan,nan,nan,nan
9445c372-e4f3-4d4f-b296-15ad00b9ceaa,mcar,0.3,saits_lc,validate,test_r000,0.0000,9.055494,5.155118,0.0,2026-08-18T16:17:08.537993+00:00,nan,nan,nan,nan,nan,nan
fad475f2-bf35-493c-a89e-352621b79c8f,mnar,0.3,brits,test,test_r000,0.0559,46.580942,30.466733,0.0,2026-08-19T10:44:26.767378+00:00,nan,nan,nan,nan,nan,nan
fad475f2-bf35-493c-a89e-352621b79c8f,mnar,0.3,brits,test,test_r001,0.0560,46.930258,30.767227,0.0,2026-08-19T10:45:50.114632+00:00,nan,nan,nan,nan,nan,nan
fad475f2-bf35-493c-a89e-352621b79c8f,mnar,0.3,brits,test,test_r002,0.0561,46.789399,30.646443,0.0,2026-08-19T10:48:03.002334+00:00,nan,nan,nan,nan,nan,nan
fad475f2-bf35-493c-a89e-352621b79c8f,mnar,0.3,brits,test,test_r003,0.0562,47.196183,31.093417,0.0,2026-08-19T10:51:05.119004+00:00,nan,nan,nan,nan,nan,nan
fad475f2-bf35-493c-a89e-352621b79c8f,mnar,0.3,brits,test,test_r004,0.0566,46.449783,30.417025,0.0,2026-08-19T10:52:25.396001+00:00,nan,nan,nan,nan,nan,nan
fad475f2-bf35-493c-a89e-352621b79c8f,mnar,0.3,brits,test,test_r005,0.0560,46.730249,30.688218,0.0,2026-08-19T10:53:45.294686+00:00,nan,nan,nan,nan,nan,nan
fad475f2-bf35-493c-a89e-352621b79c8f,mnar,0.3,brits,test,test_r006,0.0565,47.153409,30.897979,0.0,2026-08-19T10:55:02.609766+00:00,nan,nan,nan,nan,nan,nan
fad475f2-bf35-493c-a89e-352621b79c8f,mnar,0.3,brits,test,test_r007,0.0564,46.751516,30.647730,0.0,2026-08-19T10:56:25.864638+00:00,nan,nan,nan,nan,nan,nan
fad475f2-bf35-493c-a89e-352621b79c8f,mnar,0.3,brits,test,test_r008,0.0564,46.863430,30.743387,0.0,2026-08-19T10:57:46.630170+00:00,nan,nan,nan,nan,nan,nan
fad475f2-bf35-493c-a89e-352621b79c8f,mnar,0.3,brits,test,test_r009,0.0559,46.874191,30.614176,0.0,2026-08-19T10:59:05.317481+00:00,nan,nan,nan,nan,nan,nan
fad475f2-bf35-493c-a89e-352621b79c8f,mnar,0.3,brits,test,test_r010,0.0563,46.602758,30.507992,0.0,2026-08-19T11:00:22.072109+00:00,nan,nan,nan,nan,nan,nan
fad475f2-bf35-493c-a89e-352621b79c8f,mnar,0.3,brits,test,test_r011,0.0560,47.299783,31.064554,0.0,2026-08-19T11:01:41.569552+00:00,nan,nan,nan,nan,nan,nan
fad475f2-bf35-493c-a89e-352621b79c8f,mnar,0.3,brits,test,test_r012,0.0562,46.839055,30.831166,0.0,2026-08-19T11:03:59.723208+00:00,nan,nan,nan,nan,nan,nan
fad475f2-bf35-493c-a89e-352621b79c8f,mnar,0.3,brits,test,test_r013,0.0560,47.049567,30.719654,0.0,2026-08-19T11:05:25.359888+00:00,nan,nan,nan,nan,nan,nan
fad475f2-bf35-493c-a89e-352621b79c8f,mnar,0.3,brits,test,test_r014,0.0563,46.772769,30.640077,0.0,2026-08-19T11:06:47.017147+00:00,nan,nan,nan,nan,nan,nan
fad475f2-bf35-493c-a89e-352621b79c8f,mnar,0.3,brits,test,test_r015,0.0564,47.051232,31.038529,0.0,2026-08-19T11:08:16.834401+00:00,nan,nan,nan,nan,nan,nan
fad475f2-bf35-493c-a89e-352621b79c8f,mnar,0.3,brits,test,test_r016,0.0564,47.408567,30.926668,0.0,2026-08-19T11:09:38.097419+00:00,nan,nan,nan,nan,nan,nan
fad475f2-bf35-493c-a89e-352621b79c8f,mnar,0.3,brits,test,test_r017,0.0557,46.427695,30.365400,0.0,2026-08-19T11:10:56.834622+00:00,nan,nan,nan,nan,nan,nan
fad475f2-bf35-493c-a89e-352621b79c8f,mnar,0.3,brits,test,test_r018,0.0562,47.084159,30.898449,0.0,2026-08-19T11:12:14.463790+00:00,nan,nan,nan,nan,nan,nan
fad475f2-bf35-493c-a89e-352621b79c8f,mnar,0.3,brits,test,test_r019,0.0564,46.660246,30.557306,0.0,2026-08-19T11:13:30.473220+00:00,nan,nan,nan,nan,nan,nan
fad475f2-bf35-493c-a89e-352621b79c8f,mnar,0.3,brits,train,,0.0000,nan,nan,0.0,2026-08-19T10:36:19.764110+00:00,nan,nan,nan,nan,nan,nan
fad475f2-bf35-493c-a89e-352621b79c8f,mnar,0.3,brits,validate,test_r000,0.0000,50.472693,31.115772,0.0,2026-08-19T10:38:06.299440+00:00,nan,nan,nan,nan,nan,nan
fad475f2-bf35-493c-a89e-352621b79c8f,mnar,0.3,saits,test,test_r000,0.0559,11.417895,6.903335,0.0,2026-08-19T10:38:14.520019+00:00,nan,nan,nan,nan,nan,nan
fad475f2-bf35-493c-a89e-352621b79c8f,mnar,0.3,saits,test,test_r001,0.0560,11.974685,7.049780,0.0,2026-08-19T10:38:21.895876+00:00,nan,nan,nan,nan,nan,nan
fad475f2-bf35-493c-a89e-352621b79c8f,mnar,0.3,saits,test,test_r002,0.0561,11.722473,6.935171,0.0,2026-08-19T10:38:29.499437+00:00,nan,nan,nan,nan,nan,nan
fad475f2-bf35-493c-a89e-352621b79c8f,mnar,0.3,saits,test,test_r003,0.0562,11.927247,7.008880,0.0,2026-08-19T10:38:36.288040+00:00,nan,nan,nan,nan,nan,nan
fad475f2-bf35-493c-a89e-352621b79c8f,mnar,0.3,saits,test,test_r004,0.0566,11.790979,6.905990,0.0,2026-08-19T10:38:43.834263+00:00,nan,nan,nan,nan,nan,nan
fad475f2-bf35-493c-a89e-352621b79c8f,mnar,0.3,saits,test,test_r005,0.0560,11.746615,7.009237,0.0,2026-08-19T10:38:51.403284+00:00,nan,nan,nan,nan,nan,nan
fad475f2-bf35-493c-a89e-352621b79c8f,mnar,0.3,saits,test,test_r006,0.0565,12.062652,6.988186,0.0,2026-08-19T10:38:58.676881+00:00,nan,nan,nan,nan,nan,nan
fad475f2-bf35-493c-a89e-352621b79c8f,mnar,0.3,saits,test,test_r007,0.0564,11.836496,6.965274,0.0,2026-08-19T10:39:05.934233+00:00,nan,nan,nan,nan,nan,nan
fad475f2-bf35-493c-a89e-352621b79c8f,mnar,0.3,saits,test,test_r008,0.0564,12.013369,6.926651,0.0,2026-08-19T10:39:13.220511+00:00,nan,nan,nan,nan,nan,nan
fad475f2-bf35-493c-a89e-352621b79c8f,mnar,0.3,saits,test,test_r009,0.0559,12.017655,6.987421,0.0,2026-08-19T10:39:20.377653+00:00,nan,nan,nan,nan,nan,nan
fad475f2-bf35-493c-a89e-352621b79c8f,mnar,0.3,saits,test,test_r010,0.0563,11.841087,6.933980,0.0,2026-08-19T10:39:27.245632+00:00,nan,nan,nan,nan,nan,nan
fad475f2-bf35-493c-a89e-352621b79c8f,mnar,0.3,saits,test,test_r011,0.0560,12.207013,7.009990,0.0,2026-08-19T10:39:34.810046+00:00,nan,nan,nan,nan,nan,nan
fad475f2-bf35-493c-a89e-352621b79c8f,mnar,0.3,saits,test,test_r012,0.0562,11.671646,6.906680,0.0,2026-08-19T10:39:42.882134+00:00,nan,nan,nan,nan,nan,nan
fad475f2-bf35-493c-a89e-352621b79c8f,mnar,0.3,saits,test,test_r013,0.0560,12.112123,6.981043,0.0,2026-08-19T10:39:50.290546+00:00,nan,nan,nan,nan,nan,nan
fad475f2-bf35-493c-a89e-352621b79c8f,mnar,0.3,saits,test,test_r014,0.0563,11.761534,6.966658,0.0,2026-08-19T10:39:57.914180+00:00,nan,nan,nan,nan,nan,nan
fad475f2-bf35-493c-a89e-352621b79c8f,mnar,0.3,saits,test,test_r015,0.0564,11.651212,6.976381,0.0,2026-08-19T10:40:05.252011+00:00,nan,nan,nan,nan,nan,nan
fad475f2-bf35-493c-a89e-352621b79c8f,mnar,0.3,saits,test,test_r016,0.0564,11.892193,6.986962,0.0,2026-08-19T10:40:12.634803+00:00,nan,nan,nan,nan,nan,nan
fad475f2-bf35-493c-a89e-352621b79c8f,mnar,0.3,saits,test,test_r017,0.0557,11.783747,6.922498,0.0,2026-08-19T10:40:19.785910+00:00,nan,nan,nan,nan,nan,nan
fad475f2-bf35-493c-a89e-352621b79c8f,mnar,0.3,saits,test,test_r018,0.0562,11.875485,7.034024,0.0,2026-08-19T10:40:26.897780+00:00,nan,nan,nan,nan,nan,nan
fad475f2-bf35-493c-a89e-352621b79c8f,mnar,0.3,saits,test,test_r019,0.0564,11.668612,6.898993,0.0,2026-08-19T10:40:33.889287+00:00,nan,nan,nan,nan,nan,nan
fad475f2-bf35-493c-a89e-352621b79c8f,mnar,0.3,saits,train,,0.0000,nan,nan,0.0,2026-08-19T07:44:39.645025+00:00,nan,nan,nan,nan,nan,nan
fad475f2-bf35-493c-a89e-352621b79c8f,mnar,0.3,saits,validate,test_r000,0.0000,13.253371,7.359330,0.0,2026-08-19T10:36:27.566747+00:00,nan,nan,nan,nan,nan,nan
fad475f2-bf35-493c-a89e-352621b79c8f,mnar,0.3,saits_lc,test,test_r000,0.0559,11.668969,6.964489,0.0,2026-08-19T10:40:41.371421+00:00,nan,nan,nan,nan,nan,nan
fad475f2-bf35-493c-a89e-352621b79c8f,mnar,0.3,saits_lc,test,test_r001,0.0560,12.233746,7.125765,0.0,2026-08-19T10:40:48.983495+00:00,nan,nan,nan,nan,nan,nan
fad475f2-bf35-493c-a89e-352621b79c8f,mnar,0.3,saits_lc,test,test_r002,0.0561,11.935211,6.988363,0.0,2026-08-19T10:40:56.473539+00:00,nan,nan,nan,nan,nan,nan
fad475f2-bf35-493c-a89e-352621b79c8f,mnar,0.3,saits_lc,test,test_r003,0.0562,12.157368,7.054912,0.0,2026-08-19T10:41:03.473454+00:00,nan,nan,nan,nan,nan,nan
fad475f2-bf35-493c-a89e-352621b79c8f,mnar,0.3,saits_lc,test,test_r004,0.0566,12.025493,6.953707,0.0,2026-08-19T10:41:10.593141+00:00,nan,nan,nan,nan,nan,nan
fad475f2-bf35-493c-a89e-352621b79c8f,mnar,0.3,saits_lc,test,test_r005,0.0560,11.934147,7.070339,0.0,2026-08-19T10:41:17.779574+00:00,nan,nan,nan,nan,nan,nan
fad475f2-bf35-493c-a89e-352621b79c8f,mnar,0.3,saits_lc,test,test_r006,0.0565,12.330481,7.041879,0.0,2026-08-19T10:41:25.083560+00:00,nan,nan,nan,nan,nan,nan
fad475f2-bf35-493c-a89e-352621b79c8f,mnar,0.3,saits_lc,test,test_r007,0.0564,12.095097,7.034341,0.0,2026-08-19T10:41:32.474872+00:00,nan,nan,nan,nan,nan,nan
fad475f2-bf35-493c-a89e-352621b79c8f,mnar,0.3,saits_lc,test,test_r008,0.0564,12.264415,6.993877,0.0,2026-08-19T10:41:40.099392+00:00,nan,nan,nan,nan,nan,nan
fad475f2-bf35-493c-a89e-352621b79c8f,mnar,0.3,saits_lc,test,test_r009,0.0559,12.266224,7.045708,0.0,2026-08-19T10:41:47.672351+00:00,nan,nan,nan,nan,nan,nan
fad475f2-bf35-493c-a89e-352621b79c8f,mnar,0.3,saits_lc,test,test_r010,0.0563,12.150041,7.025727,0.0,2026-08-19T10:41:54.887480+00:00,nan,nan,nan,nan,nan,nan
fad475f2-bf35-493c-a89e-352621b79c8f,mnar,0.3,saits_lc,test,test_r011,0.0560,12.460972,7.063201,0.0,2026-08-19T10:42:02.259563+00:00,nan,nan,nan,nan,nan,nan
fad475f2-bf35-493c-a89e-352621b79c8f,mnar,0.3,saits_lc,test,test_r012,0.0562,11.823099,6.936818,0.0,2026-08-19T10:42:09.926663+00:00,nan,nan,nan,nan,nan,nan
fad475f2-bf35-493c-a89e-352621b79c8f,mnar,0.3,saits_lc,test,test_r013,0.0560,12.325991,7.015454,0.0,2026-08-19T10:42:16.805921+00:00,nan,nan,nan,nan,nan,nan
fad475f2-bf35-493c-a89e-352621b79c8f,mnar,0.3,saits_lc,test,test_r014,0.0563,12.014081,7.036313,0.0,2026-08-19T10:42:24.223726+00:00,nan,nan,nan,nan,nan,nan
fad475f2-bf35-493c-a89e-352621b79c8f,mnar,0.3,saits_lc,test,test_r015,0.0564,11.920442,7.031844,0.0,2026-08-19T10:42:31.890639+00:00,nan,nan,nan,nan,nan,nan
fad475f2-bf35-493c-a89e-352621b79c8f,mnar,0.3,saits_lc,test,test_r016,0.0564,12.166762,7.046202,0.0,2026-08-19T10:42:38.968919+00:00,nan,nan,nan,nan,nan,nan
fad475f2-bf35-493c-a89e-352621b79c8f,mnar,0.3,saits_lc,test,test_r017,0.0557,11.992334,6.956405,0.0,2026-08-19T10:42:46.444124+00:00,nan,nan,nan,nan,nan,nan
fad475f2-bf35-493c-a89e-352621b79c8f,mnar,0.3,saits_lc,test,test_r018,0.0562,12.094061,7.054090,0.0,2026-08-19T10:42:53.537504+00:00,nan,nan,nan,nan,nan,nan
fad475f2-bf35-493c-a89e-352621b79c8f,mnar,0.3,saits_lc,test,test_r019,0.0564,11.853427,6.927663,0.0,2026-08-19T10:43:01.107364+00:00,nan,nan,nan,nan,nan,nan
fad475f2-bf35-493c-a89e-352621b79c8f,mnar,0.3,saits_lc,train,,0.0000,nan,nan,0.0,2026-08-19T07:56:32.501792+00:00,nan,nan,nan,nan,nan,nan
fad475f2-bf35-493c-a89e-352621b79c8f,mnar,0.3,saits_lc,validate,test_r000,0.0000,13.406892,7.531942,0.0,2026-08-19T10:36:34.823498+00:00,nan,nan,nan,nan,nan,nan
253106cb-b218-424e-aaeb-fd6a0efd1b7f,mar,0.5,brits,test,test_r000,0.5072,29.075658,17.855440,0.0,2026-08-24T02:02:02.169093+00:00,nan,nan,nan,nan,nan,nan
253106cb-b218-424e-aaeb-fd6a0efd1b7f,mar,0.5,brits,test,test_r001,0.4930,30.323826,18.250089,0.0,2026-08-24T02:02:41.828462+00:00,nan,nan,nan,nan,nan,nan
253106cb-b218-424e-aaeb-fd6a0efd1b7f,mar,0.5,brits,test,test_r002,0.4528,29.481077,18.071311,0.0,2026-08-24T02:03:23.198726+00:00,nan,nan,nan,nan,nan,nan
253106cb-b218-424e-aaeb-fd6a0efd1b7f,mar,0.5,brits,test,test_r003,0.5030,27.297990,16.672138,0.0,2026-08-24T02:04:02.800373+00:00,nan,nan,nan,nan,nan,nan
253106cb-b218-424e-aaeb-fd6a0efd1b7f,mar,0.5,brits,test,test_r004,0.4945,30.420278,18.307877,0.0,2026-08-24T02:04:49.786188+00:00,nan,nan,nan,nan,nan,nan
253106cb-b218-424e-aaeb-fd6a0efd1b7f,mar,0.5,brits,test,test_r005,0.5010,27.368038,16.674561,0.0,2026-08-24T02:05:27.831376+00:00,nan,nan,nan,nan,nan,nan
253106cb-b218-424e-aaeb-fd6a0efd1b7f,mar,0.5,brits,test,test_r006,0.5027,27.332921,16.671916,0.0,2026-08-24T02:06:05.935687+00:00,nan,nan,nan,nan,nan,nan
253106cb-b218-424e-aaeb-fd6a0efd1b7f,mar,0.5,brits,test,test_r007,0.5025,27.390884,16.694830,0.0,2026-08-24T02:06:47.142826+00:00,nan,nan,nan,nan,nan,nan
253106cb-b218-424e-aaeb-fd6a0efd1b7f,mar,0.5,brits,test,test_r008,0.4545,29.582758,18.107946,0.0,2026-08-24T02:07:27.815767+00:00,nan,nan,nan,nan,nan,nan
253106cb-b218-424e-aaeb-fd6a0efd1b7f,mar,0.5,brits,test,test_r009,0.4517,29.511687,18.097339,0.0,2026-08-24T02:08:07.545115+00:00,nan,nan,nan,nan,nan,nan
253106cb-b218-424e-aaeb-fd6a0efd1b7f,mar,0.5,brits,test,test_r010,0.4504,29.495969,18.072200,0.0,2026-08-24T02:08:50.859768+00:00,nan,nan,nan,nan,nan,nan
253106cb-b218-424e-aaeb-fd6a0efd1b7f,mar,0.5,brits,test,test_r011,0.5020,27.368891,16.697880,0.0,2026-08-24T02:09:29.041118+00:00,nan,nan,nan,nan,nan,nan
253106cb-b218-424e-aaeb-fd6a0efd1b7f,mar,0.5,brits,test,test_r012,0.5070,29.090783,17.855931,0.0,2026-08-24T02:10:07.507710+00:00,nan,nan,nan,nan,nan,nan
253106cb-b218-424e-aaeb-fd6a0efd1b7f,mar,0.5,brits,test,test_r013,0.4595,30.028142,18.397197,0.0,2026-08-24T02:10:46.893066+00:00,nan,nan,nan,nan,nan,nan
253106cb-b218-424e-aaeb-fd6a0efd1b7f,mar,0.5,brits,test,test_r014,0.5061,29.192340,17.892821,0.0,2026-08-24T02:11:26.322389+00:00,nan,nan,nan,nan,nan,nan
253106cb-b218-424e-aaeb-fd6a0efd1b7f,mar,0.5,brits,test,test_r015,0.5078,29.101075,17.853717,0.0,2026-08-24T02:12:06.281743+00:00,nan,nan,nan,nan,nan,nan
253106cb-b218-424e-aaeb-fd6a0efd1b7f,mar,0.5,brits,test,test_r016,0.5071,29.109909,17.885989,0.0,2026-08-24T02:12:51.112195+00:00,nan,nan,nan,nan,nan,nan
253106cb-b218-424e-aaeb-fd6a0efd1b7f,mar,0.5,brits,test,test_r017,0.4528,29.528557,18.079459,0.0,2026-08-24T02:13:29.398808+00:00,nan,nan,nan,nan,nan,nan
253106cb-b218-424e-aaeb-fd6a0efd1b7f,mar,0.5,brits,test,test_r018,0.4818,30.783834,18.563088,0.0,2026-08-24T02:14:08.059762+00:00,nan,nan,nan,nan,nan,nan
253106cb-b218-424e-aaeb-fd6a0efd1b7f,mar,0.5,brits,test,test_r019,0.5039,27.337440,16.675168,0.0,2026-08-24T02:14:46.359983+00:00,nan,nan,nan,nan,nan,nan
253106cb-b218-424e-aaeb-fd6a0efd1b7f,mar,0.5,brits,train,,0.0000,nan,nan,0.0,2026-08-24T01:58:08.693325+00:00,nan,nan,nan,nan,nan,nan
253106cb-b218-424e-aaeb-fd6a0efd1b7f,mar,0.5,brits,validate,test_r000,0.0000,30.844027,18.415819,0.0,2026-08-24T01:58:55.607879+00:00,nan,nan,nan,nan,nan,nan
253106cb-b218-424e-aaeb-fd6a0efd1b7f,mar,0.5,saits,test,test_r000,0.5072,10.548869,6.337850,0.0,2026-08-24T01:58:59.258963+00:00,nan,nan,nan,nan,nan,nan
253106cb-b218-424e-aaeb-fd6a0efd1b7f,mar,0.5,saits,test,test_r001,0.4930,10.808171,6.243365,0.0,2026-08-24T01:59:02.709880+00:00,nan,nan,nan,nan,nan,nan
253106cb-b218-424e-aaeb-fd6a0efd1b7f,mar,0.5,saits,test,test_r002,0.4528,10.740333,6.314508,0.0,2026-08-24T01:59:06.337113+00:00,nan,nan,nan,nan,nan,nan
253106cb-b218-424e-aaeb-fd6a0efd1b7f,mar,0.5,saits,test,test_r003,0.5030,11.638425,7.060310,0.0,2026-08-24T01:59:09.869449+00:00,nan,nan,nan,nan,nan,nan
253106cb-b218-424e-aaeb-fd6a0efd1b7f,mar,0.5,saits,test,test_r004,0.4945,10.904184,6.293143,0.0,2026-08-24T01:59:13.476535+00:00,nan,nan,nan,nan,nan,nan
253106cb-b218-424e-aaeb-fd6a0efd1b7f,mar,0.5,saits,test,test_r005,0.5010,11.633981,7.028618,0.0,2026-08-24T01:59:17.495197+00:00,nan,nan,nan,nan,nan,nan
253106cb-b218-424e-aaeb-fd6a0efd1b7f,mar,0.5,saits,test,test_r006,0.5027,11.552653,6.983646,0.0,2026-08-24T01:59:21.776616+00:00,nan,nan,nan,nan,nan,nan
253106cb-b218-424e-aaeb-fd6a0efd1b7f,mar,0.5,saits,test,test_r007,0.5025,11.614468,7.022325,0.0,2026-08-24T01:59:25.583626+00:00,nan,nan,nan,nan,nan,nan
253106cb-b218-424e-aaeb-fd6a0efd1b7f,mar,0.5,saits,test,test_r008,0.4545,10.778337,6.326839,0.0,2026-08-24T01:59:29.202535+00:00,nan,nan,nan,nan,nan,nan
253106cb-b218-424e-aaeb-fd6a0efd1b7f,mar,0.5,saits,test,test_r009,0.4517,10.753678,6.323802,0.0,2026-08-24T01:59:33.485903+00:00,nan,nan,nan,nan,nan,nan
253106cb-b218-424e-aaeb-fd6a0efd1b7f,mar,0.5,saits,test,test_r010,0.4504,10.742510,6.324257,0.0,2026-08-24T01:59:37.282649+00:00,nan,nan,nan,nan,nan,nan
253106cb-b218-424e-aaeb-fd6a0efd1b7f,mar,0.5,saits,test,test_r011,0.5020,11.530517,6.978463,0.0,2026-08-24T01:59:40.928493+00:00,nan,nan,nan,nan,nan,nan
253106cb-b218-424e-aaeb-fd6a0efd1b7f,mar,0.5,saits,test,test_r012,0.5070,10.579696,6.338810,0.0,2026-08-24T01:59:44.507834+00:00,nan,nan,nan,nan,nan,nan
253106cb-b218-424e-aaeb-fd6a0efd1b7f,mar,0.5,saits,test,test_r013,0.4595,11.159941,6.401090,0.0,2026-08-24T01:59:48.085849+00:00,nan,nan,nan,nan,nan,nan
253106cb-b218-424e-aaeb-fd6a0efd1b7f,mar,0.5,saits,test,test_r014,0.5061,10.626628,6.366640,0.0,2026-08-24T01:59:51.597141+00:00,nan,nan,nan,nan,nan,nan
253106cb-b218-424e-aaeb-fd6a0efd1b7f,mar,0.5,saits,test,test_r015,0.5078,10.574320,6.357935,0.0,2026-08-24T01:59:55.178603+00:00,nan,nan,nan,nan,nan,nan
253106cb-b218-424e-aaeb-fd6a0efd1b7f,mar,0.5,saits,test,test_r016,0.5071,10.504199,6.330875,0.0,2026-08-24T01:59:58.761534+00:00,nan,nan,nan,nan,nan,nan
253106cb-b218-424e-aaeb-fd6a0efd1b7f,mar,0.5,saits,test,test_r017,0.4528,10.764912,6.322684,0.0,2026-08-24T02:00:02.252807+00:00,nan,nan,nan,nan,nan,nan
253106cb-b218-424e-aaeb-fd6a0efd1b7f,mar,0.5,saits,test,test_r018,0.4818,11.122877,6.320685,0.0,2026-08-24T02:00:05.728443+00:00,nan,nan,nan,nan,nan,nan
253106cb-b218-424e-aaeb-fd6a0efd1b7f,mar,0.5,saits,test,test_r019,0.5039,11.652200,7.054693,0.0,2026-08-24T02:00:09.305819+00:00,nan,nan,nan,nan,nan,nan
253106cb-b218-424e-aaeb-fd6a0efd1b7f,mar,0.5,saits,train,,0.0000,nan,nan,0.0,2026-08-24T00:58:53.015940+00:00,nan,nan,nan,nan,nan,nan
253106cb-b218-424e-aaeb-fd6a0efd1b7f,mar,0.5,saits,validate,test_r000,0.0000,12.045232,6.796296,0.0,2026-08-24T01:58:12.913923+00:00,nan,nan,nan,nan,nan,nan
253106cb-b218-424e-aaeb-fd6a0efd1b7f,mar,0.5,saits_lc,test,test_r000,0.5072,10.597857,6.421002,0.0,2026-08-24T02:00:13.375326+00:00,nan,nan,nan,nan,nan,nan
253106cb-b218-424e-aaeb-fd6a0efd1b7f,mar,0.5,saits_lc,test,test_r001,0.4930,10.869232,6.295922,0.0,2026-08-24T02:00:17.782533+00:00,nan,nan,nan,nan,nan,nan
253106cb-b218-424e-aaeb-fd6a0efd1b7f,mar,0.5,saits_lc,test,test_r002,0.4528,10.747716,6.304552,0.0,2026-08-24T02:00:21.811509+00:00,nan,nan,nan,nan,nan,nan
253106cb-b218-424e-aaeb-fd6a0efd1b7f,mar,0.5,saits_lc,test,test_r003,0.5030,11.673838,7.138553,0.0,2026-08-24T02:00:25.802501+00:00,nan,nan,nan,nan,nan,nan
253106cb-b218-424e-aaeb-fd6a0efd1b7f,mar,0.5,saits_lc,test,test_r004,0.4945,10.929175,6.321572,0.0,2026-08-24T02:00:30.251859+00:00,nan,nan,nan,nan,nan,nan
253106cb-b218-424e-aaeb-fd6a0efd1b7f,mar,0.5,saits_lc,test,test_r005,0.5010,11.695393,7.122078,0.0,2026-08-24T02:00:34.452505+00:00,nan,nan,nan,nan,nan,nan
253106cb-b218-424e-aaeb-fd6a0efd1b7f,mar,0.5,saits_lc,test,test_r006,0.5027,11.646340,7.100337,0.0,2026-08-24T02:00:38.300822+00:00,nan,nan,nan,nan,nan,nan
253106cb-b218-424e-aaeb-fd6a0efd1b7f,mar,0.5,saits_lc,test,test_r007,0.5025,11.688861,7.120507,0.0,2026-08-24T02:00:41.847137+00:00,nan,nan,nan,nan,nan,nan
253106cb-b218-424e-aaeb-fd6a0efd1b7f,mar,0.5,saits_lc,test,test_r008,0.4545,10.816546,6.329597,0.0,2026-08-24T02:00:45.315370+00:00,nan,nan,nan,nan,nan,nan
253106cb-b218-424e-aaeb-fd6a0efd1b7f,mar,0.5,saits_lc,test,test_r009,0.4517,10.768081,6.321984,0.0,2026-08-24T02:00:48.772484+00:00,nan,nan,nan,nan,nan,nan
253106cb-b218-424e-aaeb-fd6a0efd1b7f,mar,0.5,saits_lc,test,test_r010,0.4504,10.766720,6.323993,0.0,2026-08-24T02:00:52.236826+00:00,nan,nan,nan,nan,nan,nan
253106cb-b218-424e-aaeb-fd6a0efd1b7f,mar,0.5,saits_lc,test,test_r011,0.5020,11.625985,7.094783,0.0,2026-08-24T02:00:55.689077+00:00,nan,nan,nan,nan,nan,nan
253106cb-b218-424e-aaeb-fd6a0efd1b7f,mar,0.5,saits_lc,test,test_r012,0.5070,10.605562,6.406091,0.0,2026-08-24T02:00:59.332649+00:00,nan,nan,nan,nan,nan,nan
253106cb-b218-424e-aaeb-fd6a0efd1b7f,mar,0.5,saits_lc,test,test_r013,0.4595,11.057124,6.319485,0.0,2026-08-24T02:01:02.834366+00:00,nan,nan,nan,nan,nan,nan
253106cb-b218-424e-aaeb-fd6a0efd1b7f,mar,0.5,saits_lc,test,test_r014,0.5061,10.663859,6.435312,0.0,2026-08-24T02:01:06.298509+00:00,nan,nan,nan,nan,nan,nan
253106cb-b218-424e-aaeb-fd6a0efd1b7f,mar,0.5,saits_lc,test,test_r015,0.5078,10.633921,6.433903,0.0,2026-08-24T02:01:09.815418+00:00,nan,nan,nan,nan,nan,nan
253106cb-b218-424e-aaeb-fd6a0efd1b7f,mar,0.5,saits_lc,test,test_r016,0.5071,10.550438,6.405322,0.0,2026-08-24T02:01:13.353782+00:00,nan,nan,nan,nan,nan,nan
253106cb-b218-424e-aaeb-fd6a0efd1b7f,mar,0.5,saits_lc,test,test_r017,0.4528,10.788088,6.326056,0.0,2026-08-24T02:01:16.870700+00:00,nan,nan,nan,nan,nan,nan
253106cb-b218-424e-aaeb-fd6a0efd1b7f,mar,0.5,saits_lc,test,test_r018,0.4818,11.316212,6.428540,0.0,2026-08-24T02:01:20.437106+00:00,nan,nan,nan,nan,nan,nan
253106cb-b218-424e-aaeb-fd6a0efd1b7f,mar,0.5,saits_lc,test,test_r019,0.5039,11.697806,7.146927,0.0,2026-08-24T02:01:24.062427+00:00,nan,nan,nan,nan,nan,nan
253106cb-b218-424e-aaeb-fd6a0efd1b7f,mar,0.5,saits_lc,train,,0.0000,nan,nan,0.0,2026-08-24T01:03:03.175494+00:00,nan,nan,nan,nan,nan,nan
253106cb-b218-424e-aaeb-fd6a0efd1b7f,mar,0.5,saits_lc,validate,test_r000,0.0000,12.219687,6.843541,0.0,2026-08-24T01:58:16.841204+00:00,nan,nan,nan,nan,nan,nan
dd651147-05a8-4161-877e-ebc3f92bfbb9,mcar,0.5,brits,test,test_r000,0.5002,28.688165,18.191028,0.0,2026-08-24T00:42:01.856055+00:00,nan,nan,nan,nan,nan,nan
dd651147-05a8-4161-877e-ebc3f92bfbb9,mcar,0.5,brits,test,test_r001,0.5009,28.736782,18.243940,0.0,2026-08-24T00:42:40.474875+00:00,nan,nan,nan,nan,nan,nan
dd651147-05a8-4161-877e-ebc3f92bfbb9,mcar,0.5,brits,test,test_r002,0.5004,28.736970,18.219264,0.0,2026-08-24T00:43:19.532878+00:00,nan,nan,nan,nan,nan,nan
dd651147-05a8-4161-877e-ebc3f92bfbb9,mcar,0.5,brits,test,test_r003,0.5001,28.711768,18.187644,0.0,2026-08-24T00:44:00.743918+00:00,nan,nan,nan,nan,nan,nan
dd651147-05a8-4161-877e-ebc3f92bfbb9,mcar,0.5,brits,test,test_r004,0.4990,28.691267,18.196612,0.0,2026-08-24T00:44:44.676510+00:00,nan,nan,nan,nan,nan,nan
dd651147-05a8-4161-877e-ebc3f92bfbb9,mcar,0.5,brits,test,test_r005,0.5003,28.775749,18.205548,0.0,2026-08-24T00:45:23.051109+00:00,nan,nan,nan,nan,nan,nan
dd651147-05a8-4161-877e-ebc3f92bfbb9,mcar,0.5,brits,test,test_r006,0.5008,28.838405,18.286081,0.0,2026-08-24T00:46:01.712867+00:00,nan,nan,nan,nan,nan,nan
dd651147-05a8-4161-877e-ebc3f92bfbb9,mcar,0.5,brits,test,test_r007,0.4997,28.807672,18.244036,0.0,2026-08-24T00:46:41.053165+00:00,nan,nan,nan,nan,nan,nan
dd651147-05a8-4161-877e-ebc3f92bfbb9,mcar,0.5,brits,test,test_r008,0.4995,28.737559,18.206349,0.0,2026-08-24T00:47:22.391417+00:00,nan,nan,nan,nan,nan,nan
dd651147-05a8-4161-877e-ebc3f92bfbb9,mcar,0.5,brits,test,test_r009,0.5005,28.775756,18.239316,0.0,2026-08-24T00:48:04.547668+00:00,nan,nan,nan,nan,nan,nan
dd651147-05a8-4161-877e-ebc3f92bfbb9,mcar,0.5,brits,test,test_r010,0.5004,28.691033,18.191717,0.0,2026-08-24T00:48:47.734691+00:00,nan,nan,nan,nan,nan,nan
dd651147-05a8-4161-877e-ebc3f92bfbb9,mcar,0.5,brits,test,test_r011,0.4997,28.764927,18.217271,0.0,2026-08-24T00:49:25.965176+00:00,nan,nan,nan,nan,nan,nan
dd651147-05a8-4161-877e-ebc3f92bfbb9,mcar,0.5,brits,test,test_r012,0.5014,28.677449,18.204466,0.0,2026-08-24T00:50:03.696979+00:00,nan,nan,nan,nan,nan,nan
dd651147-05a8-4161-877e-ebc3f92bfbb9,mcar,0.5,brits,test,test_r013,0.5001,28.675968,18.187712,0.0,2026-08-24T00:50:42.012343+00:00,nan,nan,nan,nan,nan,nan
dd651147-05a8-4161-877e-ebc3f92bfbb9,mcar,0.5,brits,test,test_r014,0.4990,28.589096,18.150229,0.0,2026-08-24T00:51:20.343894+00:00,nan,nan,nan,nan,nan,nan
dd651147-05a8-4161-877e-ebc3f92bfbb9,mcar,0.5,brits,test,test_r015,0.5005,28.614483,18.158746,0.0,2026-08-24T00:52:01.993880+00:00,nan,nan,nan,nan,nan,nan
dd651147-05a8-4161-877e-ebc3f92bfbb9,mcar,0.5,brits,test,test_r016,0.5002,28.810962,18.244155,0.0,2026-08-24T00:52:46.468632+00:00,nan,nan,nan,nan,nan,nan
dd651147-05a8-4161-877e-ebc3f92bfbb9,mcar,0.5,brits,test,test_r017,0.5008,28.785581,18.250844,0.0,2026-08-24T00:53:25.145381+00:00,nan,nan,nan,nan,nan,nan
dd651147-05a8-4161-877e-ebc3f92bfbb9,mcar,0.5,brits,test,test_r018,0.4998,28.685731,18.171803,0.0,2026-08-24T00:54:04.028923+00:00,nan,nan,nan,nan,nan,nan
dd651147-05a8-4161-877e-ebc3f92bfbb9,mcar,0.5,brits,test,test_r019,0.4994,28.614294,18.168340,0.0,2026-08-24T00:54:43.289358+00:00,nan,nan,nan,nan,nan,nan
dd651147-05a8-4161-877e-ebc3f92bfbb9,mcar,0.5,brits,train,,0.0000,nan,nan,0.0,2026-08-24T00:38:07.043253+00:00,nan,nan,nan,nan,nan,nan
dd651147-05a8-4161-877e-ebc3f92bfbb9,mcar,0.5,brits,validate,test_r000,0.0000,30.305689,18.669027,0.0,2026-08-24T00:38:53.009918+00:00,nan,nan,nan,nan,nan,nan
dd651147-05a8-4161-877e-ebc3f92bfbb9,mcar,0.5,saits,test,test_r000,0.5002,9.118552,5.318862,0.0,2026-08-24T00:38:56.766018+00:00,nan,nan,nan,nan,nan,nan
dd651147-05a8-4161-877e-ebc3f92bfbb9,mcar,0.5,saits,test,test_r001,0.5009,9.080366,5.315118,0.0,2026-08-24T00:39:00.280947+00:00,nan,nan,nan,nan,nan,nan
dd651147-05a8-4161-877e-ebc3f92bfbb9,mcar,0.5,saits,test,test_r002,0.5004,9.072452,5.312358,0.0,2026-08-24T00:39:03.870459+00:00,nan,nan,nan,nan,nan,nan
dd651147-05a8-4161-877e-ebc3f92bfbb9,mcar,0.5,saits,test,test_r003,0.5001,9.113630,5.301383,0.0,2026-08-24T00:39:07.379549+00:00,nan,nan,nan,nan,nan,nan
dd651147-05a8-4161-877e-ebc3f92bfbb9,mcar,0.5,saits,test,test_r004,0.4990,9.043470,5.298807,0.0,2026-08-24T00:39:11.364343+00:00,nan,nan,nan,nan,nan,nan
dd651147-05a8-4161-877e-ebc3f92bfbb9,mcar,0.5,saits,test,test_r005,0.5003,9.151704,5.319982,0.0,2026-08-24T00:39:15.191451+00:00,nan,nan,nan,nan,nan,nan
dd651147-05a8-4161-877e-ebc3f92bfbb9,mcar,0.5,saits,test,test_r006,0.5008,9.168541,5.336038,0.0,2026-08-24T00:39:19.315892+00:00,nan,nan,nan,nan,nan,nan
dd651147-05a8-4161-877e-ebc3f92bfbb9,mcar,0.5,saits,test,test_r007,0.4997,9.160042,5.318320,0.0,2026-08-24T00:39:23.745237+00:00,nan,nan,nan,nan,nan,nan
dd651147-05a8-4161-877e-ebc3f92bfbb9,mcar,0.5,saits,test,test_r008,0.4995,9.131484,5.317687,0.0,2026-08-24T00:39:27.882364+00:00,nan,nan,nan,nan,nan,nan
dd651147-05a8-4161-877e-ebc3f92bfbb9,mcar,0.5,saits,test,test_r009,0.5005,9.026877,5.306583,0.0,2026-08-24T00:39:31.670836+00:00,nan,nan,nan,nan,nan,nan
dd651147-05a8-4161-877e-ebc3f92bfbb9,mcar,0.5,saits,test,test_r010,0.5004,9.012055,5.308335,0.0,2026-08-24T00:39:36.072870+00:00,nan,nan,nan,nan,nan,nan
dd651147-05a8-4161-877e-ebc3f92bfbb9,mcar,0.5,saits,test,test_r011,0.4997,9.121472,5.317872,0.0,2026-08-24T00:39:40.084938+00:00,nan,nan,nan,nan,nan,nan
dd651147-05a8-4161-877e-ebc3f92bfbb9,mcar,0.5,saits,test,test_r012,0.5014,9.131795,5.333697,0.0,2026-08-24T00:39:43.716202+00:00,nan,nan,nan,nan,nan,nan
dd651147-05a8-4161-877e-ebc3f92bfbb9,mcar,0.5,saits,test,test_r013,0.5001,9.142321,5.314374,0.0,2026-08-24T00:39:47.415522+00:00,nan,nan,nan,nan,nan,nan
dd651147-05a8-4161-877e-ebc3f92bfbb9,mcar,0.5,saits,test,test_r014,0.4990,8.976216,5.287645,0.0,2026-08-24T00:39:51.018557+00:00,nan,nan,nan,nan,nan,nan
dd651147-05a8-4161-877e-ebc3f92bfbb9,mcar,0.5,saits,test,test_r015,0.5005,9.107598,5.304221,0.0,2026-08-24T00:39:54.584134+00:00,nan,nan,nan,nan,nan,nan
dd651147-05a8-4161-877e-ebc3f92bfbb9,mcar,0.5,saits,test,test_r016,0.5002,9.115769,5.316142,0.0,2026-08-24T00:39:58.145340+00:00,nan,nan,nan,nan,nan,nan
dd651147-05a8-4161-877e-ebc3f92bfbb9,mcar,0.5,saits,test,test_r017,0.5008,9.179215,5.321328,0.0,2026-08-24T00:40:01.743433+00:00,nan,nan,nan,nan,nan,nan
dd651147-05a8-4161-877e-ebc3f92bfbb9,mcar,0.5,saits,test,test_r018,0.4998,8.992853,5.289205,0.0,2026-08-24T00:40:05.282902+00:00,nan,nan,nan,nan,nan,nan
dd651147-05a8-4161-877e-ebc3f92bfbb9,mcar,0.5,saits,test,test_r019,0.4994,9.053755,5.302476,0.0,2026-08-24T00:40:08.947213+00:00,nan,nan,nan,nan,nan,nan
dd651147-05a8-4161-877e-ebc3f92bfbb9,mcar,0.5,saits,train,,0.0000,nan,nan,0.0,2026-08-23T23:39:02.212128+00:00,nan,nan,nan,nan,nan,nan
dd651147-05a8-4161-877e-ebc3f92bfbb9,mcar,0.5,saits,validate,test_r000,0.0000,9.861498,5.588733,0.0,2026-08-24T00:38:10.774835+00:00,nan,nan,nan,nan,nan,nan
dd651147-05a8-4161-877e-ebc3f92bfbb9,mcar,0.5,saits_lc,test,test_r000,0.5002,8.990533,5.245786,0.0,2026-08-24T00:40:12.822797+00:00,nan,nan,nan,nan,nan,nan
dd651147-05a8-4161-877e-ebc3f92bfbb9,mcar,0.5,saits_lc,test,test_r001,0.5009,8.960636,5.250193,0.0,2026-08-24T00:40:17.074857+00:00,nan,nan,nan,nan,nan,nan
dd651147-05a8-4161-877e-ebc3f92bfbb9,mcar,0.5,saits_lc,test,test_r002,0.5004,8.950432,5.238362,0.0,2026-08-24T00:40:21.595451+00:00,nan,nan,nan,nan,nan,nan
dd651147-05a8-4161-877e-ebc3f92bfbb9,mcar,0.5,saits_lc,test,test_r003,0.5001,8.988036,5.226181,0.0,2026-08-24T00:40:25.578802+00:00,nan,nan,nan,nan,nan,nan
dd651147-05a8-4161-877e-ebc3f92bfbb9,mcar,0.5,saits_lc,test,test_r004,0.4990,8.927102,5.231762,0.0,2026-08-24T00:40:29.516221+00:00,nan,nan,nan,nan,nan,nan
dd651147-05a8-4161-877e-ebc3f92bfbb9,mcar,0.5,saits_lc,test,test_r005,0.5003,9.046246,5.252869,0.0,2026-08-24T00:40:33.943437+00:00,nan,nan,nan,nan,nan,nan
dd651147-05a8-4161-877e-ebc3f92bfbb9,mcar,0.5,saits_lc,test,test_r006,0.5008,9.039019,5.265683,0.0,2026-08-24T00:40:38.218273+00:00,nan,nan,nan,nan,nan,nan
dd651147-05a8-4161-877e-ebc3f92bfbb9,mcar,0.5,saits_lc,test,test_r007,0.4997,9.026559,5.246960,0.0,2026-08-24T00:40:41.832614+00:00,nan,nan,nan,nan,nan,nan
dd651147-05a8-4161-877e-ebc3f92bfbb9,mcar,0.5,saits_lc,test,test_r008,0.4995,9.000765,5.249879,0.0,2026-08-24T00:40:45.334707+00:00,nan,nan,nan,nan,nan,nan
dd651147-05a8-4161-877e-ebc3f92bfbb9,mcar,0.5,saits_lc,test,test_r009,0.5005,8.900287,5.241210,0.0,2026-08-24T00:40:48.966091+00:00,nan,nan,nan,nan,nan,nan
dd651147-05a8-4161-877e-ebc3f92bfbb9,mcar,0.5,saits_lc,test,test_r010,0.5004,8.898752,5.239741,0.0,2026-08-24T00:40:52.535317+00:00,nan,nan,nan,nan,nan,nan
dd651147-05a8-4161-877e-ebc3f92bfbb9,mcar,0.5,saits_lc,test,test_r011,0.4997,8.962951,5.227677,0.0,2026-08-24T00:40:56.051464+00:00,nan,nan,nan,nan,nan,nan
dd651147-05a8-4161-877e-ebc3f92bfbb9,mcar,0.5,saits_lc,test,test_r012,0.5014,8.982022,5.253508,0.0,2026-08-24T00:40:59.528799+00:00,nan,nan,nan,nan,nan,nan
dd651147-05a8-4161-877e-ebc3f92bfbb9,mcar,0.5,saits_lc,test,test_r013,0.5001,9.010560,5.241080,0.0,2026-08-24T00:41:03.108268+00:00,nan,nan,nan,nan,nan,nan
dd651147-05a8-4161-877e-ebc3f92bfbb9,mcar,0.5,saits_lc,test,test_r014,0.4990,8.853223,5.213662,0.0,2026-08-24T00:41:06.628727+00:00,nan,nan,nan,nan,nan,nan
dd651147-05a8-4161-877e-ebc3f92bfbb9,mcar,0.5,saits_lc,test,test_r015,0.5005,8.971641,5.234144,0.0,2026-08-24T00:41:10.180613+00:00,nan,nan,nan,nan,nan,nan
dd651147-05a8-4161-877e-ebc3f92bfbb9,mcar,0.5,saits_lc,test,test_r016,0.5002,8.966192,5.234711,0.0,2026-08-24T00:41:13.652562+00:00,nan,nan,nan,nan,nan,nan
dd651147-05a8-4161-877e-ebc3f92bfbb9,mcar,0.5,saits_lc,test,test_r017,0.5008,9.059407,5.257417,0.0,2026-08-24T00:41:17.320750+00:00,nan,nan,nan,nan,nan,nan
dd651147-05a8-4161-877e-ebc3f92bfbb9,mcar,0.5,saits_lc,test,test_r018,0.4998,8.870346,5.221025,0.0,2026-08-24T00:41:20.897725+00:00,nan,nan,nan,nan,nan,nan
dd651147-05a8-4161-877e-ebc3f92bfbb9,mcar,0.5,saits_lc,test,test_r019,0.4994,8.926842,5.233881,0.0,2026-08-24T00:41:24.389570+00:00,nan,nan,nan,nan,nan,nan
dd651147-05a8-4161-877e-ebc3f92bfbb9,mcar,0.5,saits_lc,train,,0.0000,nan,nan,0.0,2026-08-23T23:43:23.134475+00:00,nan,nan,nan,nan,nan,nan
dd651147-05a8-4161-877e-ebc3f92bfbb9,mcar,0.5,saits_lc,validate,test_r000,0.0000,9.656114,5.496786,0.0,2026-08-24T00:38:14.810157+00:00,nan,nan,nan,nan,nan,nan
f5447354-02c0-4116-bed5-36db1b18ff01,mnar,0.5,brits,test,test_r000,0.0936,47.878015,31.332053,0.0,2026-08-24T03:51:33.271689+00:00,nan,nan,nan,nan,nan,nan
f5447354-02c0-4116-bed5-36db1b18ff01,mnar,0.5,brits,test,test_r001,0.0935,47.956843,31.568072,0.0,2026-08-24T03:52:13.351732+00:00,nan,nan,nan,nan,nan,nan
f5447354-02c0-4116-bed5-36db1b18ff01,mnar,0.5,brits,test,test_r002,0.0936,48.079195,31.506066,0.0,2026-08-24T03:52:57.297094+00:00,nan,nan,nan,nan,nan,nan
f5447354-02c0-4116-bed5-36db1b18ff01,mnar,0.5,brits,test,test_r003,0.0936,48.294942,31.771061,0.0,2026-08-24T03:53:35.663271+00:00,nan,nan,nan,nan,nan,nan
f5447354-02c0-4116-bed5-36db1b18ff01,mnar,0.5,brits,test,test_r004,0.0937,48.129435,31.537770,0.0,2026-08-24T03:54:13.980064+00:00,nan,nan,nan,nan,nan,nan
f5447354-02c0-4116-bed5-36db1b18ff01,mnar,0.5,brits,test,test_r005,0.0936,48.141364,31.609541,0.0,2026-08-24T03:54:53.345502+00:00,nan,nan,nan,nan,nan,nan
f5447354-02c0-4116-bed5-36db1b18ff01,mnar,0.5,brits,test,test_r006,0.0933,48.145680,31.595869,0.0,2026-08-24T03:55:35.189135+00:00,nan,nan,nan,nan,nan,nan
f5447354-02c0-4116-bed5-36db1b18ff01,mnar,0.5,brits,test,test_r007,0.0939,47.951991,31.532053,0.0,2026-08-24T03:56:16.272397+00:00,nan,nan,nan,nan,nan,nan
f5447354-02c0-4116-bed5-36db1b18ff01,mnar,0.5,brits,test,test_r008,0.0937,47.944306,31.475943,0.0,2026-08-24T03:56:57.486046+00:00,nan,nan,nan,nan,nan,nan
f5447354-02c0-4116-bed5-36db1b18ff01,mnar,0.5,brits,test,test_r009,0.0933,47.977985,31.455749,0.0,2026-08-24T03:57:35.741155+00:00,nan,nan,nan,nan,nan,nan
f5447354-02c0-4116-bed5-36db1b18ff01,mnar,0.5,brits,test,test_r010,0.0938,47.869027,31.423664,0.0,2026-08-24T03:58:14.240570+00:00,nan,nan,nan,nan,nan,nan
f5447354-02c0-4116-bed5-36db1b18ff01,mnar,0.5,brits,test,test_r011,0.0937,48.181537,31.688876,0.0,2026-08-24T03:58:54.511137+00:00,nan,nan,nan,nan,nan,nan
f5447354-02c0-4116-bed5-36db1b18ff01,mnar,0.5,brits,test,test_r012,0.0930,48.015916,31.547733,0.0,2026-08-24T03:59:38.125850+00:00,nan,nan,nan,nan,nan,nan
f5447354-02c0-4116-bed5-36db1b18ff01,mnar,0.5,brits,test,test_r013,0.0937,47.939801,31.442501,0.0,2026-08-24T04:00:19.323141+00:00,nan,nan,nan,nan,nan,nan
f5447354-02c0-4116-bed5-36db1b18ff01,mnar,0.5,brits,test,test_r014,0.0935,47.846006,31.374658,0.0,2026-08-24T04:00:59.005762+00:00,nan,nan,nan,nan,nan,nan
f5447354-02c0-4116-bed5-36db1b18ff01,mnar,0.5,brits,test,test_r015,0.0943,47.929914,31.538932,0.0,2026-08-24T04:01:37.301498+00:00,nan,nan,nan,nan,nan,nan
f5447354-02c0-4116-bed5-36db1b18ff01,mnar,0.5,brits,test,test_r016,0.0939,48.299442,31.669431,0.0,2026-08-24T04:02:15.506523+00:00,nan,nan,nan,nan,nan,nan
f5447354-02c0-4116-bed5-36db1b18ff01,mnar,0.5,brits,test,test_r017,0.0933,47.687525,31.273953,0.0,2026-08-24T04:02:56.066769+00:00,nan,nan,nan,nan,nan,nan
f5447354-02c0-4116-bed5-36db1b18ff01,mnar,0.5,brits,test,test_r018,0.0939,48.240280,31.716217,0.0,2026-08-24T04:03:39.173967+00:00,nan,nan,nan,nan,nan,nan
f5447354-02c0-4116-bed5-36db1b18ff01,mnar,0.5,brits,test,test_r019,0.0939,47.973411,31.483647,0.0,2026-08-24T04:04:18.592775+00:00,nan,nan,nan,nan,nan,nan
f5447354-02c0-4116-bed5-36db1b18ff01,mnar,0.5,brits,train,,0.0000,nan,nan,0.0,2026-08-24T03:47:31.665063+00:00,nan,nan,nan,nan,nan,nan
f5447354-02c0-4116-bed5-36db1b18ff01,mnar,0.5,brits,validate,test_r000,0.0000,51.475094,31.830565,0.0,2026-08-24T03:48:20.644937+00:00,nan,nan,nan,nan,nan,nan
f5447354-02c0-4116-bed5-36db1b18ff01,mnar,0.5,saits,test,test_r000,0.0936,12.795863,7.362089,0.0,2026-08-24T03:48:25.244315+00:00,nan,nan,nan,nan,nan,nan
f5447354-02c0-4116-bed5-36db1b18ff01,mnar,0.5,saits,test,test_r001,0.0935,12.633970,7.457167,0.0,2026-08-24T03:48:30.009221+00:00,nan,nan,nan,nan,nan,nan
f5447354-02c0-4116-bed5-36db1b18ff01,mnar,0.5,saits,test,test_r002,0.0936,12.666835,7.417191,0.0,2026-08-24T03:48:34.192220+00:00,nan,nan,nan,nan,nan,nan
f5447354-02c0-4116-bed5-36db1b18ff01,mnar,0.5,saits,test,test_r003,0.0936,12.691193,7.426355,0.0,2026-08-24T03:48:38.539072+00:00,nan,nan,nan,nan,nan,nan
f5447354-02c0-4116-bed5-36db1b18ff01,mnar,0.5,saits,test,test_r004,0.0937,12.771717,7.408961,0.0,2026-08-24T03:48:42.188341+00:00,nan,nan,nan,nan,nan,nan
f5447354-02c0-4116-bed5-36db1b18ff01,mnar,0.5,saits,test,test_r005,0.0936,12.891468,7.513584,0.0,2026-08-24T03:48:45.894646+00:00,nan,nan,nan,nan,nan,nan
f5447354-02c0-4116-bed5-36db1b18ff01,mnar,0.5,saits,test,test_r006,0.0933,12.662786,7.386675,0.0,2026-08-24T03:48:49.441048+00:00,nan,nan,nan,nan,nan,nan
f5447354-02c0-4116-bed5-36db1b18ff01,mnar,0.5,saits,test,test_r007,0.0939,12.807772,7.447072,0.0,2026-08-24T03:48:52.938403+00:00,nan,nan,nan,nan,nan,nan
f5447354-02c0-4116-bed5-36db1b18ff01,mnar,0.5,saits,test,test_r008,0.0937,12.805280,7.406397,0.0,2026-08-24T03:48:56.511636+00:00,nan,nan,nan,nan,nan,nan
f5447354-02c0-4116-bed5-36db1b18ff01,mnar,0.5,saits,test,test_r009,0.0933,12.788296,7.430823,0.0,2026-08-24T03:49:00.102470+00:00,nan,nan,nan,nan,nan,nan
f5447354-02c0-4116-bed5-36db1b18ff01,mnar,0.5,saits,test,test_r010,0.0938,12.813402,7.446713,0.0,2026-08-24T03:49:03.705038+00:00,nan,nan,nan,nan,nan,nan
f5447354-02c0-4116-bed5-36db1b18ff01,mnar,0.5,saits,test,test_r011,0.0937,12.846578,7.461261,0.0,2026-08-24T03:49:07.288383+00:00,nan,nan,nan,nan,nan,nan
f5447354-02c0-4116-bed5-36db1b18ff01,mnar,0.5,saits,test,test_r012,0.0930,12.624798,7.369130,0.0,2026-08-24T03:49:10.888714+00:00,nan,nan,nan,nan,nan,nan
f5447354-02c0-4116-bed5-36db1b18ff01,mnar,0.5,saits,test,test_r013,0.0937,12.660135,7.428923,0.0,2026-08-24T03:49:14.526023+00:00,nan,nan,nan,nan,nan,nan
f5447354-02c0-4116-bed5-36db1b18ff01,mnar,0.5,saits,test,test_r014,0.0935,12.811981,7.399459,0.0,2026-08-24T03:49:18.141223+00:00,nan,nan,nan,nan,nan,nan
f5447354-02c0-4116-bed5-36db1b18ff01,mnar,0.5,saits,test,test_r015,0.0943,12.552561,7.367158,0.0,2026-08-24T03:49:21.712985+00:00,nan,nan,nan,nan,nan,nan
f5447354-02c0-4116-bed5-36db1b18ff01,mnar,0.5,saits,test,test_r016,0.0939,12.694819,7.394149,0.0,2026-08-24T03:49:25.294329+00:00,nan,nan,nan,nan,nan,nan
f5447354-02c0-4116-bed5-36db1b18ff01,mnar,0.5,saits,test,test_r017,0.0933,12.575126,7.374270,0.0,2026-08-24T03:49:28.886664+00:00,nan,nan,nan,nan,nan,nan
f5447354-02c0-4116-bed5-36db1b18ff01,mnar,0.5,saits,test,test_r018,0.0939,12.738914,7.437664,0.0,2026-08-24T03:49:32.496370+00:00,nan,nan,nan,nan,nan,nan
f5447354-02c0-4116-bed5-36db1b18ff01,mnar,0.5,saits,test,test_r019,0.0939,12.788521,7.418204,0.0,2026-08-24T03:49:36.095124+00:00,nan,nan,nan,nan,nan,nan
f5447354-02c0-4116-bed5-36db1b18ff01,mnar,0.5,saits,train,,0.0000,nan,nan,0.0,2026-08-24T02:18:54.980577+00:00,nan,nan,nan,nan,nan,nan
f5447354-02c0-4116-bed5-36db1b18ff01,mnar,0.5,saits,validate,test_r000,0.0000,15.775217,8.139000,0.0,2026-08-24T03:47:35.527933+00:00,nan,nan,nan,nan,nan,nan
f5447354-02c0-4116-bed5-36db1b18ff01,mnar,0.5,saits_lc,test,test_r000,0.0936,13.913994,8.063310,0.0,2026-08-24T03:49:39.803313+00:00,nan,nan,nan,nan,nan,nan
f5447354-02c0-4116-bed5-36db1b18ff01,mnar,0.5,saits_lc,test,test_r001,0.0935,13.838204,8.157214,0.0,2026-08-24T03:49:43.344834+00:00,nan,nan,nan,nan,nan,nan
f5447354-02c0-4116-bed5-36db1b18ff01,mnar,0.5,saits_lc,test,test_r002,0.0936,13.749572,8.059942,0.0,2026-08-24T03:49:46.875874+00:00,nan,nan,nan,nan,nan,nan
f5447354-02c0-4116-bed5-36db1b18ff01,mnar,0.5,saits_lc,test,test_r003,0.0936,13.820962,8.116753,0.0,2026-08-24T03:49:50.409907+00:00,nan,nan,nan,nan,nan,nan
f5447354-02c0-4116-bed5-36db1b18ff01,mnar,0.5,saits_lc,test,test_r004,0.0937,13.941600,8.122074,0.0,2026-08-24T03:49:53.950091+00:00,nan,nan,nan,nan,nan,nan
f5447354-02c0-4116-bed5-36db1b18ff01,mnar,0.5,saits_lc,test,test_r005,0.0936,14.127931,8.210766,0.0,2026-08-24T03:49:57.529919+00:00,nan,nan,nan,nan,nan,nan
f5447354-02c0-4116-bed5-36db1b18ff01,mnar,0.5,saits_lc,test,test_r006,0.0933,13.853751,8.095425,0.0,2026-08-24T03:50:01.107777+00:00,nan,nan,nan,nan,nan,nan
f5447354-02c0-4116-bed5-36db1b18ff01,mnar,0.5,saits_lc,test,test_r007,0.0939,13.897202,8.105756,0.0,2026-08-24T03:50:04.689118+00:00,nan,nan,nan,nan,nan,nan
f5447354-02c0-4116-bed5-36db1b18ff01,mnar,0.5,saits_lc,test,test_r008,0.0937,13.944102,8.082402,0.0,2026-08-24T03:50:08.202992+00:00,nan,nan,nan,nan,nan,nan
f5447354-02c0-4116-bed5-36db1b18ff01,mnar,0.5,saits_lc,test,test_r009,0.0933,13.879165,8.089155,0.0,2026-08-24T03:50:11.857320+00:00,nan,nan,nan,nan,nan,nan
f5447354-02c0-4116-bed5-36db1b18ff01,mnar,0.5,saits_lc,test,test_r010,0.0938,13.928334,8.107164,0.0,2026-08-24T03:50:15.602061+00:00,nan,nan,nan,nan,nan,nan
f5447354-02c0-4116-bed5-36db1b18ff01,mnar,0.5,saits_lc,test,test_r011,0.0937,14.013647,8.157551,0.0,2026-08-24T03:50:19.861771+00:00,nan,nan,nan,nan,nan,nan
f5447354-02c0-4116-bed5-36db1b18ff01,mnar,0.5,saits_lc,test,test_r012,0.0930,13.725515,8.064705,0.0,2026-08-24T03:50:23.959497+00:00,nan,nan,nan,nan,nan,nan
f5447354-02c0-4116-bed5-36db1b18ff01,mnar,0.5,saits_lc,test,test_r013,0.0937,13.835784,8.111499,0.0,2026-08-24T03:50:27.900599+00:00,nan,nan,nan,nan,nan,nan
f5447354-02c0-4116-bed5-36db1b18ff01,mnar,0.5,saits_lc,test,test_r014,0.0935,13.877095,8.092554,0.0,2026-08-24T03:50:32.103498+00:00,nan,nan,nan,nan,nan,nan
f5447354-02c0-4116-bed5-36db1b18ff01,mnar,0.5,saits_lc,test,test_r015,0.0943,13.702592,8.074957,0.0,2026-08-24T03:50:36.231632+00:00,nan,nan,nan,nan,nan,nan
f5447354-02c0-4116-bed5-36db1b18ff01,mnar,0.5,saits_lc,test,test_r016,0.0939,13.927491,8.135863,0.0,2026-08-24T03:50:40.109380+00:00,nan,nan,nan,nan,nan,nan
f5447354-02c0-4116-bed5-36db1b18ff01,mnar,0.5,saits_lc,test,test_r017,0.0933,13.665997,8.031352,0.0,2026-08-24T03:50:43.705756+00:00,nan,nan,nan,nan,nan,nan
f5447354-02c0-4116-bed5-36db1b18ff01,mnar,0.5,saits_lc,test,test_r018,0.0939,13.954570,8.181781,0.0,2026-08-24T03:50:47.237206+00:00,nan,nan,nan,nan,nan,nan
f5447354-02c0-4116-bed5-36db1b18ff01,mnar,0.5,saits_lc,test,test_r019,0.0939,13.925848,8.106605,0.0,2026-08-24T03:50:50.787775+00:00,nan,nan,nan,nan,nan,nan
f5447354-02c0-4116-bed5-36db1b18ff01,mnar,0.5,saits_lc,train,,0.0000,nan,nan,0.0,2026-08-24T02:25:11.851489+00:00,nan,nan,nan,nan,nan,nan
f5447354-02c0-4116-bed5-36db1b18ff01,mnar,0.5,saits_lc,validate,test_r000,0.0000,16.744378,8.645182,0.0,2026-08-24T03:47:39.302945+00:00,nan,nan,nan,nan,nan,nan
