series_index,column_label,n_observed,adf_statistic,adf_pvalue,adf_used_lag,kpss_statistic,kpss_pvalue,kpss_used_lag,stationarity_verdict,recommended_d,constant_series,too_short,all_missing,warnings
0,column_0,600,0.6658459437637825,0.9891310308316394,7,3.2061698651664816,0.01,16,non_stationary,1,false,false,false,non-stationary at d=0; stationary after differencing
1,column_1,600,0.27633245043516785,0.9762321929000572,16,1.852408229533032,0.01,15,non_stationary,1,false,false,false,non-stationary at d=0; stationary after differencing
2,column_2,600,-1.9022377105129067,0.33100915444039314,19,3.625524923408569,0.01,16,non_stationary,1,false,false,false,non-stationary at d=0; stationary after differencing
3,column_3,600,-1.2671685818315677,0.6440557301675697,19,1.8377169594101777,0.01,16,non_stationary,1,false,false,false,non-stationary at d=0; stationary after differencing
4,column_4,600,0.6658459437637825,0.9891310308316394,7,3.2061698651664816,0.01,16,non_stationary,1,false,false,false,non-stationary at d=0; stationary after differencing
5,column_5,600,-0.5531015700322605,0.8812309962819056,6,1.5540158046172639,0.01,16,non_stationary,1,false,false,false,non-stationary at d=0; stationary after differencing
6,column_6,600,6.093086441153568,1.0,18,2.9193564152710056,0.01,16,non_stationary,1,false,false,false,non-stationary at d=0; max differencing reached
7,column_7,600,-0.5590574418288962,0.8799676324808444,18,3.3039148038924244,0.01,16,non_stationary,1,false,false,false,non-stationary at d=0; stationary after differencing
8,column_8,600,0.9444734191032474,0.9936441164425547,9,3.1551389811389785,0.01,16,non_stationary,1,false,false,false,non-stationary at d=0; stationary after differencing
9,column_9,600,-0.4444602914294143,0.9024066775460524,8,1.5976756916342556,0.01,16,non_stationary,1,false,false,false,non-stationary at d=0; stationary after differencing
10,column_10,600,5.533655658151667,1.0,16,2.9312959909229765,0.01,16,non_stationary,1,false,false,false,non-stationary at d=0; stationary after differencing
11,column_11,600,-1.0088156194591633,0.7500354419857365,19,3.4214349629587066,0.01,16,non_stationary,1,false,false,false,non-stationary at d=0; max differencing reached
12,column_12,600,0.9639916220854792,0.9938711076787378,10,3.168134968870918,0.01,16,non_stationary,1,false,false,false,non-stationary at d=0; stationary after differencing
13,column_13,600,-0.6362219494946032,0.8625855317180553,6,1.5764143930874477,0.01,16,non_stationary,1,false,false,false,non-stationary at d=0; stationary after differencing
14,column_14,600,6.078031550780646,1.0,19,2.9512088575601725,0.01,16,non_stationary,1,false,false,false,non-stationary at d=0; max differencing reached
15,column_15,600,-0.7988888405015794,0.8194482444445349,12,3.413110862756181,0.01,16,non_stationary,1,false,false,false,non-stationary at d=0; stationary after differencing
16,column_16,600,0.8513315896536835,0.9924211580511194,7,3.1861692846389738,0.01,16,non_stationary,1,false,false,false,non-stationary at d=0; stationary after differencing
17,column_17,600,-0.6143611043911631,0.8677038747790365,6,1.6055974976140794,0.01,16,non_stationary,1,false,false,false,non-stationary at d=0; stationary after differencing
18,column_18,600,5.67379948987703,1.0,17,2.934770670576849,0.01,16,non_stationary,1,false,false,false,non-stationary at d=0; max differencing reached
19,column_19,600,-0.9688641120501387,0.7644503722146943,19,3.4199856213151647,0.01,16,non_stationary,1,false,false,false,non-stationary at d=0; stationary after differencing
20,column_20,600,0.8513315896536835,0.9924211580511194,7,3.1861692846389738,0.01,16,non_stationary,1,false,false,false,non-stationary at d=0; stationary after differencing
21,column_21,600,0.6148471211302469,0.9879759250168887,15,1.9274900541909334,0.01,15,non_stationary,1,false,false,false,non-stationary at d=0; max differencing reached
22,column_22,600,-1.603183355382362,0.4819941804443866,13,3.6279252638098263,0.01,16,non_stationary,1,false,false,false,non-stationary at d=0; stationary after differencing
23,column_23,600,-2.187525014984207,0.2108042717794903,17,0.465379788109611,0.04946401168702456,16,non_stationary,1,false,false,false,non-stationary at d=0; stationary after differencing
24,column_24,600,0.8513315896536835,0.9924211580511194,7,3.1861692846389738,0.01,16,non_stationary,1,false,false,false,non-stationary at d=0; stationary after differencing
25,column_25,600,-0.4683821764366984,0.8980402268316056,13,1.6021366155781545,0.01,16,non_stationary,1,false,false,false,non-stationary at d=0; stationary after differencing
26,column_26,600,5.613695720760481,1.0,16,2.9370017458590962,0.01,16,non_stationary,1,false,false,false,non-stationary at d=0; max differencing reached
27,column_27,600,-4.320280346615415,0.0004096305593420783,12,0.7771799421114912,0.01,16,non_stationary,1,false,false,false,mixed ADF/KPSS decision; max differencing reached
28,column_28,600,0.8513315896536835,0.9924211580511194,7,3.1861692846389738,0.01,16,non_stationary,1,false,false,false,non-stationary at d=0; stationary after differencing
29,column_29,600,0.02892027425476194,0.9608594191306876,13,1.9103367788540115,0.01,15,non_stationary,1,false,false,false,non-stationary at d=0; max differencing reached
30,column_30,600,-1.576081355898421,0.495596495118104,11,3.6262448561011857,0.01,16,non_stationary,1,false,false,false,non-stationary at d=0; stationary after differencing
31,column_31,600,-2.176455149535142,0.21490157398953713,18,1.6599264453478835,0.01,16,non_stationary,1,false,false,false,non-stationary at d=0; max differencing reached
32,column_32,600,0.8513315896536835,0.9924211580511194,7,3.1861692846389738,0.01,16,non_stationary,1,false,false,false,non-stationary at d=0; stationary after differencing
33,column_33,600,0.5285043072222233,0.9857141904578679,17,1.8864699350204552,0.01,15,non_stationary,1,false,false,false,non-stationary at d=0; stationary after differencing
34,column_34,600,-1.513209696817413,0.5269668644012027,17,3.621709000287678,0.01,16,non_stationary,1,false,false,false,non-stationary at d=0; stationary after differencing
35,column_35,600,-1.6412051388252387,0.46163114225661395,19,0.6742658699047926,0.01588492091774612,16,non_stationary,1,false,false,false,non-stationary at d=0; stationary after differencing
36,column_36,600,0.8513315896536835,0.9924211580511194,7,3.1861692846389738,0.01,16,non_stationary,1,false,false,false,non-stationary at d=0; stationary after differencing
37,column_37,600,0.5561265829651678,0.9864827915104953,19,1.95078939447068,0.01,15,non_stationary,1,false,false,false,non-stationary at d=0; stationary after differencing
38,column_38,600,-2.3458778941882077,0.1575978785686824,17,3.620898826563085,0.01,16,non_stationary,1,false,false,false,non-stationary at d=0; stationary after differencing
39,column_39,600,-1.5031272558957163,0.5319637667741882,14,0.6589154823479183,0.01728041069564379,16,non_stationary,1,false,false,false,non-stationary at d=0; stationary after differencing
40,column_40,600,0.8513315896536835,0.9924211580511194,7,3.1861692846389738,0.01,16,non_stationary,1,false,false,false,non-stationary at d=0; stationary after differencing
41,column_41,600,0.2975989336798828,0.9772340583649549,18,1.90775314446961,0.01,15,non_stationary,1,false,false,false,non-stationary at d=0; stationary after differencing
42,column_42,600,-2.180802378039342,0.2132867156363848,16,3.6216138760982663,0.01,16,non_stationary,1,false,false,false,non-stationary at d=0; stationary after differencing
43,column_43,600,-1.7440129518270415,0.40859012621726076,17,0.8197740446714123,0.01,16,non_stationary,1,false,false,false,non-stationary at d=0; stationary after differencing
44,column_44,600,0.8513315896536835,0.9924211580511194,7,3.1861692846389738,0.01,16,non_stationary,1,false,false,false,non-stationary at d=0; stationary after differencing
45,column_45,600,-0.29348446116160154,0.9264220717122634,13,1.9699070788502022,0.01,15,non_stationary,1,false,false,false,non-stationary at d=0; stationary after differencing
46,column_46,600,-2.207727931955279,0.20345262907084505,15,3.6216649393401252,0.01,16,non_stationary,1,false,false,false,non-stationary at d=0; stationary after differencing
47,column_47,600,-1.5257418333835318,0.5207409768665378,19,2.2370103235571674,0.01,16,non_stationary,1,false,false,false,non-stationary at d=0; max differencing reached
48,column_48,600,0.8513315896536835,0.9924211580511194,7,3.1861692846389738,0.01,16,non_stationary,1,false,false,false,non-stationary at d=0; stationary after differencing
49,column_49,600,-0.6235147822785493,0.8655796365550628,6,1.5898580251024934,0.01,16,non_stationary,1,false,false,false,non-stationary at d=0; stationary after differencing
50,column_50,600,6.004700093971943,1.0,19,2.960588532885444,0.01,16,non_stationary,1,false,false,false,non-stationary at d=0; stationary after differencing
51,column_51,600,-1.1365066625504008,0.7002961531071973,19,2.416236203033095,0.01,16,non_stationary,1,false,false,false,non-stationary at d=0; max differencing reached
52,column_52,600,0.8513315896536835,0.9924211580511194,7,3.1861692846389738,0.01,16,non_stationary,1,false,false,false,non-stationary at d=0; stationary after differencing
53,column_53,600,0.5366231575007252,0.9859447315721988,17,1.931274429359881,0.01,15,non_stationary,1,false,false,false,non-stationary at d=0; stationary after differencing
54,column_54,600,-1.4433497063262084,0.5613264732048465,16,3.6266287306444847,0.01,16,non_stationary,1,false,false,false,non-stationary at d=0; stationary after differencing
55,column_55,600,-1.675213061230259,0.44392656397027774,19,0.6157752213895104,0.0212022526009536,16,non_stationary,1,false,false,false,non-stationary at d=0; stationary after differencing
56,column_56,600,-0.6494214876726299,0.8594193144877454,12,3.691675204569172,0.01,15,non_stationary,1,false,false,false,non-stationary at d=0; stationary after differencing
57,column_57,600,0.582372664553454,0.9871729900990766,19,1.7915458382568146,0.01,15,non_stationary,1,false,false,false,non-stationary at d=0; stationary after differencing
58,column_58,600,-1.8429671236682206,0.35934785431663985,16,3.624298404592265,0.01,16,non_stationary,1,false,false,false,non-stationary at d=0; stationary after differencing
59,column_59,600,-1.66235386807367,0.45060575299023853,8,1.915521807942854,0.01,16,non_stationary,1,false,false,false,non-stationary at d=0; stationary after differencing
60,column_60,600,-0.6494214876726299,0.8594193144877454,12,3.691675204569172,0.01,15,non_stationary,1,false,false,false,non-stationary at d=0; stationary after differencing
61,column_61,600,0.28197732767189126,0.9765023384170389,13,1.7784949042747777,0.01,16,non_stationary,1,false,false,false,non-stationary at d=0; stationary after differencing
62,column_62,600,-1.2987451063629158,0.6297462333065216,16,3.6284486254323736,0.01,16,non_stationary,1,false,false,false,non-stationary at d=0; stationary after differencing
63,column_63,600,-0.7313902745240669,0.8384503665636605,18,3.2912009647246148,0.01,16,non_stationary,1,false,false,false,non-stationary at d=0; stationary after differencing
64,column_64,600,1.217786738872563,0.9961064980495778,10,3.1767494268885463,0.01,16,non_stationary,1,false,false,false,non-stationary at d=0; max differencing reached
65,column_65,600,-0.44714364704028164,0.9019249442297932,7,1.6024759726929976,0.01,16,non_stationary,1,false,false,false,non-stationary at d=0; stationary after differencing
66,column_66,600,5.803285308998593,1.0,19,2.963064667619414,0.01,16,non_stationary,1,false,false,false,non-stationary at d=0; max differencing reached
67,column_67,600,-0.8121401244162954,0.8155299614937579,19,3.412735513564465,0.01,16,non_stationary,1,false,false,false,non-stationary at d=0; stationary after differencing
68,column_68,600,0.8048569697294193,0.9917141654620278,8,3.160195907702336,0.01,16,non_stationary,1,false,false,false,non-stationary at d=0; stationary after differencing
69,column_69,600,-0.6034874761932155,0.8701920512876115,7,1.5831916127677572,0.01,16,non_stationary,1,false,false,false,non-stationary at d=0; stationary after differencing
70,column_70,600,5.750597485907009,1.0,18,2.9669662237699908,0.01,16,non_stationary,1,false,false,false,non-stationary at d=0; stationary after differencing
71,column_71,600,-0.7671240845558871,0.8285889241914837,18,3.4204492094094876,0.01,16,non_stationary,1,false,false,false,non-stationary at d=0; stationary after differencing
72,column_72,600,0.5399045818286328,0.9860368043239559,6,3.166690407742755,0.01,16,non_stationary,1,false,false,false,non-stationary at d=0; stationary after differencing
73,column_73,600,-0.778635845597937,0.8253172212841504,18,1.6043370596993485,0.01,16,non_stationary,1,false,false,false,non-stationary at d=0; stationary after differencing
74,column_74,600,5.766553269954799,1.0,19,2.9346897101497142,0.01,16,non_stationary,1,false,false,false,non-stationary at d=0; max differencing reached
75,column_75,600,-0.7199460820530434,0.8415151867074289,19,3.3051851430586434,0.01,16,non_stationary,1,false,false,false,non-stationary at d=0; stationary after differencing
76,column_76,600,0.5399045818286328,0.9860368043239559,6,3.166690407742755,0.01,16,non_stationary,1,false,false,false,non-stationary at d=0; stationary after differencing
77,column_77,600,-3.5611719324092412,0.006548226778090074,17,0.26146660180870857,0.1,16,stationary,0,false,false,false,
78,column_78,600,-0.025959006241177807,0.9563319160746924,5,3.3279429835183025,0.01,16,non_stationary,1,false,false,false,non-stationary at d=0; stationary after differencing
79,column_79,600,-2.062377709191394,0.2599092134796175,19,0.4534400356195332,0.054120674301925346,16,stationary,0,false,false,false,mixed ADF/KPSS decision
80,column_80,600,0.5399045818286328,0.9860368043239559,6,3.166690407742755,0.01,16,non_stationary,1,false,false,false,non-stationary at d=0; stationary after differencing
81,column_81,600,-3.6423794860451744,0.005000637250328532,17,0.2630448215753637,0.1,16,stationary,0,false,false,false,
82,column_82,600,-0.07102805012175313,0.9522488787657868,7,3.3504855300865795,0.01,16,non_stationary,1,false,false,false,non-stationary at d=0; stationary after differencing
83,column_83,600,-4.586928728083683,0.00013652819962948055,15,0.7282342855679113,0.010978701312008067,16,non_stationary,1,false,false,false,mixed ADF/KPSS decision; max differencing reached
84,column_84,600,0.5399045818286328,0.9860368043239559,6,3.166690407742755,0.01,16,non_stationary,1,false,false,false,non-stationary at d=0; stationary after differencing
85,column_85,600,-0.29187982010190666,0.9266465451255681,15,1.8757306838649364,0.01,15,non_stationary,1,false,false,false,non-stationary at d=0; stationary after differencing
86,column_86,600,-1.6298345835858452,0.4675773000319509,14,3.626736196136617,0.01,16,non_stationary,1,false,false,false,non-stationary at d=0; stationary after differencing
87,column_87,600,-2.0953867203326255,0.2463736662542635,16,1.6530679742639016,0.01,16,non_stationary,1,false,false,false,non-stationary at d=0; max differencing reached
88,column_88,600,0.5399045818286328,0.9860368043239559,6,3.166690407742755,0.01,16,non_stationary,1,false,false,false,non-stationary at d=0; stationary after differencing
89,column_89,600,-0.5631643147269336,0.8790900658185714,11,1.7658947450514881,0.01,16,non_stationary,1,false,false,false,non-stationary at d=0; stationary after differencing
90,column_90,600,-2.0787152310767727,0.25315898735184633,16,3.6244270035118147,0.01,16,non_stationary,1,false,false,false,non-stationary at d=0; stationary after differencing
91,column_91,600,-1.6251593722726023,0.47002549025075335,7,0.6653072787478969,0.016699338295645738,16,non_stationary,1,false,false,false,non-stationary at d=0; stationary after differencing
92,column_92,600,0.5399045818286328,0.9860368043239559,6,3.166690407742755,0.01,16,non_stationary,1,false,false,false,non-stationary at d=0; stationary after differencing
93,column_93,600,1.1062214029297637,0.9952693714981468,18,1.8316727118356968,0.01,16,non_stationary,1,false,false,false,non-stationary at d=0; stationary after differencing
94,column_94,600,-2.2035382155612706,0.20496379595571113,19,3.6174357421423173,0.01,16,non_stationary,1,false,false,false,non-stationary at d=0; stationary after differencing
95,column_95,600,-1.9257695402497055,0.3200370866593061,6,0.691137205674635,0.014351163120487726,16,non_stationary,1,false,false,false,non-stationary at d=0; stationary after differencing
96,column_96,600,0.5399045818286328,0.9860368043239559,6,3.166690407742755,0.01,16,non_stationary,1,false,false,false,non-stationary at d=0; stationary after differencing
97,column_97,600,0.11546793292833997,0.9671014315474733,19,1.7921137622530234,0.01,16,non_stationary,1,false,false,false,non-stationary at d=0; stationary after differencing
98,column_98,600,-1.7876314023920359,0.3866194182576852,19,3.6264924495397843,0.01,16,non_stationary,1,false,false,false,non-stationary at d=0; stationary after differencing
99,column_99,600,-1.5642326685286099,0.5015314045728675,18,0.8152611751980993,0.01,16,non_stationary,1,false,false,false,non-stationary at d=0; stationary after differencing
100,column_100,600,0.5399045818286328,0.9860368043239559,6,3.166690407742755,0.01,16,non_stationary,1,false,false,false,non-stationary at d=0; stationary after differencing
101,column_101,600,0.4190141616658417,0.9821922445010952,16,1.8528254045671166,0.01,15,non_stationary,1,false,false,false,non-stationary at d=0; stationary after differencing
102,column_102,600,-2.2221643811624707,0.19829962875520207,19,3.6289807478334724,0.01,16,non_stationary,1,false,false,false,non-stationary at d=0; stationary after differencing
103,column_103,600,-1.577144093863816,0.4950637767168739,19,2.2486193475533254,0.01,16,non_stationary,1,false,false,false,non-stationary at d=0; max differencing reached
104,column_104,600,0.5399045818286328,0.9860368043239559,6,3.166690407742755,0.01,16,non_stationary,1,false,false,false,non-stationary at d=0; stationary after differencing
105,column_105,600,-0.5713492077080329,0.8773254091828204,6,1.5684631280695198,0.01,16,non_stationary,1,false,false,false,non-stationary at d=0; stationary after differencing
106,column_106,600,5.325313590869378,1.0,14,2.923730408224363,0.01,16,non_stationary,1,false,false,false,non-stationary at d=0; max differencing reached
107,column_107,600,-1.181339698054289,0.6815709561141935,17,2.372788710038693,0.01,16,non_stationary,1,false,false,false,non-stationary at d=0; max differencing reached
108,column_108,600,0.5399045818286328,0.9860368043239559,6,3.166690407742755,0.01,16,non_stationary,1,false,false,false,non-stationary at d=0; stationary after differencing
109,column_109,600,0.20989982075102676,0.9728114105526735,16,1.9538776837331742,0.01,15,non_stationary,1,false,false,false,non-stationary at d=0; stationary after differencing
110,column_110,600,-1.9768084633445027,0.29683342952450853,19,3.624614341675386,0.01,16,non_stationary,1,false,false,false,non-stationary at d=0; stationary after differencing
111,column_111,600,-2.498358749730509,0.11587416955357033,8,0.6645403196846865,0.016769061846846678,16,non_stationary,1,false,false,false,non-stationary at d=0; stationary after differencing
112,column_112,600,-0.41734338373904867,0.9071625325547868,15,3.712237406235358,0.01,15,non_stationary,1,false,false,false,non-stationary at d=0; stationary after differencing
113,column_113,600,0.2614134941026542,0.9755032273324425,14,1.9176827434043582,0.01,15,non_stationary,1,false,false,false,non-stationary at d=0; max differencing reached
114,column_114,600,-1.8439305577326741,0.35887964631528513,14,3.6281710654816943,0.01,16,non_stationary,1,false,false,false,non-stationary at d=0; stationary after differencing
115,column_115,600,-1.4779279975427513,0.544400422462154,7,1.890640491947205,0.01,16,non_stationary,1,false,false,false,non-stationary at d=0; stationary after differencing
116,column_116,600,-0.41734338373904867,0.9071625325547868,15,3.712237406235358,0.01,15,non_stationary,1,false,false,false,non-stationary at d=0; stationary after differencing
117,column_117,600,0.2821595283614483,0.9765110067220432,15,1.896820777167661,0.01,16,non_stationary,1,false,false,false,non-stationary at d=0; stationary after differencing
118,column_118,600,-1.8761073719317014,0.34338306978558475,16,3.6211373779023432,0.01,16,non_stationary,1,false,false,false,non-stationary at d=0; stationary after differencing
119,column_119,600,-0.6425125234839674,0.8610837490651454,19,3.2954196766357127,0.01,16,non_stationary,1,false,false,false,non-stationary at d=0; stationary after differencing
120,column_120,600,-0.47934600278470957,0.8959843571564584,16,3.644052396639786,0.01,15,non_stationary,1,false,false,false,non-stationary at d=0; stationary after differencing
121,column_121,600,0.08581016178709408,0.9650788274820561,12,1.9714685890707335,0.01,15,non_stationary,1,false,false,false,non-stationary at d=0; max differencing reached
122,column_122,600,-1.226892670791308,0.6619215185724476,10,3.626857998729803,0.01,16,non_stationary,1,false,false,false,non-stationary at d=0; stationary after differencing
123,column_123,600,-0.4455359161659532,0.9022138171481278,6,3.308346660567052,0.01,16,non_stationary,1,false,false,false,non-stationary at d=0; stationary after differencing
124,column_124,600,-0.24076511748342658,0.9334848572740776,19,3.7402848030630365,0.01,15,non_stationary,1,false,false,false,non-stationary at d=0; stationary after differencing
125,column_125,600,0.22730311115591728,0.9737520317246057,17,1.8943305212754886,0.01,15,non_stationary,1,false,false,false,non-stationary at d=0; stationary after differencing
126,column_126,600,-1.9751016896076965,0.29759569565444655,17,3.627283399169045,0.01,16,non_stationary,1,false,false,false,non-stationary at d=0; stationary after differencing
127,column_127,600,-0.5243091959146919,0.887184789113415,5,3.303271142522462,0.01,16,non_stationary,1,false,false,false,non-stationary at d=0; stationary after differencing
128,column_128,600,0.3348952781637893,0.9788900225395712,19,3.6763176367627737,0.01,15,non_stationary,1,false,false,false,non-stationary at d=0; stationary after differencing
129,column_129,600,0.3844759978431259,0.9809050255666486,13,1.8447236892518413,0.01,15,non_stationary,1,false,false,false,non-stationary at d=0; max differencing reached
130,column_130,600,-1.5854545866214418,0.4908959228244095,13,3.627561887171305,0.01,16,non_stationary,1,false,false,false,non-stationary at d=0; stationary after differencing
131,column_131,600,-1.0543286067768087,0.7329374661700973,19,3.2970983616723006,0.01,16,non_stationary,1,false,false,false,non-stationary at d=0; max differencing reached
132,column_132,600,0.3348952781637893,0.9788900225395712,19,3.6763176367627737,0.01,15,non_stationary,1,false,false,false,non-stationary at d=0; stationary after differencing
133,column_133,600,0.2559473753085302,0.9752306109637086,13,2.092505079498466,0.01,15,non_stationary,1,false,false,false,non-stationary at d=0; stationary after differencing
134,column_134,600,-1.9636195069351592,0.30274886178029015,15,3.6236347418737354,0.01,16,non_stationary,1,false,false,false,non-stationary at d=0; stationary after differencing
135,column_135,600,-2.2113057614713365,0.20216773676372046,16,0.49415677109184547,0.04298270921354832,16,non_stationary,1,false,false,false,non-stationary at d=0; max differencing reached
136,column_136,600,0.3348952781637893,0.9788900225395712,19,3.6763176367627737,0.01,15,non_stationary,1,false,false,false,non-stationary at d=0; stationary after differencing
137,column_137,600,-0.13076702797035197,0.946286476471865,11,1.9727712104751471,0.01,15,non_stationary,1,false,false,false,non-stationary at d=0; stationary after differencing
138,column_138,600,-2.2297993642336116,0.19560828985501055,19,3.628231541300816,0.01,16,non_stationary,1,false,false,false,non-stationary at d=0; stationary after differencing
139,column_139,600,-2.5966385768418694,0.09369399736265421,15,0.4854020993366205,0.04495448213139179,16,non_stationary,1,false,false,false,non-stationary at d=0; stationary after differencing
140,column_140,600,0.3348952781637893,0.9788900225395712,19,3.6763176367627737,0.01,15,non_stationary,1,false,false,false,non-stationary at d=0; stationary after differencing
141,column_141,600,-0.06918829704200936,0.9524223263800708,12,1.9367570155924403,0.01,15,non_stationary,1,false,false,false,non-stationary at d=0; stationary after differencing
142,column_142,600,-1.5613322878100249,0.5029828369076482,12,3.613888359203198,0.01,16,non_stationary,1,false,false,false,non-stationary at d=0; stationary after differencing
143,column_143,600,-2.064046692351562,0.259215097921723,18,1.6605627124097395,0.01,16,non_stationary,1,false,false,false,non-stationary at d=0; max differencing reached
144,column_144,600,0.3348952781637893,0.9788900225395712,19,3.6763176367627737,0.01,15,non_stationary,1,false,false,false,non-stationary at d=0; stationary after differencing
145,column_145,600,-3.500371564320035,0.007977556628829995,18,1.1529905474071944,0.01,16,non_stationary,1,false,false,false,mixed ADF/KPSS decision; max differencing reached
146,column_146,600,3.257212545045836,1.0,11,3.4040663259742274,0.01,16,non_stationary,1,false,false,false,non-stationary at d=0; max differencing reached
147,column_147,600,-2.9480510761947727,0.04003887421919095,18,1.656367208222988,0.01,16,non_stationary,1,false,false,false,mixed ADF/KPSS decision; max differencing reached
148,column_148,600,0.3348952781637893,0.9788900225395712,19,3.6763176367627737,0.01,15,non_stationary,1,false,false,false,non-stationary at d=0; stationary after differencing
149,column_149,600,-3.308576281274158,0.014499439961799296,16,1.1568204673699272,0.01,16,non_stationary,1,false,false,false,mixed ADF/KPSS decision; stationary after differencing
150,column_150,600,2.7069832192014567,0.9990873558238162,11,3.4088217791620745,0.01,16,non_stationary,1,false,false,false,non-stationary at d=0; max differencing reached
151,column_151,600,-2.6225452398842792,0.0884265715083577,17,1.6570119426267746,0.01,16,non_stationary,1,false,false,false,non-stationary at d=0; max differencing reached
152,column_152,600,0.3348952781637893,0.9788900225395712,19,3.6763176367627737,0.01,15,non_stationary,1,false,false,false,non-stationary at d=0; stationary after differencing
153,column_153,600,-0.5653557546983581,0.8786196445517962,6,1.5909551652360758,0.01,16,non_stationary,1,false,false,false,non-stationary at d=0; stationary after differencing
154,column_154,600,5.254045798133053,1.0,16,2.9474883960272242,0.01,16,non_stationary,1,false,false,false,non-stationary at d=0; stationary after differencing
155,column_155,600,-2.794416562799914,0.0590757591161187,18,1.64499118974418,0.01,16,non_stationary,1,false,false,false,non-stationary at d=0; max differencing reached
156,column_156,600,0.3348952781637893,0.9788900225395712,19,3.6763176367627737,0.01,15,non_stationary,1,false,false,false,non-stationary at d=0; stationary after differencing
157,column_157,600,-3.7335416777046704,0.00366534770621162,17,0.26390894950444516,0.1,16,stationary,0,false,false,false,
158,column_158,600,0.013034177953966278,0.9595968211292157,6,3.3397476573374436,0.01,16,non_stationary,1,false,false,false,non-stationary at d=0; stationary after differencing
159,column_159,600,-1.6493230434482586,0.45739350160048475,19,2.2340415191670373,0.01,16,non_stationary,1,false,false,false,non-stationary at d=0; max differencing reached
160,column_160,600,0.3348952781637893,0.9788900225395712,19,3.6763176367627737,0.01,15,non_stationary,1,false,false,false,non-stationary at d=0; stationary after differencing
161,column_161,600,-0.4756882116634371,0.896674100084873,8,1.589661020355467,0.01,16,non_stationary,1,false,false,false,non-stationary at d=0; stationary after differencing
162,column_162,600,6.043708148912599,1.0,19,2.9353429644243776,0.01,16,non_stationary,1,false,false,false,non-stationary at d=0; max differencing reached
163,column_163,600,-1.4805430953652077,0.5431134988276006,18,2.3857961054347854,0.01,16,non_stationary,1,false,false,false,non-stationary at d=0; max differencing reached
164,column_164,600,0.3348952781637893,0.9788900225395712,19,3.6763176367627737,0.01,15,non_stationary,1,false,false,false,non-stationary at d=0; stationary after differencing
165,column_165,600,0.27672832191607405,0.976251238623717,17,2.0006276770732616,0.01,15,non_stationary,1,false,false,false,non-stationary at d=0; stationary after differencing
166,column_166,600,-1.5941135515395701,0.48654979062253734,13,3.6260184882935276,0.01,16,non_stationary,1,false,false,false,non-stationary at d=0; stationary after differencing
167,column_167,600,-2.1486258066676998,0.2254164684806288,16,0.6356092298561492,0.01939916092216825,16,non_stationary,1,false,false,false,non-stationary at d=0; max differencing reached
168,column_168,600,-0.26370940759298267,0.9304892210470291,15,3.6966643679348343,0.01,15,non_stationary,1,false,false,false,non-stationary at d=0; stationary after differencing
169,column_169,600,0.1607149474733986,0.9699701141486993,14,1.8989937189600623,0.01,15,non_stationary,1,false,false,false,non-stationary at d=0; stationary after differencing
170,column_170,600,-2.3970307901522157,0.14257620058096077,17,3.6218479643289627,0.01,16,non_stationary,1,false,false,false,non-stationary at d=0; stationary after differencing
171,column_171,600,-3.1622876110706426,0.022274055775619105,18,0.9155988434524994,0.01,16,non_stationary,1,false,false,false,mixed ADF/KPSS decision; max differencing reached
172,column_172,600,-0.26370940759298267,0.9304892210470291,15,3.6966643679348343,0.01,15,non_stationary,1,false,false,false,non-stationary at d=0; stationary after differencing
173,column_173,600,-0.0806654225154816,0.951330603527139,12,2.019310249133281,0.01,15,non_stationary,1,false,false,false,non-stationary at d=0; stationary after differencing
174,column_174,600,-2.0293637425677766,0.27384834925480706,14,3.621514422719566,0.01,16,non_stationary,1,false,false,false,non-stationary at d=0; stationary after differencing
175,column_175,600,-3.239141486734665,0.017827905370782424,19,0.9126646950315246,0.01,16,non_stationary,1,false,false,false,mixed ADF/KPSS decision; max differencing reached
176,column_176,600,-0.4539025684104692,0.9007025577067819,19,3.664554632350783,0.01,15,non_stationary,1,false,false,false,non-stationary at d=0; stationary after differencing
177,column_177,600,0.17266341084860468,0.9706860096876441,14,1.921281685639187,0.01,15,non_stationary,1,false,false,false,non-stationary at d=0; stationary after differencing
178,column_178,600,-1.4497196275409914,0.5582217032008685,13,3.620224817306945,0.01,16,non_stationary,1,false,false,false,non-stationary at d=0; stationary after differencing
179,column_179,600,-1.9139586669870363,0.32552327428789296,19,0.6372709644254101,0.019248094143144535,16,non_stationary,1,false,false,false,non-stationary at d=0; stationary after differencing
180,column_180,600,0.11235356461415517,0.9668944781889238,16,3.7177423402259935,0.01,15,non_stationary,1,false,false,false,non-stationary at d=0; stationary after differencing
181,column_181,600,-0.46573578216970335,0.8985312813368176,13,1.8163702035441978,0.01,16,non_stationary,1,false,false,false,non-stationary at d=0; stationary after differencing
182,column_182,600,-1.6007412455328238,0.4832211060404121,11,3.6255082257468803,0.01,16,non_stationary,1,false,false,false,non-stationary at d=0; stationary after differencing
183,column_183,600,-1.8085901466812333,0.3762053413053611,18,0.6435973984841022,0.018672963774172522,16,non_stationary,1,false,false,false,non-stationary at d=0; max differencing reached
184,column_184,600,-0.3181693893365427,0.9228912916442564,16,3.707531692098609,0.01,15,non_stationary,1,false,false,false,non-stationary at d=0; stationary after differencing
185,column_185,600,0.7280100871302794,0.9903805983907347,15,1.8928101601092293,0.01,15,non_stationary,1,false,false,false,non-stationary at d=0; stationary after differencing
186,column_186,600,-1.9387915664896809,0.3140380336267748,15,3.6179248126861525,0.01,16,non_stationary,1,false,false,false,non-stationary at d=0; stationary after differencing
187,column_187,600,-2.1717625169411514,0.21665316027315323,19,1.0299174902014374,0.01,16,non_stationary,1,false,false,false,non-stationary at d=0; max differencing reached
188,column_188,600,-0.3181693893365427,0.9228912916442564,16,3.707531692098609,0.01,15,non_stationary,1,false,false,false,non-stationary at d=0; stationary after differencing
189,column_189,600,0.2600611669983945,0.9754360605384289,16,1.964910138306191,0.01,15,non_stationary,1,false,false,false,non-stationary at d=0; max differencing reached
190,column_190,600,-1.3325416269804098,0.6141561487948103,16,3.6361381075491184,0.01,16,non_stationary,1,false,false,false,non-stationary at d=0; stationary after differencing
191,column_191,600,-3.138204489763319,0.023852063876355866,6,0.47961647500097676,0.04625755067545569,16,non_stationary,1,false,false,false,mixed ADF/KPSS decision; stationary after differencing
192,column_192,600,-0.3181693893365427,0.9228912916442564,16,3.707531692098609,0.01,15,non_stationary,1,false,false,false,non-stationary at d=0; stationary after differencing
193,column_193,600,0.4726307348410678,0.9840170561893197,18,1.9572325841511204,0.01,15,non_stationary,1,false,false,false,non-stationary at d=0; stationary after differencing
194,column_194,600,-1.4130946336572516,0.5759825363219313,15,3.622447337555617,0.01,16,non_stationary,1,false,false,false,non-stationary at d=0; stationary after differencing
195,column_195,600,-2.4129651846558198,0.1381104688424859,17,0.4707311706415282,0.048258745351007167,16,non_stationary,1,false,false,false,non-stationary at d=0; max differencing reached
196,column_196,600,-0.3181693893365427,0.9228912916442564,16,3.707531692098609,0.01,15,non_stationary,1,false,false,false,non-stationary at d=0; stationary after differencing
197,column_197,600,0.30531500815699814,0.9775870259492117,15,1.983944772508177,0.01,15,non_stationary,1,false,false,false,non-stationary at d=0; stationary after differencing
198,column_198,600,-2.279878341997563,0.17853974723601013,19,3.627609071576823,0.01,16,non_stationary,1,false,false,false,non-stationary at d=0; stationary after differencing
199,column_199,600,-1.7914304038027,0.3847244837055287,19,0.6247242990520525,0.02038870008617704,16,non_stationary,1,false,false,false,non-stationary at d=0; max differencing reached
200,column_200,600,-0.3181693893365427,0.9228912916442564,16,3.707531692098609,0.01,15,non_stationary,1,false,false,false,non-stationary at d=0; stationary after differencing
201,column_201,600,0.6537330801520412,0.9888678308237218,17,1.9149317479001975,0.01,15,non_stationary,1,false,false,false,non-stationary at d=0; stationary after differencing
202,column_202,600,-1.2083876863453031,0.669977173222752,11,3.618215181649046,0.01,16,non_stationary,1,false,false,false,non-stationary at d=0; stationary after differencing
203,column_203,600,-1.8397571721759123,0.36090953404588666,6,0.6869397899382811,0.014732746369247172,16,non_stationary,1,false,false,false,non-stationary at d=0; stationary after differencing
204,column_204,600,-0.3181693893365427,0.9228912916442564,16,3.707531692098609,0.01,15,non_stationary,1,false,false,false,non-stationary at d=0; stationary after differencing
205,column_205,600,-0.4884557223827589,0.8942496651399425,8,1.5965503857741508,0.01,16,non_stationary,1,false,false,false,non-stationary at d=0; stationary after differencing
206,column_206,600,6.4473995814303136,1.0,19,2.939928498640552,0.01,16,non_stationary,1,false,false,false,non-stationary at d=0; max differencing reached
207,column_207,600,-1.5842783340047375,0.4914860455689146,19,0.6826952880105637,0.015118610180857847,16,non_stationary,1,false,false,false,non-stationary at d=0; stationary after differencing
208,column_208,600,-0.3181693893365427,0.9228912916442564,16,3.707531692098609,0.01,15,non_stationary,1,false,false,false,non-stationary at d=0; stationary after differencing
209,column_209,600,-0.5762534114671586,0.8762580121898624,6,1.5923420656945932,0.01,16,non_stationary,1,false,false,false,non-stationary at d=0; stationary after differencing
210,column_210,600,6.138717842073582,1.0,17,2.938467152677647,0.01,16,non_stationary,1,false,false,false,non-stationary at d=0; max differencing reached
211,column_211,600,-2.6802263630028005,0.07752291858335833,19,1.008949017686718,0.01,16,non_stationary,1,false,false,false,non-stationary at d=0; max differencing reached
212,column_212,600,-0.3181693893365427,0.9228912916442564,16,3.707531692098609,0.01,15,non_stationary,1,false,false,false,non-stationary at d=0; stationary after differencing
213,column_213,600,-3.0232200946731846,0.03278210317826865,16,1.1546530183643606,0.01,16,non_stationary,1,false,false,false,mixed ADF/KPSS decision; max differencing reached
214,column_214,600,3.6588544505696756,1.0,17,3.3967982952739533,0.01,16,non_stationary,1,false,false,false,non-stationary at d=0; stationary after differencing
215,column_215,600,-5.356761487030848,4.172431826714682e-06,16,0.5602308144830518,0.028101167909222565,16,non_stationary,1,false,false,false,mixed ADF/KPSS decision; max differencing reached
216,column_216,600,-0.3181693893365427,0.9228912916442564,16,3.707531692098609,0.01,15,non_stationary,1,false,false,false,non-stationary at d=0; stationary after differencing
217,column_217,600,-0.6693903262305523,0.8545196396801942,6,1.5889496536277201,0.01,16,non_stationary,1,false,false,false,non-stationary at d=0; stationary after differencing
218,column_218,600,3.9424393121691454,1.0,11,2.9170810690259072,0.01,16,non_stationary,1,false,false,false,non-stationary at d=0; stationary after differencing
219,column_219,600,-1.5222401313938163,0.522482185326363,19,2.375631628416088,0.01,16,non_stationary,1,false,false,false,non-stationary at d=0; max differencing reached
220,column_220,600,-0.3181693893365427,0.9228912916442564,16,3.707531692098609,0.01,15,non_stationary,1,false,false,false,non-stationary at d=0; stationary after differencing
221,column_221,600,-0.46158677794400993,0.8992971213417431,8,1.5892316844403342,0.01,16,non_stationary,1,false,false,false,non-stationary at d=0; stationary after differencing
222,column_222,600,5.228196195137744,1.0,16,2.93543820747754,0.01,16,non_stationary,1,false,false,false,non-stationary at d=0; max differencing reached
223,column_223,600,-2.6322690413891734,0.08650960956337828,7,0.6310804962877207,0.019810863973843573,16,non_stationary,1,false,false,false,non-stationary at d=0; stationary after differencing
224,column_224,600,0.7068508455193169,0.9899736029480741,7,3.159869062548867,0.01,16,non_stationary,1,false,false,false,non-stationary at d=0; stationary after differencing
225,column_225,600,-3.2067736910331317,0.01959592421339113,16,1.1551559542257919,0.01,16,non_stationary,1,false,false,false,mixed ADF/KPSS decision; max differencing reached
226,column_226,600,3.1929156238425387,1.0,18,3.406708439202052,0.01,16,non_stationary,1,false,false,false,non-stationary at d=0; max differencing reached
227,column_227,600,-3.310386562711193,0.014420530775324385,19,0.9003511919793685,0.01,16,non_stationary,1,false,false,false,mixed ADF/KPSS decision; max differencing reached
228,column_228,600,0.7068508455193169,0.9899736029480741,7,3.159869062548867,0.01,16,non_stationary,1,false,false,false,non-stationary at d=0; stationary after differencing
229,column_229,600,-0.5588480867304887,0.8800122275372753,6,1.5792515484493457,0.01,16,non_stationary,1,false,false,false,non-stationary at d=0; stationary after differencing
230,column_230,600,6.303713003849852,1.0,18,2.917863776061515,0.01,16,non_stationary,1,false,false,false,non-stationary at d=0; max differencing reached
231,column_231,600,-2.9568902266557204,0.039121174960248445,19,0.9148655918538321,0.01,16,non_stationary,1,false,false,false,mixed ADF/KPSS decision; max differencing reached
232,column_232,600,-0.4511637398509101,0.901199442178034,17,3.734105764323158,0.01,15,non_stationary,1,false,false,false,non-stationary at d=0; stationary after differencing
233,column_233,600,0.12988031423114274,0.968042935864843,15,1.8896136554746195,0.01,15,non_stationary,1,false,false,false,non-stationary at d=0; stationary after differencing
234,column_234,600,-1.954030010781021,0.30708568715913265,18,3.626832804139793,0.01,16,non_stationary,1,false,false,false,non-stationary at d=0; stationary after differencing
235,column_235,600,-1.7562452809405305,0.4023906944543092,19,0.6265113870058467,0.02022623754492302,16,non_stationary,1,false,false,false,non-stationary at d=0; stationary after differencing
236,column_236,600,0.9079605786808622,0.9931933395817238,9,3.170347636884743,0.01,16,non_stationary,1,false,false,false,non-stationary at d=0; stationary after differencing
237,column_237,600,-0.5868329137542813,0.8739295781398648,7,1.5894568988976094,0.01,16,non_stationary,1,false,false,false,non-stationary at d=0; stationary after differencing
238,column_238,600,5.941131542728266,1.0,17,2.9199934831140837,0.01,16,non_stationary,1,false,false,false,non-stationary at d=0; max differencing reached
239,column_239,600,-1.837098056713758,0.3622052091786036,17,0.6201723056496387,0.020802517668214664,16,non_stationary,1,false,false,false,non-stationary at d=0; stationary after differencing
240,column_240,600,-0.012723187896615754,0.9574671540382234,18,3.652561089511157,0.01,15,non_stationary,1,false,false,false,non-stationary at d=0; stationary after differencing
241,column_241,600,0.4736876770711931,0.984051027742933,19,1.9576680246895788,0.01,15,non_stationary,1,false,false,false,non-stationary at d=0; max differencing reached
242,column_242,600,-1.8680134108968796,0.34725493342774333,15,3.6290675727620783,0.01,16,non_stationary,1,false,false,false,non-stationary at d=0; stationary after differencing
243,column_243,600,-1.635527167324213,0.4645989207703465,18,1.0535841754235735,0.01,16,non_stationary,1,false,false,false,non-stationary at d=0; max differencing reached
244,column_244,600,-0.012723187896615754,0.9574671540382234,18,3.652561089511157,0.01,15,non_stationary,1,false,false,false,non-stationary at d=0; stationary after differencing
245,column_245,600,0.1595565659983575,0.969899807714213,15,2.014393296961969,0.01,15,non_stationary,1,false,false,false,non-stationary at d=0; max differencing reached
246,column_246,600,-1.6197678611454172,0.47285100157356114,17,3.6266852832964522,0.01,16,non_stationary,1,false,false,false,non-stationary at d=0; stationary after differencing
247,column_247,600,-2.3909153863590413,0.14431690786466855,18,0.457369357544115,0.05242700105857113,16,stationary,0,false,false,false,mixed ADF/KPSS decision
248,column_248,600,-0.012723187896615754,0.9574671540382234,18,3.652561089511157,0.01,15,non_stationary,1,false,false,false,non-stationary at d=0; stationary after differencing
249,column_249,600,0.9387815968829524,0.9935761287947807,19,1.8869409285242738,0.01,15,non_stationary,1,false,false,false,non-stationary at d=0; stationary after differencing
250,column_250,600,-1.7240535920383946,0.41876388880060983,13,3.6245692694421674,0.01,16,non_stationary,1,false,false,false,non-stationary at d=0; stationary after differencing
251,column_251,600,-2.8056631098808174,0.05746937543947484,13,0.46148797946837455,0.0506517329877696,16,stationary,0,false,false,false,mixed ADF/KPSS decision
252,column_252,600,-0.012723187896615754,0.9574671540382234,18,3.652561089511157,0.01,15,non_stationary,1,false,false,false,non-stationary at d=0; stationary after differencing
253,column_253,600,-0.2903344684003867,0.9268621490169777,12,1.914571797261845,0.01,15,non_stationary,1,false,false,false,non-stationary at d=0; stationary after differencing
254,column_254,600,-1.7449813724748158,0.4080983050465192,11,3.620751458169734,0.01,16,non_stationary,1,false,false,false,non-stationary at d=0; stationary after differencing
255,column_255,600,-1.752443737388611,0.4043143193988002,19,0.6322439821187129,0.01970509253466246,16,non_stationary,1,false,false,false,non-stationary at d=0; max differencing reached
256,column_256,600,-0.012723187896615754,0.9574671540382234,18,3.652561089511157,0.01,15,non_stationary,1,false,false,false,non-stationary at d=0; stationary after differencing
257,column_257,600,-0.6564985916397588,0.8576980032940542,6,1.5876934832745055,0.01,16,non_stationary,1,false,false,false,non-stationary at d=0; stationary after differencing
258,column_258,600,5.446311035677937,1.0,14,2.9541907184022667,0.01,16,non_stationary,1,false,false,false,non-stationary at d=0; stationary after differencing
259,column_259,600,-1.6412835908890417,0.4615901581440407,19,0.6832566691944592,0.015067575527776439,16,non_stationary,1,false,false,false,non-stationary at d=0; stationary after differencing
260,column_260,600,-0.012723187896615754,0.9574671540382234,18,3.652561089511157,0.01,15,non_stationary,1,false,false,false,non-stationary at d=0; stationary after differencing
261,column_261,600,-0.4975443881764397,0.8924948026375208,7,1.610562366187768,0.01,16,non_stationary,1,false,false,false,non-stationary at d=0; stationary after differencing
262,column_262,600,5.036714896422203,1.0,17,2.9481833256227326,0.01,16,non_stationary,1,false,false,false,non-stationary at d=0; stationary after differencing
263,column_263,600,-1.8078149265011598,0.37658876022473387,9,0.6437210795752217,0.018661720038616204,16,non_stationary,1,false,false,false,non-stationary at d=0; stationary after differencing
264,column_264,600,-0.012723187896615754,0.9574671540382234,18,3.652561089511157,0.01,15,non_stationary,1,false,false,false,non-stationary at d=0; stationary after differencing
265,column_265,600,-0.6578948272004114,0.8573564446526023,6,1.6206621647757633,0.01,16,non_stationary,1,false,false,false,non-stationary at d=0; stationary after differencing
266,column_266,600,6.143124949756467,1.0,19,2.945298683012662,0.01,16,non_stationary,1,false,false,false,non-stationary at d=0; max differencing reached
267,column_267,600,-1.9328670155526235,0.3167608474796162,19,0.6297906619718929,0.01992812163891882,16,non_stationary,1,false,false,false,non-stationary at d=0; stationary after differencing
268,column_268,600,-0.012723187896615754,0.9574671540382234,18,3.652561089511157,0.01,15,non_stationary,1,false,false,false,non-stationary at d=0; stationary after differencing
269,column_269,600,-0.4360122924294695,0.9039101609959393,8,1.5702426920964625,0.01,16,non_stationary,1,false,false,false,non-stationary at d=0; stationary after differencing
270,column_270,600,6.252165001303074,1.0,19,2.9547398846564703,0.01,16,non_stationary,1,false,false,false,non-stationary at d=0; max differencing reached
271,column_271,600,-4.496053701852451,0.00019989382391692598,13,0.5582957454622125,0.02853699426526745,16,non_stationary,1,false,false,false,mixed ADF/KPSS decision; max differencing reached
272,column_272,600,-0.012723187896615754,0.9574671540382234,18,3.652561089511157,0.01,15,non_stationary,1,false,false,false,non-stationary at d=0; stationary after differencing
273,column_273,600,0.036586955555820276,0.9614552240724842,13,1.8659686157688147,0.01,15,non_stationary,1,false,false,false,non-stationary at d=0; stationary after differencing
274,column_274,600,-1.919687627047885,0.32285685909720163,15,3.6232836640897106,0.01,16,non_stationary,1,false,false,false,non-stationary at d=0; stationary after differencing
275,column_275,600,-0.7843727071984398,0.8236694235102657,19,2.3858330345101635,0.01,16,non_stationary,1,false,false,false,non-stationary at d=0; max differencing reached
276,column_276,600,-0.012723187896615754,0.9574671540382234,18,3.652561089511157,0.01,15,non_stationary,1,false,false,false,non-stationary at d=0; stationary after differencing
277,column_277,600,-0.17345557371274148,0.9416125635721371,11,2.038267633844029,0.01,15,non_stationary,1,false,false,false,non-stationary at d=0; max differencing reached
278,column_278,600,-2.4835787403063687,0.1195210892824875,19,3.6234691147488034,0.01,16,non_stationary,1,false,false,false,non-stationary at d=0; stationary after differencing
279,column_279,600,-2.650162993940107,0.08306632905909872,6,0.6254050333513206,0.020326815149879947,16,non_stationary,1,false,false,false,non-stationary at d=0; stationary after differencing
280,column_280,600,-5.621783547240805,1.1407444568010476e-06,15,0.6889890681163852,0.014546448353055894,16,non_stationary,1,false,false,false,mixed ADF/KPSS decision; stationary after differencing
281,column_281,600,-2.9453646016139623,0.04032133331237677,13,1.1550595553852836,0.01,16,non_stationary,1,false,false,false,mixed ADF/KPSS decision; max differencing reached
282,column_282,600,3.101324596936208,1.0,11,3.413748709015385,0.01,16,non_stationary,1,false,false,false,non-stationary at d=0; max differencing reached
283,column_283,600,-4.134298536489937,0.000849535257100498,16,0.5589555856128994,0.02838838161871635,16,non_stationary,1,false,false,false,mixed ADF/KPSS decision; max differencing reached
284,column_284,600,-5.621783547240805,1.1407444568010476e-06,15,0.6889890681163852,0.014546448353055894,16,non_stationary,1,false,false,false,mixed ADF/KPSS decision; stationary after differencing
285,column_285,600,-3.2428838038205434,0.017632773709353115,16,1.1436485674500487,0.01,16,non_stationary,1,false,false,false,mixed ADF/KPSS decision; max differencing reached
286,column_286,600,3.1833306643238584,1.0,15,3.4069824034943887,0.01,16,non_stationary,1,false,false,false,non-stationary at d=0; stationary after differencing
287,column_287,600,-4.246480682720021,0.0005491812734320086,15,0.555902783176906,0.029075949734931075,16,non_stationary,1,false,false,false,mixed ADF/KPSS decision; max differencing reached
288,column_288,600,0.710143163034929,0.9900381351123443,7,3.150756951284583,0.01,16,non_stationary,1,false,false,false,non-stationary at d=0; stationary after differencing
289,column_289,600,-0.4649528058094712,0.8986761828565308,8,1.5761240670040992,0.01,16,non_stationary,1,false,false,false,non-stationary at d=0; stationary after differencing
290,column_290,600,5.977615697856922,1.0,16,2.936013977976366,0.01,16,non_stationary,1,false,false,false,non-stationary at d=0; max differencing reached
291,column_291,600,-2.143160039715174,0.22751742408219172,18,1.2578566872335415,0.01,16,non_stationary,1,false,false,false,non-stationary at d=0; max differencing reached
292,column_292,600,-5.472263126908968,2.3841155074806956e-06,14,0.8513489891711861,0.01,16,non_stationary,1,false,false,false,mixed ADF/KPSS decision; stationary after differencing
293,column_293,600,-3.568898273420311,0.006384233185527572,18,0.2624031809627814,0.1,16,stationary,0,false,false,false,
294,column_294,600,-0.08972634115186455,0.9504522638180545,6,3.3463366562833956,0.01,16,non_stationary,1,false,false,false,non-stationary at d=0; stationary after differencing
295,column_295,600,-2.1138385200933625,0.23898659484470935,19,1.2623751351971249,0.01,16,non_stationary,1,false,false,false,non-stationary at d=0; max differencing reached
296,column_296,600,-5.905654108609199,2.7126019630414685e-07,15,0.8556192334516225,0.01,16,non_stationary,1,false,false,false,mixed ADF/KPSS decision; stationary after differencing
297,column_297,600,-3.7311263784340265,0.003696036473536539,17,0.2651983048025084,0.1,16,stationary,0,false,false,false,
298,column_298,600,-0.03354481956369707,0.9556684616503146,5,3.3314607975297705,0.01,16,non_stationary,1,false,false,false,non-stationary at d=0; stationary after differencing
299,column_299,600,-1.6193078746158514,0.47309217146430443,19,1.0388269449960643,0.01,16,non_stationary,1,false,false,false,non-stationary at d=0; max differencing reached
300,column_300,600,-5.905654108609199,2.7126019630414685e-07,15,0.8556192334516225,0.01,16,non_stationary,1,false,false,false,mixed ADF/KPSS decision; stationary after differencing
301,column_301,600,0.1030347477875951,0.9662676806387838,15,2.0193562740766398,0.01,15,non_stationary,1,false,false,false,non-stationary at d=0; stationary after differencing
302,column_302,600,-1.0484873720914956,0.735171661907444,10,3.629543374675129,0.01,16,non_stationary,1,false,false,false,non-stationary at d=0; stationary after differencing
303,column_303,600,-1.988115499182147,0.29180822707555076,19,0.46069026748363295,0.050995574360503046,16,stationary,0,false,false,false,mixed ADF/KPSS decision
304,column_304,600,-5.905654108609199,2.7126019630414685e-07,15,0.8556192334516225,0.01,16,non_stationary,1,false,false,false,mixed ADF/KPSS decision; stationary after differencing
305,column_305,600,-0.3590614753244266,0.9167129334355548,14,1.9272310980848921,0.01,15,non_stationary,1,false,false,false,non-stationary at d=0; stationary after differencing
306,column_306,600,-1.4325737834920689,0.566564093533753,9,3.616882312745551,0.01,16,non_stationary,1,false,false,false,non-stationary at d=0; stationary after differencing
307,column_307,600,-1.8046852109115499,0.37813810996194,19,0.4787037228414145,0.04646312548616791,16,non_stationary,1,false,false,false,non-stationary at d=0; stationary after differencing
308,column_308,600,-5.905654108609199,2.7126019630414685e-07,15,0.8556192334516225,0.01,16,non_stationary,1,false,false,false,mixed ADF/KPSS decision; stationary after differencing
309,column_309,600,0.38778784390579624,0.9810324622639482,15,1.814184796381963,0.01,16,non_stationary,1,false,false,false,non-stationary at d=0; stationary after differencing
310,column_310,600,-1.919574041001206,0.32290962859709865,17,3.6284808065993794,0.01,16,non_stationary,1,false,false,false,non-stationary at d=0; stationary after differencing
311,column_311,600,-1.9525909589018726,0.30773906391724765,19,0.6230549584315273,0.02054045832440661,16,non_stationary,1,false,false,false,non-stationary at d=0; max differencing reached
312,column_312,600,-5.905654108609199,2.7126019630414685e-07,15,0.8556192334516225,0.01,16,non_stationary,1,false,false,false,mixed ADF/KPSS decision; stationary after differencing
313,column_313,600,0.24277389450366524,0.9745611560311565,15,2.009675139769976,0.01,15,non_stationary,1,false,false,false,non-stationary at d=0; stationary after differencing
314,column_314,600,-2.1633506041752844,0.2198148465809745,17,3.620175699186132,0.01,16,non_stationary,1,false,false,false,non-stationary at d=0; stationary after differencing
315,column_315,600,-1.418023670341676,0.5736054958060307,16,0.6770776372531214,0.015629305704261687,16,non_stationary,1,false,false,false,non-stationary at d=0; stationary after differencing
316,column_316,600,-5.905654108609199,2.7126019630414685e-07,15,0.8556192334516225,0.01,16,non_stationary,1,false,false,false,mixed ADF/KPSS decision; stationary after differencing
317,column_317,600,0.6430022454720518,0.9886289686133861,17,2.0178930386324705,0.01,15,non_stationary,1,false,false,false,non-stationary at d=0; stationary after differencing
318,column_318,600,-1.5592121451421486,0.504043457287062,11,3.6278790413025943,0.01,16,non_stationary,1,false,false,false,non-stationary at d=0; stationary after differencing
319,column_319,600,-1.3930009981748426,0.5856268903247316,15,0.669638583507275,0.016305583317520453,16,non_stationary,1,false,false,false,non-stationary at d=0; stationary after differencing
320,column_320,600,-5.905654108609199,2.7126019630414685e-07,15,0.8556192334516225,0.01,16,non_stationary,1,false,false,false,mixed ADF/KPSS decision; stationary after differencing
321,column_321,600,0.33344183565192,0.9788278159254695,17,1.8185139620767263,0.01,15,non_stationary,1,false,false,false,non-stationary at d=0; stationary after differencing
322,column_322,600,-1.797452230002179,0.3817273223458112,18,3.6282580812994825,0.01,16,non_stationary,1,false,false,false,non-stationary at d=0; stationary after differencing
323,column_323,600,-1.648347801933105,0.45790223695229704,19,0.6362996052882237,0.019336399519252388,16,non_stationary,1,false,false,false,non-stationary at d=0; max differencing reached
324,column_324,600,-5.905654108609199,2.7126019630414685e-07,15,0.8556192334516225,0.01,16,non_stationary,1,false,false,false,mixed ADF/KPSS decision; stationary after differencing
325,column_325,600,-0.3228000922191206,0.9222125073763331,9,1.5866586839471666,0.01,16,non_stationary,1,false,false,false,non-stationary at d=0; stationary after differencing
326,column_326,600,3.7921070351706114,1.0,11,2.950391580152445,0.01,16,non_stationary,1,false,false,false,non-stationary at d=0; max differencing reached
327,column_327,600,-1.345197914136269,0.6082490947580446,18,2.228076968718202,0.01,16,non_stationary,1,false,false,false,non-stationary at d=0; max differencing reached
328,column_328,600,-5.905654108609199,2.7126019630414685e-07,15,0.8556192334516225,0.01,16,non_stationary,1,false,false,false,mixed ADF/KPSS decision; stationary after differencing
329,column_329,600,0.38821407241133055,0.9810488001958013,15,1.8648265615233581,0.01,15,non_stationary,1,false,false,false,non-stationary at d=0; max differencing reached
330,column_330,600,-1.9250478856660085,0.320371077253499,16,3.6244860082797503,0.01,16,non_stationary,1,false,false,false,non-stationary at d=0; stationary after differencing
331,column_331,600,-1.789408300409088,0.38573271277687005,18,2.760480213457796,0.01,16,non_stationary,1,false,false,false,non-stationary at d=0; stationary after differencing
332,column_332,600,-5.905654108609199,2.7126019630414685e-07,15,0.8556192334516225,0.01,16,non_stationary,1,false,false,false,mixed ADF/KPSS decision; stationary after differencing
333,column_333,600,0.44234820591501106,0.9830113753695998,17,1.829029545727752,0.01,15,non_stationary,1,false,false,false,non-stationary at d=0; stationary after differencing
334,column_334,600,-1.6379896252333235,0.4633114641381294,15,3.6272425079805677,0.01,16,non_stationary,1,false,false,false,non-stationary at d=0; stationary after differencing
335,column_335,600,-2.7464789748207115,0.06633487699842781,6,0.6466139285410966,0.01839873376899122,16,non_stationary,1,false,false,false,non-stationary at d=0; stationary after differencing
336,column_336,600,-5.866970351728349,3.3080349325213083e-07,15,0.6838849194630078,0.015010461866999291,16,non_stationary,1,false,false,false,mixed ADF/KPSS decision; stationary after differencing
337,column_337,600,-2.420849072369924,0.13593816700436906,13,1.1539859170251419,0.01,16,non_stationary,1,false,false,false,non-stationary at d=0; max differencing reached
338,column_338,600,3.693654350643748,1.0,15,3.4191834691876783,0.01,16,non_stationary,1,false,false,false,non-stationary at d=0; max differencing reached
339,column_339,600,-5.05235452143605,1.7464887480481347e-05,18,0.5404448669491294,0.03255746239884472,16,non_stationary,1,false,false,false,mixed ADF/KPSS decision; max differencing reached
340,column_340,600,-5.866970351728349,3.3080349325213083e-07,15,0.6838849194630078,0.015010461866999291,16,non_stationary,1,false,false,false,mixed ADF/KPSS decision; stationary after differencing
341,column_341,600,-2.9973682587934354,0.03514090379199647,14,1.1534228159526803,0.01,16,non_stationary,1,false,false,false,mixed ADF/KPSS decision; max differencing reached
342,column_342,600,3.423280493340933,1.0,15,3.3896854302259896,0.01,16,non_stationary,1,false,false,false,non-stationary at d=0; max differencing reached
343,column_343,600,-5.4211150633291965,3.057942923385046e-06,17,0.5524706988009267,0.029848941711502992,16,non_stationary,1,false,false,false,mixed ADF/KPSS decision; stationary after differencing
344,column_344,600,-5.780755876852921,5.132609922659306e-07,15,0.6888298294253958,0.014560924597691286,16,non_stationary,1,false,false,false,mixed ADF/KPSS decision; stationary after differencing
345,column_345,600,-2.8505247433779366,0.0514112144132121,14,1.1530955860225527,0.01,16,non_stationary,1,false,false,false,non-stationary at d=0; max differencing reached
346,column_346,600,3.751657004119698,1.0,15,3.4138127501582796,0.01,16,non_stationary,1,false,false,false,non-stationary at d=0; max differencing reached
347,column_347,600,-4.967793751881666,2.5691601833306103e-05,17,0.5588829888857987,0.02840473223292822,16,non_stationary,1,false,false,false,mixed ADF/KPSS decision; max differencing reached
348,column_348,600,-5.761402322778748,5.661208207407054e-07,15,0.681098665246395,0.015263757704873185,16,non_stationary,1,false,false,false,mixed ADF/KPSS decision; stationary after differencing
349,column_349,600,-2.9647645768603894,0.038318551762183364,15,1.1524146759085747,0.01,16,non_stationary,1,false,false,false,mixed ADF/KPSS decision; max differencing reached
350,column_350,600,2.7370068512514085,0.9990880734917844,13,3.413094997484941,0.01,16,non_stationary,1,false,false,false,non-stationary at d=0; stationary after differencing
351,column_351,600,-4.7163264421277935,7.840656785994e-05,18,0.5575632398807332,0.02870197299983486,16,non_stationary,1,false,false,false,mixed ADF/KPSS decision; max differencing reached
352,column_352,600,-6.139941441029621,8.016433647953132e-08,19,0.6863069661712569,0.014790275802613011,16,non_stationary,1,false,false,false,mixed ADF/KPSS decision; stationary after differencing
353,column_353,600,-3.352570394936358,0.012685999899579197,16,1.1509459166958202,0.01,16,non_stationary,1,false,false,false,mixed ADF/KPSS decision; max differencing reached
354,column_354,600,3.2809314834806886,1.0,15,3.40752587456804,0.01,16,non_stationary,1,false,false,false,non-stationary at d=0; stationary after differencing
355,column_355,600,-4.554013880970336,0.00015687020282318442,18,0.5567723031909784,0.028880111893923786,16,non_stationary,1,false,false,false,mixed ADF/KPSS decision; max differencing reached
356,column_356,600,-6.139941441029621,8.016433647953132e-08,19,0.6863069661712569,0.014790275802613011,16,non_stationary,1,false,false,false,mixed ADF/KPSS decision; stationary after differencing
357,column_357,600,-0.5324333594566776,0.8855304475144352,13,1.5853920010982945,0.01,16,non_stationary,1,false,false,false,non-stationary at d=0; stationary after differencing
358,column_358,600,5.531302276888931,1.0,19,2.953045426901719,0.01,16,non_stationary,1,false,false,false,non-stationary at d=0; max differencing reached
359,column_359,600,-1.985390120792487,0.2930155327842967,19,1.0440536887746479,0.01,16,non_stationary,1,false,false,false,non-stationary at d=0; max differencing reached
360,column_360,600,-6.139941441029621,8.016433647953132e-08,19,0.6863069661712569,0.014790275802613011,16,non_stationary,1,false,false,false,mixed ADF/KPSS decision; stationary after differencing
361,column_361,600,-0.4616716861999316,0.8992814978856252,8,1.5974189131949672,0.01,16,non_stationary,1,false,false,false,non-stationary at d=0; stationary after differencing
362,column_362,600,5.088700532519034,1.0,19,2.927205655970202,0.01,16,non_stationary,1,false,false,false,non-stationary at d=0; stationary after differencing
363,column_363,600,-4.063765081294242,0.0011110648635863603,13,1.3406216389464438,0.01,16,non_stationary,1,false,false,false,mixed ADF/KPSS decision; max differencing reached
364,column_364,600,-6.139941441029621,8.016433647953132e-08,19,0.6863069661712569,0.014790275802613011,16,non_stationary,1,false,false,false,mixed ADF/KPSS decision; stationary after differencing
365,column_365,600,-5.0665634278720395,1.635971186357326e-05,8,0.262336202998096,0.1,16,stationary,0,false,false,false,
366,column_366,600,-0.03372461040387569,0.9556526226142157,6,3.330469697833777,0.01,16,non_stationary,1,false,false,false,non-stationary at d=0; stationary after differencing
367,column_367,600,-3.5655849476106556,0.006454098801094636,19,0.9571326804354708,0.01,16,non_stationary,1,false,false,false,mixed ADF/KPSS decision; max differencing reached
368,column_368,600,-6.139941441029621,8.016433647953132e-08,19,0.6863069661712569,0.014790275802613011,16,non_stationary,1,false,false,false,mixed ADF/KPSS decision; stationary after differencing
369,column_369,600,0.32978636289405716,0.978670546172381,19,1.8420801439311354,0.01,15,non_stationary,1,false,false,false,non-stationary at d=0; stationary after differencing
370,column_370,600,-2.0120100366799827,0.2813320713699693,13,3.6278408647790736,0.01,16,non_stationary,1,false,false,false,non-stationary at d=0; stationary after differencing
371,column_371,600,-1.81227294353925,0.37438576615727115,7,0.6923997418111386,0.014236387108078306,16,non_stationary,1,false,false,false,non-stationary at d=0; stationary after differencing
372,column_372,600,-6.139941441029621,8.016433647953132e-08,19,0.6863069661712569,0.014790275802613011,16,non_stationary,1,false,false,false,mixed ADF/KPSS decision; stationary after differencing
373,column_373,600,-0.5194372196539689,0.8881673166471745,8,1.5788604713351537,0.01,16,non_stationary,1,false,false,false,non-stationary at d=0; stationary after differencing
374,column_374,600,4.905444168086096,1.0,13,2.9457749372916013,0.01,16,non_stationary,1,false,false,false,non-stationary at d=0; stationary after differencing
375,column_375,600,-1.8876165771262283,0.337908900262526,5,0.661408752844258,0.017053749741431083,16,non_stationary,1,false,false,false,non-stationary at d=0; stationary after differencing
376,column_376,600,-6.139941441029621,8.016433647953132e-08,19,0.6863069661712569,0.014790275802613011,16,non_stationary,1,false,false,false,mixed ADF/KPSS decision; stationary after differencing
377,column_377,600,-3.662618770653109,0.004670757834729173,17,0.26421050780541044,0.1,16,stationary,0,false,false,false,
378,column_378,600,-0.2084226498656348,0.9375101848863007,5,3.3385338905130935,0.01,16,non_stationary,1,false,false,false,non-stationary at d=0; stationary after differencing
379,column_379,600,-2.169283654628344,0.21758195142240722,18,2.011617262129054,0.01,16,non_stationary,1,false,false,false,non-stationary at d=0; max differencing reached
380,column_380,600,-6.139941441029621,8.016433647953132e-08,19,0.6863069661712569,0.014790275802613011,16,non_stationary,1,false,false,false,mixed ADF/KPSS decision; stationary after differencing
381,column_381,600,-0.5485257613887221,0.8821941698014033,6,1.5914329181274705,0.01,16,non_stationary,1,false,false,false,non-stationary at d=0; stationary after differencing
382,column_382,600,7.045298014839077,1.0,19,2.927323426885199,0.01,16,non_stationary,1,false,false,false,non-stationary at d=0; max differencing reached
383,column_383,600,-1.4323410793194438,0.5666769901842441,19,2.216514353383689,0.01,16,non_stationary,1,false,false,false,non-stationary at d=0; max differencing reached
384,column_384,600,-6.139941441029621,8.016433647953132e-08,19,0.6863069661712569,0.014790275802613011,16,non_stationary,1,false,false,false,mixed ADF/KPSS decision; stationary after differencing
385,column_385,600,-0.656626622369604,0.8576667103373233,6,1.5765681870846793,0.01,16,non_stationary,1,false,false,false,non-stationary at d=0; stationary after differencing
386,column_386,600,4.736852123657354,1.0,14,2.9577318020567005,0.01,16,non_stationary,1,false,false,false,non-stationary at d=0; max differencing reached
387,column_387,600,-2.0427753600773917,0.26813807346692664,17,2.764720823662898,0.01,16,non_stationary,1,false,false,false,non-stationary at d=0; stationary after differencing
388,column_388,600,-6.139941441029621,8.016433647953132e-08,19,0.6863069661712569,0.014790275802613011,16,non_stationary,1,false,false,false,mixed ADF/KPSS decision; stationary after differencing
389,column_389,600,0.029882370762479907,0.9609346659608226,14,2.02248099761745,0.01,15,non_stationary,1,false,false,false,non-stationary at d=0; max differencing reached
390,column_390,600,-1.925155003500231,0.3203214916995937,16,3.6178583076079285,0.01,16,non_stationary,1,false,false,false,non-stationary at d=0; stationary after differencing
391,column_391,600,-1.9842382824941582,0.2935265361102276,19,1.2048289099015643,0.01,16,non_stationary,1,false,false,false,non-stationary at d=0; max differencing reached
392,column_392,600,-5.661823443430976,9.342068791881088e-07,14,0.8613441540079584,0.01,16,non_stationary,1,false,false,false,mixed ADF/KPSS decision; stationary after differencing
393,column_393,600,-3.193383388830017,0.020370883416871825,19,0.26432291315245154,0.1,16,stationary,0,false,false,false,
394,column_394,600,0.0006765667524845229,0.9585880019056717,6,3.3528085748971947,0.01,16,non_stationary,1,false,false,false,non-stationary at d=0; stationary after differencing
395,column_395,600,-5.12617707070106,1.24157677102886e-05,17,0.5359048504493215,0.033579988637540206,16,non_stationary,1,false,false,false,mixed ADF/KPSS decision; max differencing reached
396,column_396,600,-5.661823443430976,9.342068791881088e-07,14,0.8613441540079584,0.01,16,non_stationary,1,false,false,false,mixed ADF/KPSS decision; stationary after differencing
397,column_397,600,-3.536395897069551,0.007100115095215445,18,0.2620801862285336,0.1,16,stationary,0,false,false,false,
398,column_398,600,-0.07148062488777016,0.9522061206436646,14,3.354920379276355,0.01,16,non_stationary,1,false,false,false,non-stationary at d=0; stationary after differencing
399,column_399,600,-5.479661892864158,2.299478755654712e-06,19,0.5548518174176573,0.02931265373476186,16,non_stationary,1,false,false,false,mixed ADF/KPSS decision; stationary after differencing
400,column_400,600,-5.587136466301819,1.354904091435005e-06,14,0.8480298228956377,0.01,16,non_stationary,1,false,false,false,mixed ADF/KPSS decision; stationary after differencing
401,column_401,600,-3.2451282179542558,0.017516644517830332,18,0.27018423168763606,0.1,16,stationary,0,false,false,false,
402,column_402,600,-0.017728284771768934,0.9570411818511658,6,3.3384815068372964,0.01,16,non_stationary,1,false,false,false,non-stationary at d=0; stationary after differencing
403,column_403,600,-4.658710507939925,0.00010053865936300798,15,0.5455285514260653,0.03141248841755286,16,non_stationary,1,false,false,false,mixed ADF/KPSS decision; max differencing reached
404,column_404,600,-6.348972752892739,2.6396584807256864e-08,19,0.6884130953184829,0.014598809516501549,16,non_stationary,1,false,false,false,mixed ADF/KPSS decision; stationary after differencing
405,column_405,600,-3.0057816294949102,0.034357985161743654,14,1.1511400646832708,0.01,16,non_stationary,1,false,false,false,mixed ADF/KPSS decision; max differencing reached
406,column_406,600,2.6877167210738335,0.999086271939267,13,3.4212514279486608,0.01,16,non_stationary,1,false,false,false,non-stationary at d=0; stationary after differencing
407,column_407,600,-1.8247229517432462,0.36825833878422937,18,1.2481958902362136,0.01,16,non_stationary,1,false,false,false,non-stationary at d=0; max differencing reached
408,column_408,600,-5.812446321015173,4.369472088314277e-07,16,0.6852857800739429,0.014883110902368824,16,non_stationary,1,false,false,false,mixed ADF/KPSS decision; stationary after differencing
409,column_409,600,-3.340479461795869,0.013163200364933675,16,1.1541036481760985,0.01,16,non_stationary,1,false,false,false,mixed ADF/KPSS decision; stationary after differencing
410,column_410,600,2.8802085678313545,1.0,15,3.4178336427676133,0.01,16,non_stationary,1,false,false,false,non-stationary at d=0; max differencing reached
411,column_411,600,-4.044950313176589,0.001192590951170923,15,0.5622428902079001,0.0276479977009234,16,non_stationary,1,false,false,false,mixed ADF/KPSS decision; max differencing reached
412,column_412,600,-5.812446321015173,4.369472088314277e-07,16,0.6852857800739429,0.014883110902368824,16,non_stationary,1,false,false,false,mixed ADF/KPSS decision; stationary after differencing
413,column_413,600,-3.320279849222544,0.013995946403541909,16,1.143885564657444,0.01,16,non_stationary,1,false,false,false,mixed ADF/KPSS decision; max differencing reached
414,column_414,600,2.813390724072416,1.0,12,3.4130190372037603,0.01,16,non_stationary,1,false,false,false,non-stationary at d=0; stationary after differencing
415,column_415,600,-5.1830758499599066,9.519189400716575e-06,18,0.559737501607563,0.028212274412711038,16,non_stationary,1,false,false,false,mixed ADF/KPSS decision; max differencing reached
416,column_416,600,-5.812446321015173,4.369472088314277e-07,16,0.6852857800739429,0.014883110902368824,16,non_stationary,1,false,false,false,mixed ADF/KPSS decision; stationary after differencing
417,column_417,600,-3.0198763561048247,0.03307943163538875,16,1.1575601550537704,0.01,16,non_stationary,1,false,false,false,mixed ADF/KPSS decision; max differencing reached
418,column_418,600,3.679807146148064,1.0,15,3.4052625707929374,0.01,16,non_stationary,1,false,false,false,non-stationary at d=0; stationary after differencing
419,column_419,600,-4.10925293100057,0.0009349727595523307,14,0.5611026917918648,0.027904799145976395,16,non_stationary,1,false,false,false,mixed ADF/KPSS decision; max differencing reached
420,column_420,600,-5.812446321015173,4.369472088314277e-07,16,0.6852857800739429,0.014883110902368824,16,non_stationary,1,false,false,false,mixed ADF/KPSS decision; stationary after differencing
421,column_421,600,-3.3986051864239974,0.011006512705970294,16,1.149786099021217,0.01,16,non_stationary,1,false,false,false,mixed ADF/KPSS decision; max differencing reached
422,column_422,600,2.6916287158002064,0.9990865314396643,16,3.4052665337022474,0.01,16,non_stationary,1,false,false,false,non-stationary at d=0; stationary after differencing
423,column_423,600,-4.163276027224534,0.0007598322369361179,17,0.560907649041581,0.027948727693337613,16,non_stationary,1,false,false,false,mixed ADF/KPSS decision; max differencing reached
424,column_424,600,-5.812446321015173,4.369472088314277e-07,16,0.6852857800739429,0.014883110902368824,16,non_stationary,1,false,false,false,mixed ADF/KPSS decision; stationary after differencing
425,column_425,600,-3.8234142182243462,0.0026766392580080214,17,0.2632704270590882,0.1,16,stationary,0,false,false,false,
426,column_426,600,0.18260125520222917,0.971268693358413,6,3.3265325826112764,0.01,16,non_stationary,1,false,false,false,non-stationary at d=0; stationary after differencing
427,column_427,600,-2.5662932714649305,0.10016577474030919,19,1.6593572256895257,0.01,16,non_stationary,1,false,false,false,non-stationary at d=0; max differencing reached
428,column_428,600,-5.812446321015173,4.369472088314277e-07,16,0.6852857800739429,0.014883110902368824,16,non_stationary,1,false,false,false,mixed ADF/KPSS decision; stationary after differencing
429,column_429,600,-3.601977680506351,0.005723331110097996,17,0.2656030061411029,0.1,16,stationary,0,false,false,false,
430,column_430,600,0.03609751751620933,0.9614174480388384,7,3.3398439995732616,0.01,16,non_stationary,1,false,false,false,non-stationary at d=0; stationary after differencing
431,column_431,600,-2.2227909228234717,0.19807788728951786,16,1.7937412445637353,0.01,16,non_stationary,1,false,false,false,non-stationary at d=0; max differencing reached
432,column_432,600,-5.812446321015173,4.369472088314277e-07,16,0.6852857800739429,0.014883110902368824,16,non_stationary,1,false,false,false,mixed ADF/KPSS decision; stationary after differencing
433,column_433,600,-3.0794574121301492,0.02811125780987426,18,0.2655108661763242,0.1,16,stationary,0,false,false,false,
434,column_434,600,0.07716063210917175,0.964466702504556,5,3.333168509785994,0.01,16,non_stationary,1,false,false,false,non-stationary at d=0; stationary after differencing
435,column_435,600,-2.4683804804868723,0.12335844021081532,17,2.0191559364209333,0.01,16,non_stationary,1,false,false,false,non-stationary at d=0; max differencing reached
436,column_436,600,-5.812446321015173,4.369472088314277e-07,16,0.6852857800739429,0.014883110902368824,16,non_stationary,1,false,false,false,mixed ADF/KPSS decision; stationary after differencing
437,column_437,600,-0.6024162927276927,0.8704351084266299,6,1.5911413928241995,0.01,16,non_stationary,1,false,false,false,non-stationary at d=0; stationary after differencing
438,column_438,600,5.459718832339899,1.0,14,2.942841177150236,0.01,16,non_stationary,1,false,false,false,non-stationary at d=0; max differencing reached
439,column_439,600,-1.8201510976620938,0.3705041165989358,19,2.2519792257631996,0.01,16,non_stationary,1,false,false,false,non-stationary at d=0; max differencing reached
440,column_440,600,-5.812446321015173,4.369472088314277e-07,16,0.6852857800739429,0.014883110902368824,16,non_stationary,1,false,false,false,mixed ADF/KPSS decision; stationary after differencing
441,column_441,600,-0.09154114154048602,0.9502745779164827,12,1.842241855694193,0.01,15,non_stationary,1,false,false,false,non-stationary at d=0; stationary after differencing
442,column_442,600,-1.2820537374695193,0.6373422370709839,16,3.6238275195393883,0.01,16,non_stationary,1,false,false,false,non-stationary at d=0; stationary after differencing
443,column_443,600,-2.109291852316415,0.2407947533831754,18,2.180358159309905,0.01,16,non_stationary,1,false,false,false,non-stationary at d=0; max differencing reached
444,column_444,600,-5.812446321015173,4.369472088314277e-07,16,0.6852857800739429,0.014883110902368824,16,non_stationary,1,false,false,false,mixed ADF/KPSS decision; stationary after differencing
445,column_445,600,0.018651079384975296,0.960047605670383,13,1.8781214815706937,0.01,15,non_stationary,1,false,false,false,non-stationary at d=0; stationary after differencing
446,column_446,600,-1.7034566863815668,0.42933237387206763,17,3.6280620384585966,0.01,16,non_stationary,1,false,false,false,non-stationary at d=0; stationary after differencing
447,column_447,600,-1.2274238636217807,0.661688826431094,16,1.1968414328744597,0.01,16,non_stationary,1,false,false,false,non-stationary at d=0; stationary after differencing
448,column_448,600,0.7397404279947906,0.9905984878313445,8,3.1459490337273155,0.01,16,non_stationary,1,false,false,false,non-stationary at d=0; stationary after differencing
449,column_449,600,-0.6574634737539925,0.8574620350415845,6,1.5804982057935122,0.01,16,non_stationary,1,false,false,false,non-stationary at d=0; stationary after differencing
450,column_450,600,5.090643573938692,1.0,13,2.9522911562142795,0.01,16,non_stationary,1,false,false,false,non-stationary at d=0; max differencing reached
451,column_451,600,-1.4331813920649707,0.5662692694228529,6,1.9061959100389279,0.01,16,non_stationary,1,false,false,false,non-stationary at d=0; max differencing reached
452,column_452,600,0.7397404279947906,0.9905984878313445,8,3.1459490337273155,0.01,16,non_stationary,1,false,false,false,non-stationary at d=0; stationary after differencing
453,column_453,600,-0.6037975754303797,0.8701216194122079,6,1.580470747353053,0.01,16,non_stationary,1,false,false,false,non-stationary at d=0; stationary after differencing
454,column_454,600,6.2556210697874395,1.0,19,2.936438937824267,0.01,16,non_stationary,1,false,false,false,non-stationary at d=0; stationary after differencing
455,column_455,600,-1.4826401491355767,0.5420808648501458,18,1.8637440416373077,0.01,16,non_stationary,1,false,false,false,non-stationary at d=0; stationary after differencing
456,column_456,600,0.4960280796842821,0.9847518716990382,6,3.1714189809160924,0.01,16,non_stationary,1,false,false,false,non-stationary at d=0; stationary after differencing
457,column_457,600,-0.503287323446032,0.8913733993713936,7,1.5962528445325213,0.01,16,non_stationary,1,false,false,false,non-stationary at d=0; stationary after differencing
458,column_458,600,4.027886668468816,1.0,11,2.9687209658154967,0.01,16,non_stationary,1,false,false,false,non-stationary at d=0; max differencing reached
459,column_459,600,-1.8320889334558983,0.36465077916328487,18,0.633549741970004,0.019586387093635995,16,non_stationary,1,false,false,false,non-stationary at d=0; max differencing reached
460,column_460,600,1.0529853513490688,0.9947947064737203,9,3.186720223096412,0.01,16,non_stationary,1,false,false,false,non-stationary at d=0; stationary after differencing
461,column_461,600,-0.476821109196781,0.8964608855458067,8,1.5854664467571062,0.01,16,non_stationary,1,false,false,false,non-stationary at d=0; stationary after differencing
462,column_462,600,5.811480232253732,1.0,14,2.9500074667299008,0.01,16,non_stationary,1,false,false,false,non-stationary at d=0; stationary after differencing
463,column_463,600,-1.9426673329123314,0.31226276722582014,15,0.6357237983538337,0.01938874560419693,16,non_stationary,1,false,false,false,non-stationary at d=0; max differencing reached
464,column_464,600,0.8429026607341844,0.9922980637651232,9,3.166364935993195,0.01,16,non_stationary,1,false,false,false,non-stationary at d=0; max differencing reached
465,column_465,600,-0.5539716460612037,0.8810471202283997,7,1.5781250862533935,0.01,16,non_stationary,1,false,false,false,non-stationary at d=0; stationary after differencing
466,column_466,600,6.065014874264357,1.0,17,2.9553111512911574,0.01,16,non_stationary,1,false,false,false,non-stationary at d=0; max differencing reached
467,column_467,600,-3.744248618918108,0.003532097554178471,19,0.8399283644306564,0.01,16,non_stationary,1,false,false,false,mixed ADF/KPSS decision; max differencing reached
468,column_468,600,0.8429026607341844,0.9922980637651232,9,3.166364935993195,0.01,16,non_stationary,1,false,false,false,non-stationary at d=0; max differencing reached
469,column_469,600,-3.5914383605987297,0.005926833297741108,17,0.2656722781784381,0.1,16,stationary,0,false,false,false,
470,column_470,600,0.04805252065282024,0.9623301267812545,7,3.344164915133381,0.01,16,non_stationary,1,false,false,false,non-stationary at d=0; stationary after differencing
471,column_471,600,-5.130968564099215,1.2142170280599195e-05,19,0.46680679142637466,0.04914261454360932,16,non_stationary,1,false,false,false,mixed ADF/KPSS decision; stationary after differencing
472,column_472,600,0.8429026607341844,0.9922980637651232,9,3.166364935993195,0.01,16,non_stationary,1,false,false,false,non-stationary at d=0; max differencing reached
473,column_473,600,-3.2744449028264513,0.01606015566472229,16,1.1504351419420866,0.01,16,non_stationary,1,false,false,false,mixed ADF/KPSS decision; max differencing reached
474,column_474,600,4.229547812242876,1.0,17,3.4082216015647657,0.01,16,non_stationary,1,false,false,false,non-stationary at d=0; stationary after differencing
475,column_475,600,-6.049287374309533,1.2891523692979304e-07,15,0.4626759738625626,0.05013966643855062,16,stationary,0,false,false,false,
476,column_476,600,0.8429026607341844,0.9922980637651232,9,3.166364935993195,0.01,16,non_stationary,1,false,false,false,non-stationary at d=0; max differencing reached
477,column_477,600,-3.329253375647717,0.013620424518527175,16,1.151775518523883,0.01,16,non_stationary,1,false,false,false,mixed ADF/KPSS decision; max differencing reached
478,column_478,600,3.5849498740398613,1.0,14,3.3951613134538103,0.01,16,non_stationary,1,false,false,false,non-stationary at d=0; max differencing reached
479,column_479,600,-4.514583935466649,0.0001850464883370029,18,0.5588245955877336,0.02841788387663658,16,non_stationary,1,false,false,false,mixed ADF/KPSS decision; max differencing reached
480,column_480,600,0.8429026607341844,0.9922980637651232,9,3.166364935993195,0.01,16,non_stationary,1,false,false,false,non-stationary at d=0; max differencing reached
481,column_481,600,-2.853425228727312,0.05103826854833769,13,1.158909463010322,0.01,16,non_stationary,1,false,false,false,non-stationary at d=0; max differencing reached
482,column_482,600,3.682280534898506,1.0,17,3.4177806274104943,0.01,16,non_stationary,1,false,false,false,non-stationary at d=0; stationary after differencing
483,column_483,600,-4.108631678837199,0.0009371909308061234,16,0.5572787651439852,0.02876604388648981,16,non_stationary,1,false,false,false,mixed ADF/KPSS decision; max differencing reached
484,column_484,600,0.8429026607341844,0.9922980637651232,9,3.166364935993195,0.01,16,non_stationary,1,false,false,false,non-stationary at d=0; max differencing reached
485,column_485,600,-2.6212609321228957,0.08868219637496816,14,1.1601887660376278,0.01,16,non_stationary,1,false,false,false,non-stationary at d=0; max differencing reached
486,column_486,600,3.076994108768072,1.0,12,3.396975830631013,0.01,16,non_stationary,1,false,false,false,non-stationary at d=0; stationary after differencing
487,column_487,600,-3.813674229171791,0.0027704677321475865,14,0.5625674643191122,0.02757489542362337,16,non_stationary,1,false,false,false,mixed ADF/KPSS decision; max differencing reached
488,column_488,600,0.8429026607341844,0.9922980637651232,9,3.166364935993195,0.01,16,non_stationary,1,false,false,false,non-stationary at d=0; max differencing reached
489,column_489,600,-2.7640844578541546,0.0635900089591821,13,1.1548324540289396,0.01,16,non_stationary,1,false,false,false,non-stationary at d=0; stationary after differencing
490,column_490,600,2.7487605768259593,1.0,15,3.409412752604919,0.01,16,non_stationary,1,false,false,false,non-stationary at d=0; stationary after differencing
491,column_491,600,-4.695602286984576,8.576819641240377e-05,14,0.5640798981361146,0.02723425717655076,16,non_stationary,1,false,false,false,mixed ADF/KPSS decision; max differencing reached
492,column_492,600,0.8429026607341844,0.9922980637651232,9,3.166364935993195,0.01,16,non_stationary,1,false,false,false,non-stationary at d=0; max differencing reached
493,column_493,600,-0.6013659054591627,0.8706730894035113,6,1.5910343794798814,0.01,16,non_stationary,1,false,false,false,non-stationary at d=0; stationary after differencing
494,column_494,600,5.843957931296093,1.0,19,2.945727866265032,0.01,16,non_stationary,1,false,false,false,non-stationary at d=0; stationary after differencing
495,column_495,600,-2.3615326587961643,0.15288908412072927,19,2.242996409035159,0.01,16,non_stationary,1,false,false,false,non-stationary at d=0; max differencing reached
496,column_496,600,0.8429026607341844,0.9922980637651232,9,3.166364935993195,0.01,16,non_stationary,1,false,false,false,non-stationary at d=0; max differencing reached
497,column_497,600,0.14258529981048518,0.9688511643531378,12,2.012260924778859,0.01,15,non_stationary,1,false,false,false,non-stationary at d=0; stationary after differencing
498,column_498,600,-1.1820610298689618,0.6812646110672644,11,3.6262636029424726,0.01,16,non_stationary,1,false,false,false,non-stationary at d=0; stationary after differencing
499,column_499,600,-2.403929963306422,0.14063027652690746,17,2.1437016916617693,0.01,16,non_stationary,1,false,false,false,non-stationary at d=0; max differencing reached
500,column_500,600,0.8429026607341844,0.9922980637651232,9,3.166364935993195,0.01,16,non_stationary,1,false,false,false,non-stationary at d=0; max differencing reached
501,column_501,600,0.508856672697805,0.9851398162645678,15,1.8498254288993976,0.01,15,non_stationary,1,false,false,false,non-stationary at d=0; stationary after differencing
502,column_502,600,-2.2743850429960926,0.18036241762586708,19,3.6233634269950046,0.01,16,non_stationary,1,false,false,false,non-stationary at d=0; stationary after differencing
503,column_503,600,-1.3285041832463154,0.616032845300781,18,1.1959610022427785,0.01,16,non_stationary,1,false,false,false,non-stationary at d=0; max differencing reached
504,column_504,600,-0.8222346533879228,0.8125034041118663,17,3.5917404721443242,0.01,15,non_stationary,1,false,false,false,non-stationary at d=0; stationary after differencing
505,column_505,600,0.613540028184292,0.9879446560069467,17,1.8646649512203461,0.01,15,non_stationary,1,false,false,false,non-stationary at d=0; stationary after differencing
506,column_506,600,-1.5606069634305,0.5033457215320549,19,3.6297464816504506,0.01,16,non_stationary,1,false,false,false,non-stationary at d=0; stationary after differencing
507,column_507,600,-1.5855048927613065,0.4908706828825749,5,1.8707652755353215,0.01,16,non_stationary,1,false,false,false,non-stationary at d=0; stationary after differencing
508,column_508,600,-0.8222346533879228,0.8125034041118663,17,3.5917404721443242,0.01,15,non_stationary,1,false,false,false,non-stationary at d=0; stationary after differencing
509,column_509,600,0.7551400781425252,0.9908764265874318,17,2.0393658058383464,0.01,15,non_stationary,1,false,false,false,non-stationary at d=0; stationary after differencing
510,column_510,600,-1.7218606630812927,0.41988585501211895,14,3.620497249522068,0.01,16,non_stationary,1,false,false,false,non-stationary at d=0; stationary after differencing
511,column_511,600,-1.6043799278339426,0.4813929446208742,6,1.8807386276937819,0.01,16,non_stationary,1,false,false,false,non-stationary at d=0; stationary after differencing
512,column_512,600,0.05322783895959294,0.9627187914186046,19,3.6468209782450676,0.01,15,non_stationary,1,false,false,false,non-stationary at d=0; stationary after differencing
513,column_513,600,0.11813177102671968,0.9672774520007794,12,1.945335203394281,0.01,15,non_stationary,1,false,false,false,non-stationary at d=0; stationary after differencing
514,column_514,600,-1.8133589192890325,0.3738498201905332,17,3.6246892399398742,0.01,16,non_stationary,1,false,false,false,non-stationary at d=0; stationary after differencing
515,column_515,600,-1.776229991492021,0.3923250519880362,18,0.6322545605754003,0.019704130856781788,16,non_stationary,1,false,false,false,non-stationary at d=0; max differencing reached
516,column_516,600,-0.23510820144937528,0.9342053675188069,19,3.734759628313935,0.01,15,non_stationary,1,false,false,false,non-stationary at d=0; stationary after differencing
517,column_517,600,-0.2745044656616598,0.9290384480007982,12,1.8537975974399046,0.01,16,non_stationary,1,false,false,false,non-stationary at d=0; stationary after differencing
518,column_518,600,-1.4925704960242305,0.5371833544792828,11,3.6156170745204896,0.01,16,non_stationary,1,false,false,false,non-stationary at d=0; stationary after differencing
519,column_519,600,-1.7927257080220558,0.3840791114307234,19,0.6328044738146645,0.019654138744121405,16,non_stationary,1,false,false,false,non-stationary at d=0; max differencing reached
520,column_520,600,-0.20629231626418082,0.9377674221322347,15,3.71206914311887,0.01,15,non_stationary,1,false,false,false,non-stationary at d=0; stationary after differencing
521,column_521,600,0.2835408164928376,0.9765766185707186,15,1.9596386978776805,0.01,15,non_stationary,1,false,false,false,non-stationary at d=0; stationary after differencing
522,column_522,600,-1.779201295666412,0.39083546093075194,14,3.623911077942037,0.01,16,non_stationary,1,false,false,false,non-stationary at d=0; stationary after differencing
523,column_523,600,-3.7773870802368203,0.0031473356781711362,19,0.8413618131864512,0.01,16,non_stationary,1,false,false,false,mixed ADF/KPSS decision; max differencing reached
524,column_524,600,-0.20629231626418082,0.9377674221322347,15,3.71206914311887,0.01,15,non_stationary,1,false,false,false,non-stationary at d=0; stationary after differencing
525,column_525,600,-3.3108657689644785,0.01439970596339438,17,0.25876544353017006,0.1,16,stationary,0,false,false,false,
526,column_526,600,-0.09916846578584942,0.9495212945632435,6,3.339272245666342,0.01,16,non_stationary,1,false,false,false,non-stationary at d=0; stationary after differencing
527,column_527,600,-5.631900041753983,1.0847034912743868e-06,18,0.4613949688064475,0.05069182379032437,16,stationary,0,false,false,false,
528,column_528,600,-0.20629231626418082,0.9377674221322347,15,3.71206914311887,0.01,15,non_stationary,1,false,false,false,non-stationary at d=0; stationary after differencing
529,column_529,600,-0.5791981189012868,0.8756134634390456,6,1.5924550539060442,0.01,16,non_stationary,1,false,false,false,non-stationary at d=0; stationary after differencing
530,column_530,600,7.642012857629955,1.0,19,2.9428643103472885,0.01,16,non_stationary,1,false,false,false,non-stationary at d=0; max differencing reached
531,column_531,600,-5.400270561014357,3.38277459981559e-06,13,0.4673150493777703,0.04902814203203373,16,non_stationary,1,false,false,false,mixed ADF/KPSS decision; max differencing reached
532,column_532,600,-0.20629231626418082,0.9377674221322347,15,3.71206914311887,0.01,15,non_stationary,1,false,false,false,non-stationary at d=0; stationary after differencing
533,column_533,600,-2.824133458102031,0.05490830861031415,13,1.1532822482139269,0.01,16,non_stationary,1,false,false,false,non-stationary at d=0; stationary after differencing
534,column_534,600,3.3305300791846597,1.0,17,3.404042207727072,0.01,16,non_stationary,1,false,false,false,non-stationary at d=0; stationary after differencing
535,column_535,600,-1.9730887531731847,0.298495943664319,17,0.6352396622252902,0.019432757979519075,16,non_stationary,1,false,false,false,non-stationary at d=0; max differencing reached
536,column_536,600,-0.20629231626418082,0.9377674221322347,15,3.71206914311887,0.01,15,non_stationary,1,false,false,false,non-stationary at d=0; stationary after differencing
537,column_537,600,-3.3022941300161746,0.014776237738064373,18,1.1457177115396393,0.01,16,non_stationary,1,false,false,false,mixed ADF/KPSS decision; max differencing reached
538,column_538,600,5.402576908164896,1.0,13,2.9352051712553506,0.01,16,non_stationary,1,false,false,false,non-stationary at d=0; max differencing reached
539,column_539,600,-4.091437352605533,0.0010005741761772292,16,0.5716381268366547,0.02553195341516785,16,non_stationary,1,false,false,false,mixed ADF/KPSS decision; max differencing reached
540,column_540,600,-0.20629231626418082,0.9377674221322347,15,3.71206914311887,0.01,15,non_stationary,1,false,false,false,non-stationary at d=0; stationary after differencing
541,column_541,600,-3.6321235776156375,0.005175771289259818,18,1.1505768484233374,0.01,16,non_stationary,1,false,false,false,mixed ADF/KPSS decision; max differencing reached
542,column_542,600,3.731920010727246,1.0,19,3.405963887377529,0.01,16,non_stationary,1,false,false,false,non-stationary at d=0; stationary after differencing
543,column_543,600,-4.486492536660953,0.00020799113979801337,17,0.556916437718918,0.02884764916240586,16,non_stationary,1,false,false,false,mixed ADF/KPSS decision; max differencing reached
544,column_544,600,-0.20629231626418082,0.9377674221322347,15,3.71206914311887,0.01,15,non_stationary,1,false,false,false,non-stationary at d=0; stationary after differencing
545,column_545,600,-3.0994303396508247,0.026595374632485628,15,1.1491756423452024,0.01,16,non_stationary,1,false,false,false,mixed ADF/KPSS decision; max differencing reached
546,column_546,600,3.273716852498539,1.0,16,3.4234573410545095,0.01,16,non_stationary,1,false,false,false,non-stationary at d=0; stationary after differencing
547,column_547,600,-4.081220803622877,0.0010401122468695282,16,0.5630102486507591,0.027475169222801996,16,non_stationary,1,false,false,false,mixed ADF/KPSS decision; max differencing reached
548,column_548,600,-0.20629231626418082,0.9377674221322347,15,3.71206914311887,0.01,15,non_stationary,1,false,false,false,non-stationary at d=0; stationary after differencing
549,column_549,600,-0.655707134375131,0.8578913284874272,6,1.5761247817267532,0.01,16,non_stationary,1,false,false,false,non-stationary at d=0; stationary after differencing
550,column_550,600,5.196803091078365,1.0,15,2.931837496610216,0.01,16,non_stationary,1,false,false,false,non-stationary at d=0; stationary after differencing
551,column_551,600,-1.7401178712137075,0.4105700067842797,17,2.766255496955442,0.01,16,non_stationary,1,false,false,false,non-stationary at d=0; stationary after differencing
552,column_552,600,-0.20629231626418082,0.9377674221322347,15,3.71206914311887,0.01,15,non_stationary,1,false,false,false,non-stationary at d=0; stationary after differencing
553,column_553,600,-0.28408843512590126,0.9277278495858863,10,1.8824469797490742,0.01,15,non_stationary,1,false,false,false,non-stationary at d=0; max differencing reached
554,column_554,600,-2.046979987864597,0.2663612154316468,14,3.6213030539630773,0.01,16,non_stationary,1,false,false,false,non-stationary at d=0; stationary after differencing
555,column_555,600,-2.1487479628738497,0.22536964720293307,19,2.1431030685828003,0.01,16,non_stationary,1,false,false,false,non-stationary at d=0; max differencing reached
556,column_556,600,-0.20629231626418082,0.9377674221322347,15,3.71206914311887,0.01,15,non_stationary,1,false,false,false,non-stationary at d=0; stationary after differencing
557,column_557,600,-0.06412718153186957,0.9528964433365192,17,1.7822363330416868,0.01,15,non_stationary,1,false,false,false,non-stationary at d=0; stationary after differencing
558,column_558,600,-1.9608001320860136,0.30402081376067897,19,3.625440044754571,0.01,16,non_stationary,1,false,false,false,non-stationary at d=0; stationary after differencing
559,column_559,600,-1.6929063998839076,0.4347709693102143,19,1.206182471546217,0.01,16,non_stationary,1,false,false,false,non-stationary at d=0; max differencing reached
